--
-- PostgreSQL database dump
--

-- Dumped from database version 17.4 (Debian 17.4-1.pgdg120+2)
-- Dumped by pg_dump version 17.4 (Debian 17.4-1.pgdg120+2)

SET statement_timeout = 0;
SET lock_timeout = 0;
SET idle_in_transaction_session_timeout = 0;
SET transaction_timeout = 0;
SET client_encoding = 'UTF8';
SET standard_conforming_strings = on;
SELECT pg_catalog.set_config('search_path', '', false);
SET check_function_bodies = false;
SET xmloption = content;
SET client_min_messages = warning;
SET row_security = off;

SET default_tablespace = '';

SET default_table_access_method = heap;

--
-- Name: admin_roles; Type: TABLE; Schema: public; Owner: postgres
--

CREATE TABLE public.admin_roles (
    identifier integer NOT NULL,
    name text NOT NULL,
    description text NOT NULL
);


ALTER TABLE public.admin_roles OWNER TO postgres;

--
-- Name: admin_roles_identifier_seq; Type: SEQUENCE; Schema: public; Owner: postgres
--

CREATE SEQUENCE public.admin_roles_identifier_seq
    AS integer
    START WITH 1
    INCREMENT BY 1
    NO MINVALUE
    NO MAXVALUE
    CACHE 1;


ALTER SEQUENCE public.admin_roles_identifier_seq OWNER TO postgres;

--
-- Name: admin_roles_identifier_seq; Type: SEQUENCE OWNED BY; Schema: public; Owner: postgres
--

ALTER SEQUENCE public.admin_roles_identifier_seq OWNED BY public.admin_roles.identifier;


--
-- Name: admin_users; Type: TABLE; Schema: public; Owner: postgres
--

CREATE TABLE public.admin_users (
    identifier integer NOT NULL,
    username text NOT NULL,
    password_hash text NOT NULL,
    active boolean DEFAULT false NOT NULL,
    email text NOT NULL
);


ALTER TABLE public.admin_users OWNER TO postgres;

--
-- Name: admin_users_identifier_seq; Type: SEQUENCE; Schema: public; Owner: postgres
--

CREATE SEQUENCE public.admin_users_identifier_seq
    AS integer
    START WITH 1
    INCREMENT BY 1
    NO MINVALUE
    NO MAXVALUE
    CACHE 1;


ALTER SEQUENCE public.admin_users_identifier_seq OWNER TO postgres;

--
-- Name: admin_users_identifier_seq; Type: SEQUENCE OWNED BY; Schema: public; Owner: postgres
--

ALTER SEQUENCE public.admin_users_identifier_seq OWNED BY public.admin_users.identifier;


--
-- Name: admin_users_with_roles; Type: TABLE; Schema: public; Owner: postgres
--

CREATE TABLE public.admin_users_with_roles (
    user_id integer NOT NULL,
    role_id integer NOT NULL
);


ALTER TABLE public.admin_users_with_roles OWNER TO postgres;

--
-- Name: article; Type: TABLE; Schema: public; Owner: postgres
--

CREATE TABLE public.article (
    identifier text NOT NULL,
    active boolean DEFAULT false NOT NULL,
    author_id integer NOT NULL,
    img_id integer,
    audio_id integer
);


ALTER TABLE public.article OWNER TO postgres;

--
-- Name: article_category; Type: TABLE; Schema: public; Owner: postgres
--

CREATE TABLE public.article_category (
    article_id text NOT NULL,
    category_id text NOT NULL
);


ALTER TABLE public.article_category OWNER TO postgres;

--
-- Name: article_translates; Type: TABLE; Schema: public; Owner: postgres
--

CREATE TABLE public.article_translates (
    article_id text NOT NULL,
    language text NOT NULL,
    name text NOT NULL,
    description text NOT NULL,
    created_at timestamp without time zone DEFAULT CURRENT_TIMESTAMP NOT NULL,
    updated_at timestamp without time zone DEFAULT CURRENT_TIMESTAMP NOT NULL,
    short_description text NOT NULL
);


ALTER TABLE public.article_translates OWNER TO postgres;

--
-- Name: audio; Type: TABLE; Schema: public; Owner: postgres
--

CREATE TABLE public.audio (
    identifier integer NOT NULL,
    active boolean DEFAULT false NOT NULL,
    name text NOT NULL
);


ALTER TABLE public.audio OWNER TO postgres;

--
-- Name: audio_identifier_seq; Type: SEQUENCE; Schema: public; Owner: postgres
--

CREATE SEQUENCE public.audio_identifier_seq
    AS integer
    START WITH 1
    INCREMENT BY 1
    NO MINVALUE
    NO MAXVALUE
    CACHE 1;


ALTER SEQUENCE public.audio_identifier_seq OWNER TO postgres;

--
-- Name: audio_identifier_seq; Type: SEQUENCE OWNED BY; Schema: public; Owner: postgres
--

ALTER SEQUENCE public.audio_identifier_seq OWNED BY public.audio.identifier;


--
-- Name: audio_translates; Type: TABLE; Schema: public; Owner: postgres
--

CREATE TABLE public.audio_translates (
    audio_id integer NOT NULL,
    language text NOT NULL,
    description text NOT NULL,
    path text NOT NULL
);


ALTER TABLE public.audio_translates OWNER TO postgres;

--
-- Name: author; Type: TABLE; Schema: public; Owner: postgres
--

CREATE TABLE public.author (
    identifier integer NOT NULL,
    name text NOT NULL,
    active boolean DEFAULT false NOT NULL
);


ALTER TABLE public.author OWNER TO postgres;

--
-- Name: author_identifier_seq; Type: SEQUENCE; Schema: public; Owner: postgres
--

CREATE SEQUENCE public.author_identifier_seq
    AS integer
    START WITH 1
    INCREMENT BY 1
    NO MINVALUE
    NO MAXVALUE
    CACHE 1;


ALTER SEQUENCE public.author_identifier_seq OWNER TO postgres;

--
-- Name: author_identifier_seq; Type: SEQUENCE OWNED BY; Schema: public; Owner: postgres
--

ALTER SEQUENCE public.author_identifier_seq OWNED BY public.author.identifier;


--
-- Name: author_translates; Type: TABLE; Schema: public; Owner: postgres
--

CREATE TABLE public.author_translates (
    author_id integer NOT NULL,
    language text NOT NULL,
    description text
);


ALTER TABLE public.author_translates OWNER TO postgres;

--
-- Name: banner; Type: TABLE; Schema: public; Owner: postgres
--

CREATE TABLE public.banner (
    identifier integer NOT NULL,
    active boolean DEFAULT false NOT NULL,
    name text NOT NULL,
    img_id integer NOT NULL,
    priority integer NOT NULL
);


ALTER TABLE public.banner OWNER TO postgres;

--
-- Name: banner_identifier_seq; Type: SEQUENCE; Schema: public; Owner: postgres
--

CREATE SEQUENCE public.banner_identifier_seq
    AS integer
    START WITH 1
    INCREMENT BY 1
    NO MINVALUE
    NO MAXVALUE
    CACHE 1;


ALTER SEQUENCE public.banner_identifier_seq OWNER TO postgres;

--
-- Name: banner_identifier_seq; Type: SEQUENCE OWNED BY; Schema: public; Owner: postgres
--

ALTER SEQUENCE public.banner_identifier_seq OWNED BY public.banner.identifier;


--
-- Name: category; Type: TABLE; Schema: public; Owner: postgres
--

CREATE TABLE public.category (
    identifier text NOT NULL,
    active boolean DEFAULT false NOT NULL
);


ALTER TABLE public.category OWNER TO postgres;

--
-- Name: category_translates; Type: TABLE; Schema: public; Owner: postgres
--

CREATE TABLE public.category_translates (
    category_id text NOT NULL,
    language text NOT NULL,
    name text NOT NULL,
    description text NOT NULL
);


ALTER TABLE public.category_translates OWNER TO postgres;

--
-- Name: img; Type: TABLE; Schema: public; Owner: postgres
--

CREATE TABLE public.img (
    identifier integer NOT NULL,
    name text NOT NULL,
    author_id integer NOT NULL,
    path text NOT NULL,
    active boolean DEFAULT false NOT NULL
);


ALTER TABLE public.img OWNER TO postgres;

--
-- Name: img_cache; Type: TABLE; Schema: public; Owner: postgres
--

CREATE TABLE public.img_cache (
    key text NOT NULL,
    data text NOT NULL,
    type text NOT NULL,
    created_at timestamp without time zone DEFAULT CURRENT_TIMESTAMP NOT NULL,
    CONSTRAINT img_cache_type_check CHECK ((type = 'webp'::text))
);


ALTER TABLE public.img_cache OWNER TO postgres;

--
-- Name: img_identifier_seq; Type: SEQUENCE; Schema: public; Owner: postgres
--

CREATE SEQUENCE public.img_identifier_seq
    AS integer
    START WITH 1
    INCREMENT BY 1
    NO MINVALUE
    NO MAXVALUE
    CACHE 1;


ALTER SEQUENCE public.img_identifier_seq OWNER TO postgres;

--
-- Name: img_identifier_seq; Type: SEQUENCE OWNED BY; Schema: public; Owner: postgres
--

ALTER SEQUENCE public.img_identifier_seq OWNED BY public.img.identifier;


--
-- Name: img_translates; Type: TABLE; Schema: public; Owner: postgres
--

CREATE TABLE public.img_translates (
    img_id integer NOT NULL,
    language text NOT NULL,
    description text NOT NULL
);


ALTER TABLE public.img_translates OWNER TO postgres;

--
-- Name: language; Type: TABLE; Schema: public; Owner: postgres
--

CREATE TABLE public.language (
    identifier text NOT NULL,
    active boolean DEFAULT false NOT NULL
);


ALTER TABLE public.language OWNER TO postgres;

--
-- Name: links; Type: TABLE; Schema: public; Owner: postgres
--

CREATE TABLE public.links (
    link_id integer NOT NULL,
    path text[]
);


ALTER TABLE public.links OWNER TO postgres;

--
-- Name: links_link_id_seq; Type: SEQUENCE; Schema: public; Owner: postgres
--

CREATE SEQUENCE public.links_link_id_seq
    AS integer
    START WITH 1
    INCREMENT BY 1
    NO MINVALUE
    NO MAXVALUE
    CACHE 1;


ALTER SEQUENCE public.links_link_id_seq OWNER TO postgres;

--
-- Name: links_link_id_seq; Type: SEQUENCE OWNED BY; Schema: public; Owner: postgres
--

ALTER SEQUENCE public.links_link_id_seq OWNED BY public.links.link_id;


--
-- Name: links_translates; Type: TABLE; Schema: public; Owner: postgres
--

CREATE TABLE public.links_translates (
    link_id integer NOT NULL,
    language text NOT NULL,
    name text NOT NULL,
    description text NOT NULL
);


ALTER TABLE public.links_translates OWNER TO postgres;

--
-- Name: translate_entities; Type: TABLE; Schema: public; Owner: postgres
--

CREATE TABLE public.translate_entities (
    key text NOT NULL,
    language text NOT NULL,
    phrase text NOT NULL
);


ALTER TABLE public.translate_entities OWNER TO postgres;

--
-- Name: translate_keys; Type: TABLE; Schema: public; Owner: postgres
--

CREATE TABLE public.translate_keys (
    identifier text NOT NULL
);


ALTER TABLE public.translate_keys OWNER TO postgres;

--
-- Name: admin_roles identifier; Type: DEFAULT; Schema: public; Owner: postgres
--

ALTER TABLE ONLY public.admin_roles ALTER COLUMN identifier SET DEFAULT nextval('public.admin_roles_identifier_seq'::regclass);


--
-- Name: admin_users identifier; Type: DEFAULT; Schema: public; Owner: postgres
--

ALTER TABLE ONLY public.admin_users ALTER COLUMN identifier SET DEFAULT nextval('public.admin_users_identifier_seq'::regclass);


--
-- Name: audio identifier; Type: DEFAULT; Schema: public; Owner: postgres
--

ALTER TABLE ONLY public.audio ALTER COLUMN identifier SET DEFAULT nextval('public.audio_identifier_seq'::regclass);


--
-- Name: author identifier; Type: DEFAULT; Schema: public; Owner: postgres
--

ALTER TABLE ONLY public.author ALTER COLUMN identifier SET DEFAULT nextval('public.author_identifier_seq'::regclass);


--
-- Name: banner identifier; Type: DEFAULT; Schema: public; Owner: postgres
--

ALTER TABLE ONLY public.banner ALTER COLUMN identifier SET DEFAULT nextval('public.banner_identifier_seq'::regclass);


--
-- Name: img identifier; Type: DEFAULT; Schema: public; Owner: postgres
--

ALTER TABLE ONLY public.img ALTER COLUMN identifier SET DEFAULT nextval('public.img_identifier_seq'::regclass);


--
-- Name: links link_id; Type: DEFAULT; Schema: public; Owner: postgres
--

ALTER TABLE ONLY public.links ALTER COLUMN link_id SET DEFAULT nextval('public.links_link_id_seq'::regclass);


--
-- Data for Name: admin_roles; Type: TABLE DATA; Schema: public; Owner: postgres
--

COPY public.admin_roles (identifier, name, description) FROM stdin;
1	ADMIN_ROOT	Can do anything
2	ADMIN_LOGIN	Can login into
\.


--
-- Data for Name: admin_users; Type: TABLE DATA; Schema: public; Owner: postgres
--

COPY public.admin_users (identifier, username, password_hash, active, email) FROM stdin;
2	admin2	$2y$10$imdQM8v2LJ.G2la8xIcSSuyypMX8UWf63JncAgIAdJzI2Ioe/Wk2K	t	admin2@example.com
1	admin	$2y$12$q/QW6ASrN4ist4/csSjXreOTthlkqUgJdCMJpO75tZnkL/o5GCfqC	t	admin@example.com
\.


--
-- Data for Name: admin_users_with_roles; Type: TABLE DATA; Schema: public; Owner: postgres
--

COPY public.admin_users_with_roles (user_id, role_id) FROM stdin;
1	1
2	2
\.


--
-- Data for Name: article; Type: TABLE DATA; Schema: public; Owner: postgres
--

COPY public.article (identifier, active, author_id, img_id, audio_id) FROM stdin;
laws-and-regulations-governing-the-field-of-military-law	t	1	99	57
Restrictions-on-the-right-to-drive-a-vehicle-during-mobilization	t	1	95	53
zakon-pro-dorojniy-ruh-ukraini	t	1	91	49
amendments-resolution-no-76-27.01.23	t	1	100	58
using-a-video-recorder	t	1	92	50
document-verification-for-drivers	t	1	2	2
grounds-for-stopping-a-vehicle-by-police-officers	t	1	93	51
сode-of-administrative-procedure-of-ukraine	t	1	94	52
simplification-of-the-drivers-license-examination-process	t	1	1	1
evidence-in-administrative-offense-cases-key-aspects	t	1	3	3
сircumstances-that-are-not-a-valid-reason-for-missing-a-procedural-deadline	t	1	96	54
increase-fines-for-speeding-violations-2025	t	1	87	46
administrative-detention	t	1	97	55
the-importance-of-seat-belts-when-driving-a-car	t	1	89	47
evidence-in-administrative-law	t	1	98	56
entering-a-road-with-a-lane-for-route-vehicles	t	1	90	48
\.


--
-- Data for Name: article_category; Type: TABLE DATA; Schema: public; Owner: postgres
--

COPY public.article_category (article_id, category_id) FROM stdin;
zakon-pro-dorojniy-ruh-ukraini	traffic
zakon-pro-dorojniy-ruh-ukraini	traffic-legal-framework
using-a-video-recorder	traffic
using-a-video-recorder	traffic-common-mistakes
document-verification-for-drivers	traffic
document-verification-for-drivers	traffic-legislative-changes
evidence-in-administrative-offense-cases-key-aspects	administrative-process
grounds-for-stopping-a-vehicle-by-police-officers	traffic
grounds-for-stopping-a-vehicle-by-police-officers	traffic-vehicle-stop
сode-of-administrative-procedure-of-ukraine	administrative-process
сode-of-administrative-procedure-of-ukraine	administrative-process-legal-framework
simplification-of-the-drivers-license-examination-process	traffic
increase-fines-for-speeding-violations-2025	traffic
increase-fines-for-speeding-violations-2025	traffic-legislative-changes
сircumstances-that-are-not-a-valid-reason-for-missing-a-procedural-deadline	administrative-process
сircumstances-that-are-not-a-valid-reason-for-missing-a-procedural-deadline	administrative-process-consultations
administrative-detention	administrative-process
administrative-detention	administrative-process-administrative-detention
the-importance-of-seat-belts-when-driving-a-car	traffic
the-importance-of-seat-belts-when-driving-a-car	traffic-consultations
evidence-in-administrative-law	administrative-process
evidence-in-administrative-law	evidence
laws-and-regulations-governing-the-field-of-military-law	military-law
laws-and-regulations-governing-the-field-of-military-law	military-law-legal-framework
entering-a-road-with-a-lane-for-route-vehicles	traffic
entering-a-road-with-a-lane-for-route-vehicles	traffic-judicial-practice
Restrictions-on-the-right-to-drive-a-vehicle-during-mobilization	administrative-process
Restrictions-on-the-right-to-drive-a-vehicle-during-mobilization	administrative-process-legislative-changes
Restrictions-on-the-right-to-drive-a-vehicle-during-mobilization	military-law
Restrictions-on-the-right-to-drive-a-vehicle-during-mobilization	military-law-legislative-changes
amendments-resolution-no-76-27.01.23	military-law
amendments-resolution-no-76-27.01.23	military-law-legislative-changes
\.


--
-- Data for Name: article_translates; Type: TABLE DATA; Schema: public; Owner: postgres
--

COPY public.article_translates (article_id, language, name, description, created_at, updated_at, short_description) FROM stdin;
evidence-in-administrative-law	en	Evidence in administrative law	<p>In the system of administrative justice, evidence plays a crucial role in establishing the factual circumstances of a case. It forms the basis for lawful and well-reasoned judicial decisions. Evidence is defined as any factual data on which the court determines the presence or absence of circumstances relevant to the case.</p>\r\n\r\n<h2>Definition of Evidence</h2>\r\n<p>According to the Code of Administrative Procedure of Ukraine (CAPU), evidence can include any legally admissible means that confirm or refute the claims of the parties. The court evaluates the evidence based on its own internal conviction, guided by the law, logic, and the principle of fairness.</p>\r\n\r\n<h2>Types of Evidence</h2>\r\n<p>CAPU defines several main types of evidence:</p>\r\n<ul>\r\n  <li>Written evidence — official documents, certificates, reports, contracts, correspondence, etc.</li>\r\n  <li>Material evidence — physical objects that may confirm or disprove specific facts (e.g., damaged goods, video recordings).</li>\r\n  <li>Explanations of the parties and third persons — oral or written statements by the claimant, defendant, or third parties concerning the case.</li>\r\n  <li>Witness testimony — information provided by persons who are aware of the circumstances of the case.</li>\r\n  <li>Expert conclusions — specialized knowledge obtained through expert examinations (e.g., economic, technical, linguistic expertise).</li>\r\n</ul>\r\n\r\n<h2>Submission of Evidence</h2>\r\n<p>Participants in the case have the right to submit evidence in support of their claims or objections. According to procedural rules, evidence must be submitted along with the administrative claim or during the trial within the deadlines set by the court.</p>\r\n\r\n<p>The court also has the right to request evidence on its own initiative if it is necessary for the correct resolution of the dispute.</p>\r\n\r\n<h2>Evaluation of Evidence</h2>\r\n<p>The court evaluates evidence based on the following principles:</p>\r\n<ul>\r\n  <li>sufficiency — there must be enough evidence to establish the facts of the case;</li>\r\n  <li>credibility — the evidence must be reliable and verifiable;</li>\r\n  <li>interconnection — individual pieces of evidence are considered in conjunction, not in isolation.</li>\r\n</ul>\r\n\r\n<p>No piece of evidence has predetermined weight. Even an official document may be challenged or deemed inadmissible if obtained in violation of the law.</p>\r\n\r\n<h2>Admissibility of Evidence</h2>\r\n<p>Admissibility means the evidence must be obtained in a lawful manner. For example, an audio recording of a conversation made without the other party’s knowledge may be ruled inadmissible if it was obtained in violation of individual rights or without proper authorization.</p>\r\n\r\n<h2>Storage and Examination of Evidence</h2>\r\n<p>Evidence submitted by the parties is added to the case file and kept in court until the case is resolved. During the hearing, the court examines each piece of evidence separately: reviewing documents, listening to statements, questioning witnesses, and analyzing expert conclusions.</p>\r\n	2025-06-28 18:17:49	2025-06-28 18:24:51	A general article on the topic of evidence in administrative law, its importance. Start with it.
evidence-in-administrative-law	uk	Докази в адміністративному праві	<p>У системі адміністративного судочинства докази відіграють ключову роль у встановленні фактичних обставин справи. Вони є основою для прийняття законного та обґрунтованого рішення судом. Докази визначаються як будь-які фактичні дані, на підставі яких суд встановлює наявність або відсутність обставин, що мають значення для справи.</p>\r\n\r\n<h2>Поняття доказів</h2>\r\n<p>Згідно з Кодексом адміністративного судочинства України (КАСУ), доказами можуть бути будь-які допустимі за законом засоби, що підтверджують або спростовують доводи сторін. Суд оцінює докази за своїм внутрішнім переконанням, керуючись законом, логікою та принципом справедливості.</p>\r\n\r\n<h2>Види доказів</h2>\r\n<p>КАСУ передбачає декілька основних видів доказів:</p>\r\n<ul>\r\n  <li>Письмові докази — офіційні документи, довідки, акти, договори, листування тощо.</li>\r\n  <li>Речові докази — матеріальні об’єкти, які можуть підтвердити або спростувати певні обставини (наприклад, зіпсовані товари, відеозаписи).</li>\r\n  <li>Пояснення сторін і третіх осіб — усні або письмові заяви позивача, відповідача або третіх осіб щодо обставин справи.</li>\r\n  <li>Свідчення свідків — інформація, отримана від осіб, які мають знання про обставини справи.</li>\r\n  <li>Висновки експертів — спеціальні знання, залучені шляхом експертизи (наприклад, економічна, технічна, лінгвістична експертиза).</li>\r\n</ul>\r\n\r\n<h2>Подання доказів</h2>\r\n<p>Учасники справи мають право подавати докази на підтвердження своїх вимог або заперечень. Згідно з процесуальними нормами, докази подаються разом з адміністративним позовом або під час розгляду справи у строки, визначені судом.</p>\r\n\r\n<p>Суд також має право витребувати докази за власною ініціативою, якщо це необхідно для правильного вирішення спору.</p>\r\n\r\n<h2>Оцінка доказів</h2>\r\n<p>Оцінка доказів здійснюється судом на засадах:</p>\r\n<ul>\r\n  <li>достатності — доказів має бути достатньо для встановлення обставин справи;</li>\r\n  <li>достовірності — докази мають бути надійними й перевіреними;</li>\r\n  <li>взаємозв’язку — окремі докази розглядаються у сукупності, а не ізольовано.</li>\r\n</ul>\r\n\r\n<p>Жоден доказ не має наперед установленої сили. Навіть офіційний документ може бути спростований або визнаний недопустимим, якщо він отриманий з порушенням закону.</p>\r\n\r\n<h2>Допустимість доказів</h2>\r\n<p>Допустимість означає, що доказ повинен бути отриманий законним шляхом. Наприклад, аудіозапис розмови без відома іншої сторони може бути визнаний недопустимим, якщо його отримано з порушенням прав особи або без відповідного дозволу.</p>\r\n\r\n<h2>Зберігання та дослідження доказів</h2>\r\n<p>Докази, подані сторонами, долучаються до матеріалів справи й зберігаються у суді до завершення розгляду. Під час розгляду справи суд досліджує кожен доказ окремо: оглядає документи, заслуховує пояснення, допитує свідків, аналізує висновки експертів.</p>	2025-06-28 18:17:49	2025-06-28 18:22:06	Загальна стаття на тему доказів в адміністративному праві, їх важливість. Почніть саме з неї.
entering-a-road-with-a-lane-for-route-vehicles	en	Enter a lane designated for public transport vehicles, for the purpose of dropping off a passenger	<p>This article examines a decision by the Supreme Court regarding whether a driver may stop in a public transport lane.<br><br><a href="https://reyestr.court.gov.ua/Review/89793144" target="_blank">Resolution of the Supreme Court of Ukraine in case No. 201/2179/17 (2-a/201/98/2017) administrative proceedings No. K/9901/21595/18</a><br></p><h2 class="">Case Summary</h2><p>On January 31, 2017, police officers issued a resolution against the plaintiff for an administrative offense, holding him liable under Part 3 of Article 122 of the Code of Ukraine on Administrative Offenses and imposing a fine of 510 UAH.<br><br>In February 2017, the plaintiff filed a lawsuit, arguing that the police resolution was unlawful. While his vehicle did stop at the location indicated in the contested resolution, he claims that his driving was proper and did not violate any rules regarding speed or parking. He also stated that the resolution was issued without considering his remarks, explanations, or the specific traffic situation.<br><br>On June 6, 2017, the Zhovtnevyi District Court of Dnipro upheld the plaintiff’s claims.<br><br>On July 20, 2017, the Dnipropetrovsk Administrative Court of Appeal overturned the lower court’s decision and issued a new ruling denying the plaintiff’s claims.<br><br>The plaintiff then appealed to the Supreme Court, requesting the cancellation of the appellate court's decision. He stated that he had entered and stopped on a road with a designated public transport lane separated by a broken line marking, solely for the purpose of dropping off a passenger — which is allowed by the Traffic Rules of Ukraine. Therefore, he believed there was no legal basis for the administrative offense in this case.<br><br>On June 12, 2020, the Supreme Court reviewed the cassation complaint and issued its ruling.<br></p><h2 class="">Supreme Court Conclusion</h2><ul><li>Taking into account paragraph 17.2 of the Traffic Rules of Ukraine, a driver is permitted to enter a public transport lane separated by a broken line marking to drop off a passenger.</li><li>The case materials confirm that the plaintiff was in fact dropping off a passenger in the designated lane.</li><li>The resolution of the appellate administrative court is annulled, and the decision of the first-instance court is upheld.</li></ul>	2025-06-25 12:54:38	2025-06-25 14:14:33	A driver is allowed to enter a lane designated for public transport vehicles, separated by a broken line marking, for the purpose of dropping off a passenger. The fact of the passenger drop-off must be proven by the case materials.
entering-a-road-with-a-lane-for-route-vehicles	uk	Заїзд на смугу для маршрутних транспортних засобів, з метою висадки пасажира	<p>В статті розглядаємо рішення Верховного суду щодо можливості зупинки водія у смузі для маршрутних транспортних засобів.&nbsp;</p><p><a href="https://reyestr.court.gov.ua/Review/89793144" target="_blank">Постанова Верховного Суду України по справі №201/2179/17(2-а/201/98/2017) адміністративне провадження №К/9901/21595/18.</a></p><h2 class="">Суть справи</h2><p><br>31 січня 2017 року працівниками поліції на позивача була винесена постанова про адміністративне правопорушення про притягнення до адміністративної відповідальності за частиною третьою статті 122 Кодексу України про адміністративне правопорушення і накладення штрафу в розмірі 510 грн.<br><br>У лютому 2017 року позивач звернувся до суду з позовом, в якому вважає постанову працівників поліції незаконною, оскільки хоча його автомобіль і зупинявся у місці, зазначеному в оскаржуваній постанові, але рухався він правильно, без порушення правил про швидкість і паркування, а постанова складалася відповідачем без врахування його зауважень, пояснень та конкретної дорожньої обстановки.<br></p><p>06 червня 2017 року постановою Жовтневого районного суду м. Дніпропетровська позовні вимоги були задоволені.<br><br>20 липня 2017 року Дніпропетровський апеляційного адміністративного суду скасував рішення суду першої інстанції та прийняв нове рішення про відмову у задоволенні позовних вимог.<br><br>Позивач звернувся до Верховного суду для скасування рішення суду апеляційної інстанції. При цьому позивач вказав, що на дорозі із смугою для маршрутних транспортних засобів, яка відокремлена переривчастою лінією дорожньої розмітки, він заїхав та зупинився біля правого краю проїзної частини, але&nbsp; виключно з метою висадки пасажира, що дозволено Правилами дорожнього руху України. А тому, на його думку, склад адміністративного правопорушення у випадку, що розглядається судом, відсутній.</p><p><span style="background-tag1:#FFFFFF;tag2:Roboto Condensed Light;tag3:14pt;">12 червня 2020 року</span>&nbsp;Верховним судом була розглянута&nbsp;<span align="justify" style="background-tag1:#FFFFFF;tag2:Roboto Condensed Light;tag3:14pt;">касаційна скарга та винесено рішення.</span></p><h2 class="">Висновок Верховного суду</h2><p><br>1. Враховуючи положення пункту 17.2. ПДР України, водій має право, зокрема, заїжджати на дорогу зі смугою для маршрутних транспортних засобів, яка відокремлена переривчастою лінією дорожньої розмітки, для висадки пасажира.<br>2. З матеріалів справи вбачається, що позивач здійснив саме висадку пасажира на вказаній смузі.<br>3. Скасування постанови апеляційного адміністративного суду та залишення в силі постанову суду першої інстанції.</p>	2025-06-25 12:54:38	2025-06-25 14:14:33	Водієві дозволено, заїжджати на смугу для маршрутних транспортних засобів, відокремлену переривчастою лінією розмітки, з метою висадки пасажира. Факт висадки має буде доведено матеріалами справи.
using-a-video-recorder	en	Using a Dashcam	<p>In today’s world of rapid vehicle growth and increasing road traffic accidents, more and more drivers are installing dashcams in their cars. This device, though seemingly simple, holds significant legal value. Using a dashcam while driving has become a powerful tool for protecting one’s violated rights, especially in situations where the fault is disputed.<br></p><h2 class="">Dashcam as Evidence in Court</h2><p>One of the main functions of a dashcam is to record real-time events on the road. In the case of an accident or a conflict with other road users, footage from a dashcam can be used as evidence in court or during police proceedings. The video helps establish the sequence of events, vehicle speeds, driver actions, and other important details that may influence the legal assessment of the situation.<br>Ukrainian court practice accepts dashcam footage as admissible evidence, provided it was obtained legally. This means the video must be unedited and authentic. In many cases, such recordings have helped drivers prove their innocence and avoid fines or administrative liability.<br></p><h2 class="">Protection Against Unlawful Actions by Police Officers</h2><p>Sometimes drivers face abuse of authority by law enforcement, such as being stopped without cause or facing fabricated reports. In these cases, a dashcam becomes a key tool for defense. The recording can verify whether the driver actually violated any laws or whether the officer acted improperly.<br>Moreover, the awareness that all actions are being recorded encourages both drivers and police officers to act more responsibly, reducing the likelihood of conflicts on the road.<br></p><h2 class="">Recording Violations by Other Road Users</h2><p>A dashcam not only helps protect the driver but also captures dangerous behavior by others—speeding, running red lights, driving into oncoming traffic, and so on. Drivers can voluntarily submit such footage to the police to assist in holding offenders accountable. These actions not only help improve road safety but also promote legal consciousness and civic responsibility.<br></p><h2 class="">Usefulness in Insurance Disputes</h2><p>Dashcam footage is often crucial in settling insurance claims. Insurance companies usually accept such recordings as valid evidence when assessing the circumstances of an accident. This can speed up investigations, avoid disputes, and ensure fair compensation for damages.<br></p><h2 class="">Legal Aspects of Dashcam Use</h2><p>Using a dashcam must comply with legal regulations, especially regarding personal data protection. While drivers are allowed to film what happens on public roads, publicly sharing footage that includes identifiable individuals without their consent may violate their privacy rights. Therefore, it's important to understand the boundaries of lawful use.</p><h2 class="">Conclusion</h2><p>A dashcam is a vital legal protection tool for drivers. It not only captures an objective view of road events but also serves as an effective means of defending one’s rights in conflict situations. Considering the growing risks on the roads, installing a dashcam is not only advisable but also a necessary step for every responsible driver.</p>	2025-06-25 19:24:20	2025-06-25 19:29:22	Using a dashcam while driving has become a powerful tool for protecting one’s violated rights.
using-a-video-recorder	uk	Використання відеореєстратора	<p>У сучасних умовах стрімкого розвитку автомобільного транспорту та зростання кількості дорожньо-транспортних пригод (ДТП) дедалі більше водіїв вдаються до встановлення відеореєстраторів у своїх автомобілях. Цей пристрій, на перший погляд простий, має велике юридичне значення. Використання відеореєстратора під час руху транспортного засобу стало потужним інструментом у відстоюванні своїх порушених прав, особливо в ситуаціях, коли провина сторін є спірною.<br></p><h2 class="">Відеореєстратор як доказ у суді</h2><p>Однією з головних функцій відеореєстратора є фіксація подій на дорозі в режимі реального часу. У випадку ДТП або конфлікту з іншими учасниками дорожнього руху запис із відеореєстратора може бути використаний як доказ у суді або під час розгляду справи в поліції. Відео дозволяє встановити послідовність подій, швидкість руху, дії водіїв, а також інші важливі обставини, які можуть вплинути на оцінку правомірності дій сторін.<br><br>Судова практика в Україні визнає відеозапис як допустимий доказ, якщо його було отримано без порушення вимог законодавства. Це означає, що відео має бути цілісним, без ознак монтажу або редагування. У багатьох випадках саме завдяки відеофіксації водій зміг довести свою невинуватість та уникнути штрафу або адміністративної відповідальності.<br></p><h2 class="">Захист від неправомірних дій працівників поліції</h2><p>Іноді водії стикаються з випадками перевищення повноважень з боку працівників поліції, наприклад, при зупинці без належних підстав або при складанні необґрунтованих протоколів про порушення. У таких ситуаціях відеореєстратор стає ключовим елементом захисту. Запис може засвідчити, чи дійсно водій порушив правила, чи мала місце провокація або помилка інспектора.<br><br>До того ж, усвідомлення того, що кожна дія фіксується на відео, дисциплінує як водіїв, так і працівників правоохоронних органів, що сприяє зменшенню кількості конфліктних ситуацій на дорогах.<br></p><h2 class="">Фіксація порушень іншими учасниками руху</h2><p>Відеореєстратор допомагає не тільки захищати себе, але й фіксувати небезпечну поведінку інших учасників руху – порушення швидкісного режиму, проїзд на червоне світло, виїзд на зустрічну смугу тощо. За бажанням водій може передати відео в поліцію для реагування та притягнення до відповідальності порушників. Такі дії не лише сприяють підвищенню безпеки на дорогах, але й формують культуру правосвідомості.<br></p><h2 class="">Корисність у страхових спорах</h2><p>Відеозапис часто є вирішальним фактором під час врегулювання страхових випадків. Страхові компанії охоче приймають записи з реєстраторів як докази обставин ДТП. Це дозволяє пришвидшити процес розслідування, уникнути суперечок та забезпечити справедливе відшкодування збитків.<br></p><h2 class="">Юридичні аспекти використання</h2><p>Використання відеореєстратора повинно відповідати нормам законодавства, зокрема щодо захисту персональних даних. Водій має право знімати те, що відбувається на дорозі, однак публічне поширення відео без згоди осіб, які на ньому зображені, може порушувати їхні права. Тому важливо розуміти межі використання таких записів.</p><h2 class="">Висновок</h2><p><br>Відеореєстратор є важливим елементом правового захисту водія. Його наявність дозволяє не лише фіксувати об'єктивну картину подій на дорозі, але й виступає ефективним засобом доведення правоти у конфліктних ситуаціях. З огляду на зростаючі ризики на дорогах, встановлення реєстратора є не лише доцільним, а й необхідним кроком для кожного відповідального водія.</p>	2025-06-25 19:24:20	2025-06-25 19:26:47	Використання відеореєстратора під час руху транспортного засобу стало потужним інструментом у відстоюванні своїх порушених прав.
document-verification-for-drivers	en	Document Verification for Drivers	<h1>Document Verification for Drivers by Police Officers: Updated Requirements and Procedures</h1><p>Since the beginning of 2024, important changes to the legislation regarding the verification of documents for vehicle drivers have come into force in Ukraine. These amendments to the Law of Ukraine "On the National Police" were introduced to improve road safety, reduce the level of offenses, and enhance the procedure for driver-police interaction during roadside checks.</p> <h2>Main Reasons for Document Verification</h2><p>Verifying drivers' documents is one of the key functions of the National Police, carried out to maintain public safety and order on the roads. The law stipulates that police officers have the right to stop vehicles and request the presentation of documents in the following cases:</p> <ul> <li><strong>Violation of traffic rules (TAC)</strong>. This is the most common reason for stopping vehicles. If a driver violates established rules, the police officer has the right to demand the presentation of a driver's license, vehicle registration documents, and insurance policies.</li> <li><strong>Suspicion of technical malfunction of the vehicle</strong>. If the vehicle appears faulty or poses a danger to other road users, the police officer may stop the vehicle for a technical check and document verification.</li> <li><strong>Conducting special operations</strong>. The National Police have the right to check drivers' documents as part of special operations, such as searching for stolen vehicles or criminals.</li> <li><strong>Suspicion of a criminal offense</strong>. If the driver or passengers are suspected of being involved in a criminal offense, the police officer may request documents to confirm their identity and the legality of the vehicle use.</li> <li><strong>Alcohol or drug intoxication</strong>. If the police officer has grounds to believe that the driver is intoxicated, they may stop the vehicle for document verification and direct the driver for a medical examination.</li> </ul> <h2>Documents Drivers Must Present</h2> <p>The law defines a list of documents that the driver is required to carry and present at the request of the police:</p> <ul> <li>A driver's license of the appropriate category.</li> <li>A vehicle registration certificate.</li> <li>A mandatory civil liability insurance policy for vehicle owners (MTPL).</li> <li>For commercial vehicle drivers, additional documents confirming the right to carry out transportation are required.</li> </ul> <h2>Verification Procedure</h2> <p>According to the updated legal norms, the police officer is required to verify the documents strictly within the scope of their powers and in accordance with established procedures. During the vehicle stop, the police officer must identify themselves, state their position, and explain the reason for the stop. The driver, in turn, has the right to know why they were stopped and may ask for clarification on the reasons for the document check.</p> <p>The police officer does not have the right to demand documents from the driver without explaining the reason for the stop or in the absence of legal grounds for the check. Additionally, the driver has the right to record the actions of the police officers using video or audio recording, which helps ensure transparency and compliance with the rights of all road users.</p> <h2>Refusal to Present Documents and Its Consequences</h2> <p>Refusal by the driver to present documents to the police is considered an administrative offense, which can have serious consequences. According to the Code of Administrative Offenses of Ukraine, a driver who refuses to present documents at the request of a police officer may be fined or even temporarily deprived of the right to drive the vehicle.</p> <p>Moreover, attempting to flee from the police or refusing to comply with their lawful demands can lead to more serious legal consequences, including detention or prosecution for resisting law enforcement officers.</p> <h2>Drivers' Rights and Responsibilities During Document Checks</h2> <p>Drivers have several rights during document checks:</p> <ul> <li>To know the reason for the stop and the purpose of the check.</li> <li>To request the police officer's identification.</li> <li>To record interactions with police officers using video or audio devices.</li> <li>To challenge the actions of the police if their powers are violated.</li> </ul> <p>At the same time, drivers are required to:</p> <ul> <li>Present documents at the request of the police officer.</li> <li>Comply with the lawful demands of law enforcement officers.</li> <li>Maintain public order and not obstruct the police in performing their duties.</li> </ul> <h2>New Technologies in Document Verification</h2> <p>With the introduction of digital technologies, the National Police increasingly use electronic means to verify documents. Drivers can present documents in the form of digital copies through the "Diia" app. This significantly simplifies the verification process, as it allows drivers to store all necessary documents electronically and quickly provide them at the police officer's request.</p> <h2>Conclusion</h2> <p>The updated rules for document verification for drivers introduced in Ukraine aim to improve road safety and ensure proper control over compliance with traffic rules. Drivers should be aware of their rights and obligations, as well as comply with the lawful demands of the police to avoid misunderstandings and legal consequences during checks.</p>	2024-10-27 11:48:50	2024-10-27 11:48:50	Since the beginning of 2024, important changes to the legislation regarding the verification of documents for vehicle drivers have come into force in Ukraine. These amendments to the Law of Ukraine "On the National Police" were introduced to improve road safety, reduce the level of offenses, and enhance the procedure for driver-police interaction during roadside checks.
document-verification-for-drivers	uk	Перевірка документі у водіїв транспортних засобів	<h2>Перевірка документів у водіїв працівниками поліції: оновлені вимоги та процедури</h2>\r\n<p>З початку 2024 року в Україні набули чинності важливі зміни до законодавства, що стосуються перевірки документів у водіїв транспортних засобів. Відповідні правки до Закону України «Про Національну поліцію» були внесені для підвищення безпеки на дорогах, зниження рівня правопорушень та вдосконалення процедури взаємодії водіїв із поліцейськими під час дорожніх перевірок.</p>\r\n<h3>Основні причини для перевірки документів</h3>\r\n<ul>Перевірка документів водіїв є однією з важливих функцій Національної поліції, що виконується з метою підтримання громадської безпеки та порядку на дорогах. Закон передбачає, що поліцейські мають право зупиняти транспортні засоби та вимагати у водіїв пред'явлення документів у таких випадках:\r\n    <li>Порушення правил дорожнього руху (ПДР). Це найбільш поширена причина зупинки автомобілів. Якщо водій порушує встановлені правила, поліцейський має право вимагати пред'явити посвідчення водія, реєстраційні документи на транспортний засіб та страхові поліси.</li>\r\n    <li>Виникнення підозри щодо технічної несправності транспортного засобу. Якщо автомобіль виглядає несправним або створює небезпеку для інших учасників руху, поліцейський може зупинити транспорт для перевірки технічного стану та документів.</li>\r\n    <li>Проведення спеціальних заходів. Національна поліція має право перевіряти документи у водіїв у рамках спеціальних операцій, наприклад, пошуку викрадених автомобілів або злочинців.</li>\r\n    <li>Підозра у вчиненні кримінального правопорушення. Якщо водія або пасажирів підозрюють у причетності до кримінального правопорушення, поліцейський може вимагати документи для підтвердження їх особи та законності використання транспортного засобу.</li>\r\n    <li>Стан алкогольного або наркотичного сп'яніння. Якщо у поліцейського є підстави вважати, що водій перебуває у стані сп'яніння, його можуть зупинити для перевірки документів та направлення на медичний огляд.</li>\r\n</ul>\r\n<h3>Документи, які необхідно пред'являти водіям</h3>\r\n<ul>Закон визначає перелік документів, які водій зобов'язаний мати при собі та пред'являти на вимогу поліцейських:\r\n    <li>Посвідчення водія відповідної категорії.</li>\r\n    <li>Свідоцтво про реєстрацію транспортного засобу.</li>\r\n    <li>Поліс обов'язкового страхування цивільно-правової відповідальності власників транспортних засобів (ОСЦПВ).</li>\r\n    <li>Для водіїв комерційних транспортних засобів додатково потрібно мати документи, що підтверджують дозвіл на здійснення перевезень.</li>\r\n</ul>\r\n<h3>Процедура перевірки</h3>\r\n<p>Згідно з оновленими нормами закону, поліцейський зобов'язаний здійснювати перевірку документів виключно в рамках своїх повноважень та у відповідності до встановлених процедур. Під час зупинки транспортного засобу поліцейський повинен представитися, назвати свою посаду та причину зупинки. Водій, у свою чергу, має право знати, чому його зупинили, і може попросити пояснення причин перевірки документів.</p>\r\n<p>Поліцейський не має права вимагати у водія документи без пояснення причини зупинки або за відсутності законних підстав для перевірки. Крім того, водій має право фіксувати дії поліцейських за допомогою відео- або аудіозапису, що допомагає забезпечити прозорість та дотримання прав усіх учасників дорожнього руху.</p>\r\n<h3>Відмова від пред'явлення документів та її наслідки</h3>\r\n<p>Відмова водія від пред'явлення документів поліцейським розглядається як адміністративне правопорушення, яке може мати серйозні наслідки. Відповідно до Кодексу України про адміністративні правопорушення, водію, який відмовився пред'явити документи на вимогу поліцейського, може бути винесено штраф або навіть тимчасове позбавлення права керування транспортним засобом.</p>\r\n<p>Крім того, спроба втечі від поліцейських або відмова від виконання їх законних вимог може призвести до більш серйозних правових наслідків, включно із затриманням або притягненням до відповідальності за опір правоохоронцям.</p>\r\n<h3>Права та обов'язки водіїв під час перевірки документів</h3>\r\n<ul>Водій має ряд прав під час перевірки документів:\r\n    <li>Знати причину зупинки та мету перевірки.</li>\r\n    <li>Вимагати пред'явлення службового посвідчення поліцейського.</li>\r\n    <li>Фіксувати взаємодію з поліцейськими на відео чи аудіо.</li>\r\n    <li>Оскаржити дії поліцейських у разі порушення їхніх повноважень.</li>\r\n</ul>\r\n<ul>Водночас водій зобов'язаний:\r\n<li>Надавати документи на вимогу поліцейського.</li>\r\n    <li>Дотримуватися законних вимог правоохоронців.</li>\r\n    <li>Не порушувати громадський порядок та не перешкоджати виконанню службових обов'язків поліцейських.</li>\r\n</ul>\r\n<h3>Нові технології у перевірці документів</h3>\r\n<p>Із впровадженням цифрових технологій Національна поліція дедалі частіше використовує електронні засоби перевірки документів. Водії можуть пред'являти документи у вигляді цифрових копій через додаток «Дія». Це значно спрощує процес перевірки, оскільки дозволяє зберігати всі необхідні документи в електронному вигляді та швидко надавати їх на вимогу поліцейських.</p>\r\n<h3>Висновок</h3>\r\n<p>Оновлені правила перевірки документів у водіїв, введені в Україні, спрямовані на підвищення безпеки на дорогах та забезпечення належного контролю за дотриманням правил дорожнього руху. Водії повинні знати свої права та обов'язки, а також дотримуватися законних вимог поліцейських, щоб уникнути непорозумінь та правових наслідків під час перевірок.</p>	2024-10-31 19:14:03	2025-06-12 17:55:11	З початку 2024 року в Україні набули чинності важливі зміни до законодавства в сфері перевірки документів у водіїв працівниками поліції: оновлені вимоги та процедури
grounds-for-stopping-a-vehicle-by-police-officers	en	Grounds for stopping a vehicle by police officers in Ukraine	  <h2>Legal Framework:</h2>\r\n  <p>\r\n    The issue of stopping vehicles is regulated by the following legal acts:\r\n  </p>\r\n  <ul>\r\n    <li><strong>Law of Ukraine "On the National Police"</strong> (Article 35),</li>\r\n    <li><strong>Traffic Rules of Ukraine</strong> (approved by Resolution of the Cabinet of Ministers No. 1306 dated October 10, 2001),</li>\r\n    <li><strong>Code of Ukraine on Administrative Offenses</strong>,</li>\r\n    <li><strong>Law of Ukraine "On Road Traffic"</strong>.</li>\r\n  </ul>\r\n  <p>\r\n    These documents define the list of legal grounds, the procedure for police officers' actions, and the rights of drivers during a traffic stop.\r\n  </p>\r\n\r\n  <h2>Grounds for Stopping a Vehicle:</h2>\r\n\r\n  <ol>\r\n    <li>\r\n      <strong>Violation of traffic rules by the driver.</strong><br>\r\n      If a police officer detects or has reasonable suspicion that the driver has violated traffic rules—such as speeding, running a red light, or malfunctioning lights—he or she has the right to stop the vehicle.\r\n    </li>\r\n    <li>\r\n      <strong>Obvious signs of a vehicle's technical malfunction.</strong><br>\r\n      A vehicle with visible damage or faults that could pose a threat to traffic safety (e.g., broken headlights, faulty brakes) may be stopped.\r\n    </li>\r\n    <li>\r\n      <strong>The need to interview the driver or passengers as witnesses.</strong><br>\r\n      A vehicle can be stopped if its occupants may have witnessed a traffic accident or other violation.\r\n    </li>\r\n    <li>\r\n      <strong>The need to involve the driver in providing assistance to other road users or the police.</strong><br>\r\n      This could include evacuating victims or pursuing a suspect.\r\n    </li>\r\n    <li>\r\n      <strong>Information about the vehicle’s or driver's involvement in a violation.</strong><br>\r\n      If the car is wanted or suspected to be involved in a crime, it may be stopped.\r\n    </li>\r\n    <li>\r\n      <strong>Document checks in areas with special traffic conditions.</strong><br>\r\n      This includes checkpoints, areas near government buildings, or zones under curfew or anti-terrorist operations.\r\n    </li>\r\n    <li>\r\n      <strong>Control over the transportation of dangerous, oversized, or overweight cargo.</strong><br>\r\n      A police officer may stop a vehicle suspected of violating these specific rules for further inspection.\r\n    </li>\r\n    <li>\r\n      <strong>Conducting special operations or alert plans.</strong><br>\r\n      During law enforcement operations (e.g., "Siren", "Filter"), all vehicles in a given area may be subject to stops.\r\n    </li>\r\n    <li>\r\n      <strong>Presence of external signs indicating potential criminal involvement.</strong><br>\r\n      This includes visible blood, damage to the vehicle, or aggressive behavior from occupants.\r\n    </li>\r\n    <li>\r\n      <strong>Weight or environmental inspections.</strong><br>\r\n      This applies particularly to freight or commercial passenger transport and may involve checking for environmental compliance.\r\n    </li>\r\n  </ol>\r\n\r\n  <h2>Additional Requirements for a Stop:</h2>\r\n  <p>\r\n    According to traffic rules and the law, a stop must be performed <strong>with the use of special signals</strong>, the police officer must present a <strong>service ID</strong>, and must <strong>clearly state the reason for the stop</strong>.\r\n    The driver has the right to request an explanation and record the officer’s actions using a video device.\r\n  </p>\r\n  <p>\r\n    An unlawful stop may be considered an <strong>abuse of authority</strong>, which carries legal consequences for the police officer involved.\r\n  </p>	2025-06-26 10:25:57	2025-06-26 10:34:26	Stopping a vehicle by police officers in Ukraine - regulatory legal acts, grounds.
grounds-for-stopping-a-vehicle-by-police-officers	uk	Підстави для зупинки транспортного засобу працівниками поліції в Україні	<h2 class="">Законодавче регулювання</h2><p>Питання зупинки транспортних засобів регулюється такими нормативно-правовими актами:<br></p><ul><li>Закон України «Про Національну поліцію» (стаття 35),</li><li>Правила дорожнього руху України (затверджені постановою Кабінету Міністрів України №1306 від 10.10.2001),</li><li>Кодекс України про адміністративні правопорушення,</li><li>Закон України «Про дорожній рух».<br></li></ul><p>Ці документи встановлюють перелік законних підстав, порядок дій поліцейських та права водія при зупинці транспортного засобу.<br><br></p><h2 class="">Підстави для зупинки транспортного засобу</h2><p><br>Згідно зі статтею 35 Закону України «Про Національну поліцію», поліцейський має право зупинити транспортний засіб лише у випадках, прямо передбачених законом. Основні підстави:<br><br></p><h3 class="">Порушення правил дорожнього руху водієм.</h3><p>Якщо поліцейський виявив або має обґрунтовану підозру, що водій порушив ПДР, наприклад, перевищення швидкості, проїзд на червоне світло чи несправність зовнішніх світлових приладів, він має право зупинити транспортний засіб.<br><br></p><h3 class="">Очевидні ознаки технічної несправності транспортного засобу.</h3><p><br>Якщо автомобіль має пошкодження чи поломки, які можуть становити загрозу безпеці дорожнього руху (наприклад, відсутність фари, несправне гальмування), це є підставою для зупинки.<br><br></p><h3 class="">Необхідність опитування водія чи пасажирів як свідків події.</h3><p>Поліцейський може зупинити авто, якщо є потреба встановити свідків дорожньо-транспортної пригоди або іншого правопорушення.<br><br></p><h3 class="">Необхідність залучення водія до надання допомоги іншим учасникам руху чи поліції.</h3><p>Наприклад, коли потрібна евакуація постраждалих або переслідування правопорушника.<br><br></p><h3 class="">Наявність інформації про причетність транспортного засобу або його водія до правопорушення.</h3><p>Якщо автомобіль перебуває в розшуку, за орієнтуванням або є підозра щодо участі у злочині — поліцейський має право його зупинити.<br><br></p><h3 class="">Перевірка документів у зонах особливого режиму руху.</h3><p>Наприклад, у контрольних пунктах, біля держустанов, у зонах проведення антитерористичної операції чи комендантської години.<br><br></p><h3 class="">Контроль за дотриманням режиму перевезень небезпечних, великогабаритних або великовагових вантажів.</h3><p>У разі підозри на порушення таких правил з боку водія, транспортний засіб може бути зупинений для перевірки документів і технічного стану.<br><br></p><h3 class="">Проведення спеціальних операцій або планів перехоплення.</h3><p>У разі оголошення плану типу «Сирена», «Фільтр» тощо, поліцейські можуть зупиняти всі транспортні засоби на визначеній території.<br><br></p><h3 class="">Наявність зовнішніх ознак, що свідчать про можливу участь у кримінальному правопорушенні.</h3><p>Наприклад, сліди крові, пошкодження автомобіля, агресивна поведінка водія чи пасажирів.<br><br></p><h3 class="">Здійснення габаритно-вагового контролю або перевірка дотримання екологічних норм.</h3><p>Це може стосуватися, зокрема, вантажного транспорту або комерційного перевезення пасажирів.<br><br></p><h2 class="">Додаткові вимоги до зупинки</h2><p><br>Згідно з ПДР та положеннями законодавства, зупинка повинна проводитися із застосуванням спеціальних сигналів, наявністю службового посвідчення, а також обґрунтованим поясненням причини зупинки. Водій має право вимагати пояснення підстав і фіксувати дії поліцейського за допомогою відеозапису.<br><br>Незаконна зупинка транспортного засобу може розглядатися як перевищення повноважень, що тягне за собою юридичну відповідальність з боку посадової особи.</p>	2025-06-26 10:25:57	2025-06-26 10:32:40	Зупинка транспортного засобу працівниками поліції в Україні - нормативно правові акти, підстави.
сode-of-administrative-procedure-of-ukraine	en	Code of Administrative Procedure of Ukraine	<p>The <strong>Code of Administrative Procedure of Ukraine</strong> is the primary legislative act that defines the procedure for appealing decisions, actions (or inaction) of state authorities and local self-government bodies, as well as the time limits and means for representing interests in administrative court cases.\r\n  </p><p><a href="https://zakon.rada.gov.ua/laws/show/2747-15#Text" target="_blank">Link to the official source</a></p><p>Document No. 2747-IV, currently in force.\r\n  </p>\r\n\r\n  <h2>Fundamental Principles Established by the Code:</h2>\r\n  <ul>\r\n    <li>The right to access the court and methods of legal protection;</li>\r\n    <li>Equality of all participants in the judicial process before the law and the court;</li>\r\n    <li>Adversarial nature of proceedings;</li>\r\n    <li>Transparency of the court process;</li>\r\n    <li>Openness of case-related information.</li>\r\n  </ul>\r\n\r\n  <p>\r\n    This legislative document must be followed by all participants in the judicial process — judges, lawyers, plaintiffs, and defendants.\r\n  </p>\r\n\r\n  <h2>Key Chapters Plaintiffs Should Pay Attention To:</h2>\r\n  <ul>\r\n    <li>Jurisdiction</li>\r\n    <li>Parties involved</li>\r\n    <li>Evidence</li>\r\n    <li>Deadlines</li>\r\n    <li>Summons</li>\r\n    <li>Costs</li>\r\n    <li>Application</li>\r\n    <li>Initiation of proceedings</li>\r\n    <li>Case consideration</li>\r\n    <li>Case closure</li>\r\n    <li>Simplified proceedings</li>\r\n    <li>Appeal proceedings</li>\r\n    <li>Cassation proceedings</li>\r\n    <li>Review of decisions</li>\r\n  </ul>\r\n\r\n  <p>\r\n    The Code is quite extensive, comprising approximately 276 A4-format pages and around 400 articles.\r\n    It is not necessary to read and know everything, as much of it is intended for judges.\r\n    However, if you decide to initiate an appeal process, it is essential to familiarize yourself with the sections listed above.\r\n  </p>	2025-06-26 13:15:01	2025-06-26 13:28:39	A brief overview of one of the key documents in administrative law that governs judicial proceedings.
zakon-pro-dorojniy-ruh-ukraini	en	The Law on Road Traffic of Ukraine	<p><p data-start="172" data-end="559"><a href="https://zakon.rada.gov.ua/laws/show/3353-12#Text" target="_blank">Official link on the website of the Verkhovna Rada of Ukraine</a><br></p>Document 3353-XII, current.<br><br>The Law of Ukraine "On Road Traffic" is a fundamental legal act that regulates the relationships between road users, defines their rights and obligations, and establishes the principles for organizing road traffic in Ukraine. It serves as the foundation for ensuring road safety, preventing accidents, and fostering a culture of responsibility among drivers, pedestrians, and passengers.<br><br><h2 class="">Key Provisions of the Law</h2><br>The law was first adopted in 1993 and has since undergone numerous amendments and updates in response to infrastructure development, advancements in the transportation system, and emerging road safety challenges. The main areas regulated by the law include:<br></p><ul><li>behavior rules for road users (drivers, pedestrians, passengers);</li><li>traffic organization and management systems;</li><li>technical requirements for vehicles;</li><li>legal liability for traffic violations;</li><li>the role of the National Police in monitoring and enforcement.</li></ul><h2 class="">Road Users</h2><p>The law clearly states that all road users must be familiar with and comply with traffic rules, remain alert, and avoid endangering others. Drivers have specific responsibilities regarding vehicle condition, adherence to speed limits, yielding to pedestrians, and more. Pedestrians also have duties, such as crossing the road only at designated places.<br><br></p><h2 class="">Safety as a Core Priority</h2><p><br>One of the law’s primary objectives is to ensure road traffic safety. According to the legislation, the state must create conditions for safe movement: maintain roads, provide proper signage and markings, and enforce regulations.<br><br>The law also includes provisions to protect the life and health of all road users, such as mandatory use of seat belts, child safety seats, helmets for motorcyclists, and a strict ban on driving under the influence of alcohol or drugs.<br><br></p><h2 class="">Role of the Police and Legal Responsibility</h2><p><br>Enforcement of traffic regulations is the responsibility of the National Police of Ukraine. Officers are authorized to stop vehicles, check documents, conduct alcohol tests, and issue administrative violation reports.<br><br>Traffic rule violations may lead to administrative or, in some cases, criminal liability. The law defines penalties including fines, license suspension, arrest, and other disciplinary actions.<br><br></p><h2 class="">Relevance and Future of the Law</h2><p><br>In today’s context—characterized by a growing number of vehicles and increasing infrastructure demands—this law remains highly relevant. It requires continuous updates in line with European standards and technological advancements.<br><br>Current reforms focus on road safety enhancement, implementation of automated violation detection, and improvements in driver education, all of which are based on the provisions of this law.</p><h2 class="">Conclusion</h2><p>The Law of Ukraine "On Road Traffic" is a crucial tool for maintaining order and safety on the roads. Complying with its provisions is not only a legal duty but also a means of protecting life and health. The safety of our roads depends largely on the awareness and discipline of all traffic participants.</p>	2025-06-25 16:29:19	2025-06-25 16:39:06	The Law of Ukraine "On Road Traffic" is a fundamental legal act that regulates the relationships between road users.
zakon-pro-dorojniy-ruh-ukraini	uk	Закон України Про дорожній рух	<h2 class="">Закон про дорожній рух України: основи, принципи та значення для безпеки</h2><p><a href="https://zakon.rada.gov.ua/laws/show/3353-12#Text" target="_blank">Офіційне посилання на сайті ВРУ</a><br><br>Документ 3353-XII, чинний.<br></p><p>Закон України "Про дорожній рух" є базовим нормативно-правовим актом, який регулює відносини між учасниками дорожнього руху, визначає їхні права, обов’язки, а також принципи організації дорожнього руху в Україні. Він є основою для забезпечення безпеки на дорогах, запобігання аваріям та формування правової культури серед водіїв, пішоходів і пасажирів.<br><br></p><h2 class="">Основні положення Закону</h2><p><br>Закон був прийнятий ще в 1993 році, але з того часу багаторазово змінювався та доповнювався відповідно до змін в інфраструктурі, розвитку транспортної системи та нових викликів у сфері безпеки дорожнього руху. Основні питання, які регулює закон:<br></p><ul><li>правила поведінки учасників дорожнього руху (водії, пішоходи, пасажири);</li><li>організація дорожнього руху та система управління ним;</li><li>вимоги до транспортних засобів, їх технічного стану;</li><li>питання відповідальності за порушення правил дорожнього руху;</li><li>діяльність Національної поліції у сфері контролю та безпеки.</li></ul><h2 class="">Учасники дорожнього руху</h2><p><br>Закон чітко визначає, що всі учасники дорожнього руху зобов’язані знати та виконувати правила дорожнього руху, бути уважними та не створювати небезпеки для інших. Для водіїв передбачені окремі обов’язки щодо технічного стану авто, дотримання швидкісного режиму, надання переваги пішоходам тощо. Пішоходи також зобов’язані дотримуватися правил, зокрема переходити дорогу лише у встановлених місцях.<br><br></p><h2 class="">Безпека як головний пріоритет</h2><p><br>Одна з ключових цілей закону – це забезпечення безпеки дорожнього руху. Згідно із законодавством, держава зобов’язана створювати умови для безпечного пересування громадян: ремонтувати дороги, встановлювати відповідну розмітку, забезпечувати контроль за водіями.<br><br>Також закон містить положення про захист життя та здоров’я всіх учасників руху, зокрема через обов’язкове використання пасків безпеки, дитячих крісел, мотошоломів, а також заборону керування у стані сп’яніння.<br><br></p><h2 class="">Роль поліції та відповідальність</h2><p><br>Контроль за дотриманням правил покладено на Національну поліцію України. Інспектори мають право зупиняти транспортні засоби, перевіряти документи, проводити тестування на алкоголь, а також складати протоколи про адміністративні правопорушення.<br><br>Порушення правил дорожнього руху тягне за собою адміністративну, а в окремих випадках – кримінальну відповідальність. Закон визначає систему штрафів, позбавлення прав, арешту та інші заходи впливу.<br><br></p><h2 class="">Актуальність та майбутнє закону</h2><p><br>У сучасних умовах, коли зростає кількість автомобілів і навантаження на інфраструктуру, закон залишається надзвичайно важливим. Він потребує постійного оновлення відповідно до європейських стандартів і технологічного розвитку.<br><br>Реформа у сфері дорожньої безпеки, впровадження відеофіксації порушень, удосконалення системи навчання водіїв – усе це реалізується на базі норм цього закону.<br><br></p><h2 class="">Висновок</h2><p><br>Закон України "Про дорожній рух" є ключовим інструментом забезпечення безпеки та порядку на дорогах. Дотримання його норм — не лише обов’язок, але й запорука збереження життя та здоров’я кожного з нас. Саме від правової свідомості та дисципліни учасників дорожнього руху залежить, наскільки безпечним буде пересування українськими дорогами.</p>	2025-06-25 16:29:19	2025-06-25 16:34:38	Закон України "Про дорожній рух" є базовим нормативно-правовим актом, який регулює відносини між учасниками дорожнього руху.
сode-of-administrative-procedure-of-ukraine	uk	Кодекс адміністративного судочинства України	<p>Кодекс адміністративного судочинства України є основним нормативно‑правовим актом, що визначає порядок оскарження рішень, дій (бездіяльності) органів державної влади й органів місцевого самоврядування, а також строків та засобів представництва інтересів у адміністративних судових справах.<br><br><a href="https://zakon.rada.gov.ua/laws/show/2747-15#Text" target="_blank">Посилання на офіційне джерело</a>&nbsp;<br><br>Документ 2747-IV, чинний.<br><br>Кодекс закріплює такі основні засади:</p><ul><li>право на звернення до суду та способи судового захисту;</li><li>рівність усіх учасників судового процесу перед законом і судом;</li><li>змагальність сторін;</li><li>гласність судового процесу;</li><li>відкритість інформації щодо справи;</li></ul><p>Даним нормативно-правовим документом керуються всі учасники судового процесу - судді, адвокати, позивачі та відповідачі.&nbsp;<br><br></p><h2 class="">Основні глави, на які треба звернути увагу позивачу</h2><ul><li>Юрисдикція</li><li>Учасники</li><li>Докази</li><li>Строки</li><li>Повістки</li><li>Витрати</li><li>Заява</li><li>Відкриття провадження</li><li>Розгляд</li><li>Закриття</li><li>Спрощене провадження</li><li>Апеляційне провадження</li><li>Касаційне провадження</li><li>Перегляд</li></ul><p>Кодекс дуже великим за змістом, має приблизно 276 сторінок формату А4 і 400 статей. Не все потрібно знати та прочитати, тому що велика частка призначена для судів. Але, Якщо ви вирішили почати процес оскарження, то прочитати все що вказано вище необхідно.&nbsp;<br><br></p>	2025-06-26 13:15:01	2025-06-26 13:24:15	Стислий огляд одного з основних документів адміністративного права, який регулює судовий процес.
evidence-in-administrative-offense-cases-key-aspects	uk	Докази по справі про адміністративне правопорушення: ключові аспекти	        <div>\r\n            <h2>Поняття та види доказів</h2>\r\n            <p>Докази – це будь-які фактичні дані, які підтверджують або спростовують обставини, що мають значення для справи. Вони фіксуються у встановленому законом порядку та визначаються процесуальними нормами.</p>\r\n            <ul>\r\n                <li><strong>Протокол про адміністративне правопорушення</strong> – основний документ, який фіксує факт правопорушення.</li>\r\n                <li><strong>Письмові докази</strong> – документи, акти перевірок, звіти тощо.</li>\r\n                <li><strong>Речові докази</strong> – матеріальні об’єкти, пов’язані з правопорушенням.</li>\r\n                <li><strong>Пояснення осіб</strong> – свідчення правопорушника, потерпілих чи свідків.</li>\r\n                <li><strong>Фото-, відео- та аудіоматеріали</strong> – технічні записи, що фіксують обставини правопорушення.</li>\r\n            </ul>\r\n        </div>\r\n        <div>\r\n            <h2>Процес збирання доказів</h2>\r\n            <p>Збирання доказів здійснюється органами, уповноваженими складати протоколи та розглядати справи, такими як Національна поліція, митні служби, екологічні інспекції тощо. Дотримання законності при зборі доказів є ключовою умовою їх допустимості.</p>\r\n        </div>\r\n        <div>\r\n            <h2>Оцінка доказів</h2>\r\n            <p>Згідно зі ст. 252 КУпАП, орган, що розглядає справу, оцінює докази за внутрішнім переконанням, заснованим на повному та об’єктивному дослідженні. Основні принципи оцінки:</p>\r\n            <ul>\r\n                <li><strong>Належність</strong> – доказ повинен мати зв’язок з обставинами справи.</li>\r\n                <li><strong>Допустимість</strong> – доказ має бути отриманий у встановленому порядку.</li>\r\n                <li><strong>Достатність</strong> – сукупність доказів має бути достатньою для прийняття рішення.</li>\r\n            </ul>\r\n        </div>\r\n        <div>\r\n            <h2>Права сторін у справі</h2>\r\n            <p>Особи, які беруть участь у справі, мають право:</p>\r\n            <ul>\r\n                <li>Подавати власні докази.</li>\r\n                <li>Заявляти клопотання про витребування додаткових доказів.</li>\r\n                <li>Знайомитися з матеріалами справи.</li>\r\n            </ul>\r\n        </div>\r\n        <div>\r\n            <h2>Типові проблеми</h2>\r\n            <p>На практиці часто виникають такі проблеми:</p>\r\n            <ul>\r\n                <li>Неправильне складання протоколу.</li>\r\n                <li>Недостатність доказів.</li>\r\n                <li>Оскарження допустимості доказів.</li>\r\n            </ul>\r\n        </div>\r\n        <div>\r\n            <h2>Висновок</h2>\r\n            <p>Докази є основою прийняття рішень у справах про адміністративні правопорушення. Дотримання принципів належності, допустимості та достатності забезпечує законність і обґрунтованість рішень, що сприяє зміцненню правової держави.</p>\r\n        </div>	2024-11-05 13:40:26	2025-06-10 12:10:06	Докази у справі про адміністративне правопорушення є основним інструментом для встановлення об’єктивної істини та прийняття законного і обґрунтованого рішення.
evidence-in-administrative-offense-cases-key-aspects	en	Evidence in Administrative Offense Cases: Key Aspects	        <div>\r\n            <h2>Definition and Types of Evidence</h2>\r\n            <p>Evidence is any factual information that confirms or refutes circumstances relevant to a case. It is recorded in accordance with legal procedures and defined by procedural norms.</p>\r\n            <ul>\r\n                <li><strong>Administrative Offense Protocol</strong> – the primary document recording the offense.</li>\r\n                <li><strong>Written Evidence</strong> – documents, inspection reports, records, etc.</li>\r\n                <li><strong>Material Evidence</strong> – physical objects linked to the offense.</li>\r\n                <li><strong>Explanations from Individuals</strong> – testimonies from the offender, victims, or witnesses.</li>\r\n                <li><strong>Photo, Video, and Audio Materials</strong> – technical recordings capturing the circumstances of the offense.</li>\r\n            </ul>\r\n        </div>\r\n        <div>\r\n            <h2>Evidence Collection Process</h2>\r\n            <p>Evidence is collected by authorized bodies, such as the National Police, customs authorities, or environmental inspections. Compliance with legal procedures during evidence collection ensures its admissibility in court.</p>\r\n        </div>\r\n        <div>\r\n            <h2>Evaluation of Evidence</h2>\r\n            <p>Under Article 252 of the Code of Administrative Offenses, evidence is evaluated by the authority reviewing the case based on comprehensive, objective, and thorough consideration. Key principles include:</p>\r\n            <ul>\r\n                <li><strong>Relevance</strong> – evidence must directly relate to the case.</li>\r\n                <li><strong>Admissibility</strong> – evidence must be obtained legally.</li>\r\n                <li><strong>Sufficiency</strong> – the body of evidence must be enough to establish the truth.</li>\r\n            </ul>\r\n        </div>\r\n        <div>\r\n            <h2>Rights of the Parties</h2>\r\n            <p>Parties involved in the case have the right to:</p>\r\n            <ul>\r\n                <li>Submit their own evidence.</li>\r\n                <li>Request additional evidence.</li>\r\n                <li>Review case materials.</li>\r\n            </ul>\r\n        </div>\r\n        <div>\r\n            <h2>Common Challenges</h2>\r\n            <p>Typical issues that arise include:</p>\r\n            <ul>\r\n                <li>Errors in protocol preparation.</li>\r\n                <li>Insufficient evidence.</li>\r\n                <li>Disputes over the admissibility of evidence.</li>\r\n            </ul>\r\n        </div>\r\n        <div>\r\n            <h2>Conclusion</h2>\r\n            <p>Evidence forms the foundation for decisions in administrative offense cases. Adherence to principles of relevance, admissibility, and sufficiency ensures lawful and justified resolutions, contributing to a stronger rule of law.</p>\r\n        </div>	2024-10-26 12:28:44	2025-06-10 12:10:06	Definition and Types of Evidence, Evidence Collection Process, Evaluation.
amendments-resolution-no-76-27.01.23	en	Amendments to the Resolution of the Cabinet of Ministers on the Reservation of Conscripts No. 27.01.23 No. 76	<div>\r\n  <p class=""><span style="font-weight: normal;">New Changes to the CMU Resolution on Reserving Conscripts No. 27.01.23 No. 76</span></p>\r\n\r\n  <p><a href="https://zakon.rada.gov.ua/laws/show/76-2023-%D0%BF#Text">Link to the resolution</a></p>\r\n\r\n  <p>This resolution defines:</p>\r\n  <ul>\r\n    <li>the procedure for reserving conscripts during mobilization and wartime</li>\r\n    <li>criteria and procedures for identifying enterprises as critically important</li>\r\n  </ul>\r\n\r\n  <h3>Main Changes</h3>\r\n\r\n  <ul>\r\n    <li>Expanded criteria for recognizing enterprises as critically important. Added are legal entities, regardless of organizational-legal form, that guard fuel and energy complex facilities and whose founder, participant (shareholder) is a business company with 100% state-owned shares (directly or indirectly).</li>\r\n    <li>The reservation procedure does not apply to conscripts registered with the Security Service of Ukraine or Ukrainian intelligence agencies.</li>\r\n    <li>The number of conscripted employees in heat energy-related enterprises subject to reservation must not exceed 75% of the total conscripted employees of such enterprises.</li>\r\n  </ul>\r\n</div>\r\n\r\n	2025-06-29 14:56:38	2025-06-29 15:02:45	Some changes in the criteria for recognizing enterprises as critical. Changes for employees of enterprises related to thermal energy.
simplification-of-the-drivers-license-examination-process	en	Simplification of the driver's license examination process	<p>Important amendments to Ukraine's traffic rules, which came into effect in 2024, aim to increase road safety and reduce the number of accidents. One of the key innovations is the mandatory use of daytime running lights outside populated areas throughout the year. Previously, drivers were only required to use running lights in the autumn-winter period (from October 1 to May 1), but now this rule is in effect year-round. The decision is aimed at making vehicles more visible to other road users regardless of weather conditions or lighting levels.</p><h2>The Importance of Using Running Lights</h2><p>Headlights reduce the risk of accidents by improving the visibility of cars on the road, especially in poor weather conditions such as rain or fog. Lighting devices help quickly identify approaching vehicles, especially on roads with heavy traffic. Thus, the decision to make running lights mandatory outside the city year-round is fully justified. According to research, the visibility of a car with headlights on can improve the reaction of other drivers and pedestrians by 20-25%, reducing the risk of collisions.</p><h2>Rule Compliance Check</h2><p>The new requirements stipulate that the police can now monitor compliance with this rule on roads outside populated areas. Drivers who ignore this requirement face fines. Since the continuous use of running lights is becoming mandatory, additional control by the police is expected, along with the installation of new surveillance cameras capable of recording violations remotely.</p>	2024-11-12 17:54:44	2025-06-22 19:36:40	The process of obtaining a driver's license has also changed for future drivers. From now on, candidates can take the theoretical exam without mandatory attendance at driving school courses. 
increase-fines-for-speeding-violations-2025	en	Ukraine Plans to Increase Fines for Speeding Violations	<p>Members of the Verkhovna Rada intend to raise fines for drivers who exceed speed limits and eliminate the current tolerance of "+20 km/h." These changes are outlined in Draft Law No. 13314 dated May 26, 2025, titled "On Amendments to the Code of Ukraine on Administrative Offenses Regarding the Introduction of Proportional Liability for Exceeding Established Vehicle Speed Limits."<br><br>The draft is based on the premise that excessive speed is a leading cause of fatalities and injuries resulting from traffic accidents. Lawmakers argue that the Code of Administrative Offenses (CUoAO) fails to fulfill one of its main functions: preventing administrative violations, particularly those related to speeding.<br><br>They cite a survey in which 54% of Ukrainians reportedly support lowering the penalty threshold by 10 km/h. However, a closer look reveals that only 28% fully support the proposed changes.<br><br>The proposed fine structure is as follows:<br><br>No.&nbsp; &nbsp; Speed Limit Exceeded&nbsp; &nbsp; Fine<br>1&nbsp; &nbsp; &gt;10 km/h&nbsp; &nbsp; 340 UAH<br>2&nbsp; &nbsp; &gt;20 km/h&nbsp; &nbsp; 680 UAH<br>3&nbsp; &nbsp; &gt;30 km/h&nbsp; &nbsp; 1,360 UAH<br>4&nbsp; &nbsp; &gt;40 km/h&nbsp; &nbsp; 1,700 UAH<br>5&nbsp; &nbsp; &gt;60 km/h&nbsp; &nbsp; 2,720 UAH<br>6&nbsp; &nbsp; &gt;80 km/h&nbsp; &nbsp; 3,400 UAH<br>7&nbsp; &nbsp; Any of the above (1–6) that causes a hazardous situation&nbsp; &nbsp; License suspension for 6 to 12 months<br><br>Lawmakers aim to reduce the traffic fatality rate by 35%, using Poland’s experience over the past four years as an example. As a reference point, they note that 1,770 people died in 2024 in Ukraine as a result of speeding-related accidents.</p>	2025-06-15 13:38:03	2025-06-15 13:38:03	Fines for speeding are set to rise in proportion to how much a driver exceeds the speed limit
simplification-of-the-drivers-license-examination-process	uk	Спрощення процесу складання іспитів на права	<p>У 2024 році в Україні було запроваджено зміни, які спрощують процес складання іспитів на отримання водійських прав. Основне нововведення полягає в тому, що тепер кандидати у водії можуть складати теоретичний іспит без обов'язкового навчання в автошколі. Це значне полегшення для тих, хто має базові знання з правил дорожнього руху та здатний самостійно підготуватися до іспиту.&nbsp;</p>\r\n<h2>Мета змін</h2> \r\nЗміни спрямовані на зменшення фінансового навантаження на громадян, адже навчання в автошколах може бути досить витратним. Наразі багато громадян мають можливість навчатися самостійно за допомогою онлайн-ресурсів або спеціалізованих додатків для вивчення ПДР. Скасування обов’язкових курсів у автошколах також робить процес отримання прав більш доступним, особливо для людей з обмеженими фінансовими можливостями або тих, хто не має часу на відвідування навчальних закладів.<p></p> \r\n<p>Особливості нового підходу У нових правилах передбачено, що кандидати можуть самостійно обирати метод підготовки до теоретичного іспиту. Однак вимоги до практичних навичок залишаються незмінними, і для отримання права керувати транспортним засобом необхідно пройти практичне навчання в автошколі та скласти відповідний іспит. Це дозволяє зберегти необхідний рівень безпеки на дорогах, адже управління транспортом вимагає не лише знань теорії, але й певного рівня практичної підготовки під наглядом інструктора.</p> \r\n<h2>Економія часу та ресурсів</h2> \r\n<p>Введення можливості самопідготовки до теоретичного іспиту також скорочує час, необхідний для отримання водійських прав. Раніше кандидати були зобов’язані відвідувати курси в автошколах, які могли тривати кілька місяців. Тепер же, якщо людина вже володіє знаннями або швидко засвоює матеріал, вона може скласти іспит значно швидше. Це дозволяє уникнути довгих черг в автошколах та забезпечує більш оперативний процес отримання водійського посвідчення.</p> \r\n<h2>Виклики нової системи</h2> \r\n<p>Проте спрощення вимог до теоретичного навчання може мати як позитивні, так і негативні наслідки. Деякі експерти вважають, що недостатня підготовка теоретичної частини може призвести до підвищеного ризику на дорогах. Незважаючи на це, держава розраховує на відповідальність майбутніх водіїв, а також на розвиток сучасних інструментів для самостійного навчання. Зокрема, розроблено численні додатки та онлайн-платформи, які дозволяють ефективно та якісно готуватися до теоретичних іспитів.</p>\r\n<h2>Відгуки громадськості</h2> \r\n<p>Зміни в процесі підготовки до іспитів викликали різні реакції в суспільстві. Багато людей вважають, що спрощення умов навчання полегшить доступ до водійських прав і позитивно вплине на мобільність громадян. Водночас є й ті, хто висловлює занепокоєння через можливість зниження загального рівня знань серед нових водіїв. У відповідь на це Міністерство внутрішніх справ заявляє, що система буде постійно контролюватися, а кількість аварій з вини новачків буде аналізуватися, щоб оцінити ефективність нових правил.</p>\r\n<h2>Очікувані результати</h2> \r\n<p>Запроваджені зміни можуть сприяти не лише зменшенню витрат часу і коштів для майбутніх водіїв, але й зниженню навантаження на автошколи та підвищенню доступності водійських прав для широкого кола громадян. Доступність та демократизація навчання на права, зокрема, дозволяють розширити коло тих, хто може законно керувати транспортним засобом, не вдаючись до послуг дорогих курсів. Завдяки цьому у майбутньому очікується підвищення загального рівня мобільності в країні, що особливо актуально для регіонів, де якісні автошколи можуть бути обмежені або недоступні. Таким чином, спрощення процесу складання теоретичних іспитів у 2024 році можна вважати кроком до більш доступного і демократичного процесу отримання водійських прав в Україні.</p>	2024-11-12 17:54:44	2025-06-22 19:36:40	Для майбутніх водіїв процес отримання прав також зазнав змін. Відтепер кандидати можуть складати теоретичний іспит без обов’язкового відвідування курсів в автошколах. 
increase-fines-for-speeding-violations-2025	uk	В Україні планують підвищити розміри штрафів за порушення швидкісного режиму	<p>Депутати Верховної Ради планують збільшити штрафи водіям за перевищення швидкості та прибрати «плюс 20 км/год». Це передбачається Проектом Закону 13314 від 26.05.2025 "Про внесення змін до Кодексу України про адміністративні правопорушення щодо запровадження пропорційності відповідальності за перевищення встановлених обмежень швидкості руху транспортних засобів".<br><br>Проєкт ґрунтується на тому, що надмірна швидкість є основною причиною смертності та травмування внаслідок ДТП. Депутати стверджують, що КУпАП не виконує одного із основних завдань – запобігати<br>адміністративним правопорушенням, зокрема, які пов’язані із перевищенням швидкості. Депутати приводять опитування, в якому стверджується, що 54% українців погоджують зниження порогу на 10 км для застосування штрафів. Але якщо подивитись опитування, то це не зовсім так. Тільки 28% повністю підтримують нововведення.<br><br>Пропонується така градація:<br>№ Розмір перевищення швидкості руху - Відповідальність<br>1 &gt;10 км/год 340 грн&nbsp;<br>2 &gt;20 км/год 680 грн&nbsp;<br>3 &gt;30 км/год 1360 грн&nbsp;<br>4 &gt;40 км/год 1700 грн&nbsp;<br>5 &gt;60 км/год 2720 грн&nbsp;<br>6 &gt;80 км/год 3400 грн&nbsp;<br>7 Перевищення у п.1 – 6 цієї таблиці, що спричинило створення аварійної обстановки - позбавлення права керування на строк від 6 місяців до 1 року.<br><br>Депутати планують знизити процент смертності на 35% на прикладі Польщі за 4 останніх роки. В якості відправної точки вони вказуть смерті 1770 людини які сталися у 2024 році в результаті перевищення швидкості.</p>	2025-06-15 13:38:03	2025-06-15 13:51:14	Сума штрафу зростатиме пропорційно до величини перевищення дозволеної швидкості
laws-and-regulations-governing-the-field-of-military-law	en	Laws and regulations governing the field of military law	<p>Military law is an essential part of the national legal system, which defines the legal foundations of the activities of the Armed Forces of Ukraine and other military formations. Its purpose is to ensure the effective defense of the state, the observance of legal order in the Armed Forces, as well as the rights and duties of military personnel.</p>\r\n\r\n<h2>Main Sources of Military Law</h2>\r\n\r\n<p>The key legislative acts regulating the field of military law include:</p>\r\n\r\n<ul>\r\n  <li><em>The Constitution of Ukraine</em> — establishes the basic principles of state defense, the legal status of the Armed Forces, and the obligation of citizens to defend the homeland.</li>\r\n  <li><em>The Law of Ukraine "On the Defense of Ukraine"</em> — defines the legal basis of defense, the procedure for its organization, and the tasks of the Armed Forces of Ukraine.</li>\r\n  <li><em>The Law of Ukraine "On the Armed Forces of Ukraine"</em> — determines the structure, functions, powers, and operational procedures of the Armed Forces.</li>\r\n  <li><em>The Law of Ukraine "On Military Duty and Military Service"</em> — regulates conscription, military service, benefits, and social guarantees for military personnel.</li>\r\n  <li><em>The Criminal Code of Ukraine</em> — contains a section on military crimes, including responsibility for violations of military discipline, desertion, insubordination, and other offenses.</li>\r\n</ul>\r\n\r\n<h2>Subordinate Regulatory Acts</h2>\r\n\r\n<p>In addition to laws, decrees of the President of Ukraine, resolutions of the Cabinet of Ministers, and orders of the Ministry of Defense and the General Staff of the Armed Forces play an important role. They detail legal provisions and regulate practical aspects of military service.</p>\r\n\r\n<p>For example, orders of the Ministry of Defense define:</p>\r\n\r\n<ul>\r\n  <li>the procedure for military service;</li>\r\n  <li>requirements for military uniforms and insignia;</li>\r\n  <li>internal rules in military units;</li>\r\n  <li>mobilization procedures and reservist training.</li>\r\n</ul>\r\n\r\n<h2>International Humanitarian Law</h2>\r\n\r\n<p>An important component of military law is international treaties, in particular the 1949 Geneva Conventions and their Additional Protocols. They regulate the rules of warfare, the protection of civilians, the wounded, and prisoners of war. Ukraine is a party to these international treaties, and their provisions take precedence over national legislation in case of conflict.</p>\r\n\r\n<h2>Judicial Practice and Interpretation</h2>\r\n\r\n<p>Judicial practice, especially the decisions of the Constitutional Court of Ukraine and the Supreme Court, plays a significant role in forming and clarifying military law norms. They provide legal interpretations regarding the application of laws in specific situations, such as mobilization, discharge from military service, and the liability of military personnel.</p>\r\n\r\n<h2>Conclusion</h2>\r\n\r\n<p>The field of military law in Ukraine is governed by a set of laws, subordinate acts, and international treaties. It is dynamic and requires continuous updates in response to changes in security and defense. A clear and effective legal framework ensures the combat readiness of the army, the protection of the rights of service members, and the safeguarding of national interests.</p>\r\n	2025-06-29 12:42:15	2025-06-29 12:46:00	An introductory article on the topic of military law will introduce the reader to the main regulatory and legal documents in this area.
laws-and-regulations-governing-the-field-of-military-law	uk	Закони та нормативно-правові акти, які регулюють сферу військового права	<p>Військове право є важливою складовою системи національного законодавства, яка визначає правові засади діяльності Збройних Сил України та інших військових формувань. Його мета — забезпечити ефективну оборону держави, дотримання правового порядку у Збройних Силах, а також прав та обов’язків військовослужбовців.</p>\r\n\r\n<h2>Основні джерела військового права</h2>\r\n\r\n<p>До ключових законодавчих актів, які регулюють сферу військового права, належать:</p>\r\n\r\n<ul>\r\n  <li><em>Конституція України</em> — закріплює основні засади оборони держави, правовий статус Збройних Сил та обов’язок громадян щодо захисту Вітчизни.</li>\r\n  <li><em>Закон України «Про оборону України»</em> — визначає правові основи оборони, порядок її організації, завдання Збройних Сил України.</li>\r\n  <li><em>Закон України «Про Збройні Сили України»</em> — встановлює структуру, функції, повноваження та порядок діяльності Збройних Сил.</li>\r\n  <li><em>Закон України «Про військовий обов’язок і військову службу»</em> — регулює призов, проходження служби, пільги та соціальні гарантії військовослужбовців.</li>\r\n  <li><em>Кримінальний кодекс України</em> — містить розділ про військові злочини, які передбачають відповідальність за порушення військової дисципліни, дезертирство, непокору та інші правопорушення.</li>\r\n</ul>\r\n\r\n<h2>Підзаконні нормативно-правові акти</h2>\r\n\r\n<p>Окрім законів, у військовій сфері важливу роль відіграють укази Президента України, постанови Кабінету Міністрів, накази Міністерства оборони та Генерального штабу ЗСУ. Вони деталізують норми законів і регулюють практичні аспекти військової служби.</p>\r\n\r\n<p>Наприклад, накази Міністерства оборони визначають:</p>\r\n\r\n<ul>\r\n  <li>порядок проходження військової служби;</li>\r\n  <li>вимоги до військової форми та відзнак;</li>\r\n  <li>внутрішній розпорядок у військових частинах;</li>\r\n  <li>питання мобілізації та підготовки резервістів.</li>\r\n</ul>\r\n\r\n<h2>Міжнародне гуманітарне право</h2>\r\n\r\n<p>Важливою складовою військового права є міжнародні договори, зокрема Женевські конвенції 1949 року та додаткові протоколи до них. Вони регулюють правила ведення війни, захист цивільного населення, поранених та військовополонених. Україна є стороною цих міжнародних договорів, і відповідні норми мають пріоритет перед національним законодавством у разі суперечностей.</p>\r\n\r\n<h2>Судова практика та тлумачення</h2>\r\n\r\n<p>Судова практика, зокрема рішення Конституційного Суду України та Верховного Суду, відіграє важливу роль у формуванні та уточненні норм військового права. Вони надають юридичні роз’яснення щодо застосування законів у конкретних ситуаціях, зокрема щодо мобілізації, звільнення з військової служби та відповідальності військовослужбовців.</p>\r\n\r\n<h2>Висновок</h2>\r\n\r\n<p>Сфера військового права в Україні регулюється комплексом законів, підзаконних актів та міжнародних договорів. Вона має динамічний характер і потребує постійного оновлення в умовах змін у сфері безпеки та оборони. Чітка та ефективна правова база є запорукою боєздатності армії, дотримання прав військовослужбовців і захисту національних інтересів.</p>\r\n	2025-06-29 12:42:15	2025-06-29 12:44:17	Ввідна стаття на тему військового права познайомить читача з основними нормативно-правовими документами у цій сфері.
the-importance-of-seat-belts-when-driving-a-car	en	The importance of seat belts when driving a car	<p>Seat belts are one of the simplest yet most effective means of protecting drivers and passengers in the event of a traffic accident. They save lives, reduce the risk of injury, and are mandatory under Ukrainian law. Despite their obvious importance, many drivers and passengers still ignore this rule, viewing seat belts merely as a “formality” or an “inconvenience.”</p>\r\n\r\n<p>This article explains why using seat belts is critically important, what Ukrainian Traffic Rules say about it, what the consequences are for violators, and debunks common myths.</p>\r\n\r\n<h2>What is a seat belt and how does it work?</h2>\r\n<p>A seat belt is a passive safety device designed to keep a person in place during a collision or sudden braking. Its main function is to prevent ejection from the seat, which can be fatal even at speeds of 30–50 km/h.</p>\r\n\r\n<p>A typical three-point seat belt holds the body in two directions—forward and downward—distributing the impact force over the strongest areas of the body: the clavicles, chest, and pelvis. This significantly reduces the risk of serious injury.</p>\r\n\r\n<h2>Accident statistics: seat belts save lives</h2>\r\n<p>According to the World Health Organization, proper use of seat belts:</p>\r\n<ul>\r\n  <li>reduces the risk of death for drivers and front passengers by <strong>45–50%</strong>;</li>\r\n  <li>reduces the risk of serious injuries for rear passengers by <strong>25–75%</strong>;</li>\r\n  <li>lowers the chance of being ejected from the vehicle by 2–3 times.</li>\r\n</ul>\r\n<p>In Ukraine, tens of thousands of road accidents occur annually, resulting in thousands of deaths and injuries. According to the Patrol Police, a significant number of the deceased were not wearing seat belts.</p>\r\n\r\n<h2>Legal framework: what Ukrainian traffic rules say</h2>\r\n\r\n<p>The use of seat belts is regulated by the <strong>Traffic Rules of Ukraine</strong>, particularly <strong>Section 2: "Duties and rights of drivers of motor vehicles"</strong>.</p>\r\n\r\n<blockquote>\r\n  <p><strong>Clause 2.3 of the Traffic Rules:</strong><br>\r\n  "The driver is obliged to:... (i) wear a seat belt (if available) while driving and not to transport passengers who are not wearing seat belts."</p>\r\n</blockquote>\r\n\r\n<p>This means the driver must not only wear the belt themselves but also ensure that all passengers are wearing theirs.</p>\r\n\r\n<blockquote>\r\n  <p><strong>Clause 5.1 of the Traffic Rules:</strong><br>\r\n  "Passengers must wear seat belts while in a moving vehicle equipped with them."</p>\r\n</blockquote>\r\n\r\n<h2>Administrative liability</h2>\r\n\r\n<p>According to <strong>Article 121 of the Code of Administrative Offenses of Ukraine (CAO)</strong>, failure to use seat belts results in a fine:</p>\r\n\r\n<blockquote>\r\n  <p>"Driving a vehicle without wearing a seat belt... shall result in a fine of <strong>510 UAH</strong>."</p>\r\n</blockquote>\r\n\r\n<p>Repeated violations may lead to temporary license suspension, especially when combined with other serious traffic offenses.</p>\r\n\r\n<h2>Who is exempt from using seat belts?</h2>\r\n\r\n<p>According to the traffic rules, some categories of individuals are exempt from the mandatory use of seat belts:</p>\r\n<ul>\r\n  <li>drivers and passengers of emergency vehicles while on duty;</li>\r\n  <li>driving instructors during training sessions;</li>\r\n  <li>drivers and passengers of vehicles not equipped with seat belts (e.g., old buses).</li>\r\n</ul>\r\n\r\n<h2>Seat belts and children</h2>\r\n\r\n<p>Special attention should be given to transporting children. Traffic rules require drivers to ensure safe transportation of children using child safety seats or belt adapters.</p>\r\n\r\n<blockquote>\r\n  <p><strong>Clause 21.11 of the Traffic Rules:</strong><br>\r\n  "It is prohibited to transport children under the height of 145 cm or under the age of 12 without using special child restraints..."</p>\r\n</blockquote>\r\n\r\n<p>Regular seat belts may injure a child or fail to protect them in a crash. Child safety seats are a necessity, not a luxury.</p>\r\n\r\n<h2>Common myths vs. reality</h2>\r\n\r\n<h3>Myth 1: "I’m a good driver, accidents won’t happen to me"</h3>\r\n<p><strong>Fact:</strong> Over 60% of accidents involve victims who were not at fault. You can be careful, but you cannot control the actions of others on the road.</p>\r\n\r\n<h3>Myth 2: "It’s better to jump out of the car during a crash"</h3>\r\n<p><strong>Fact:</strong> A person ejected from a vehicle is 5 times more likely to die. A belted passenger stays inside, increasing the chance of survival.</p>\r\n\r\n<h3>Myth 3: "There’s no need to buckle up in the back seat"</h3>\r\n<p><strong>Fact:</strong> Unbelted rear passengers can injure themselves and others during a collision, including the driver and front passengers.</p>\r\n\r\n<h2>The psychological aspect</h2>\r\n\r\n<p>Many people avoid using seat belts out of carelessness, habit, or fear of looking "uncool" in front of others. This is an example of cognitive dissonance—when people are aware of the danger but ignore it due to habit or social pressure.</p>\r\n\r\n<p>That’s why public education is essential—starting with teaching children to buckle up and setting a good personal example.</p>\r\n\r\n<h2>Conclusion</h2>\r\n\r\n<p>Seat belts are more than just a vehicle feature. They are a vital line of defense that can save lives. Using them is mandatory under Ukrainian law, and ignoring this rule carries not only legal penalties but also real danger to life.</p>\r\n\r\n<p><strong>Be a responsible driver and passenger — always buckle up, at any speed, in any seat.</strong></p>\r\n	2025-06-24 18:40:16	2025-06-24 18:49:51	Using seat belts is critically important.
the-importance-of-seat-belts-when-driving-a-car	uk	Важливість ременів безпеки при керуванні автомобілем	<p data-start="248" data-end="653">Ремені безпеки — один із найпростіших, але водночас найефективніших засобів захисту водія та пасажирів у разі дорожньо-транспортної пригоди. Вони рятують життя, зменшують ризик травмування та є обов’язковими до використання згідно з законодавством України. Попри очевидну важливість, досі значна частина водіїв і пасажирів нехтують цим правилом, сприймаючи ремені лише як "формальність" або "незручність".</p>\r\n<p data-start="655" data-end="870">У цьому матеріалі розглянемо, чому використання ременів безпеки є критично важливим, що говорять з цього приводу Правила дорожнього руху України, які наслідки чекають на порушників, а також спростуємо поширені міфи.</p><h2 data-start="655" data-end="870" class=""><span style="font-weight: normal;">Що таке ремінь безпеки і як він працює?</span></h2><p data-start="925" data-end="1180">Ремінь безпеки — це пристрій пасивної безпеки, призначений для утримання людини на місці під час зіткнення або різкого гальмування. Його основна функція — не допустити викидання людини з сидіння, що може стати фатальним навіть при швидкості 30–50 км/год.</p>\r\n<p data-start="1182" data-end="1419">Типовий триточковий ремінь безпеки утримує тіло в двох напрямках — уперед і вниз, розподіляючи сили удару по найбільш міцних ділянках тіла: ключицях, грудній клітці та тазі. Завдяки цьому ризик отримати серйозні травми знижується в рази.</p><h2 data-start="1182" data-end="1419" class=""><span style="font-weight: normal;">Статистика ДТП: ремінь безпеки рятує життя</span></h2><p data-start="1477" data-end="1573">Згідно з даними Всесвітньої організації охорони здоров’я, правильне використання ременя безпеки:</p><ul><li>знижує ризик загибелі водія та переднього пасажира на <strong data-start="1631" data-end="1641">45–50%</strong>;</li><li>зменшує ймовірність серйозних травм у задніх пасажирів на <strong data-start="1703" data-end="1713">25–75%</strong>;</li><li>у 2–3 рази зменшує шанс бути викинутим із транспортного засобу.</li></ul><p data-start="1477" data-end="1573">В Україні щороку трапляються десятки тисяч ДТП, в яких гинуть і травмуються тисячі людей. За даними Патрульної поліції, значна частина загиблих не користувалися ременями безпеки.</p><h2 data-start="1182" data-end="1419" class=""><span style="font-weight: normal;">Нормативна база: що говорять Правила дорожнього руху України</span></h2><p></p>\r\n<p>Використання ременів безпеки регламентується <strong>Правилами дорожнього руху України</strong>, зокрема <strong>розділом 2 «Обов’язки і права водіїв механічних транспортних засобів»</strong>.</p>\r\n\r\n<blockquote>\r\n  <p><strong>Пункт 2.3. ПДР України:</strong><br>\r\n  "Водій зобов'язаний:... ї) під час руху бути пристебнутим засобом безпеки (за наявності) і не перевозити пасажирів, не пристебнутих засобами безпеки."</p>\r\n</blockquote>\r\n\r\n<p>Цей пункт зобов'язує водія не лише самому використовувати ремінь, а й контролювати, щоб усі пасажири в салоні теж були пристебнуті.</p>\r\n\r\n<blockquote>\r\n  <p><strong>Пункт 5.1. ПДР України:</strong><br>\r\n  "Пасажири зобов’язані користуватися ременями безпеки під час руху транспортного засобу, обладнаного такими засобами."</p>\r\n</blockquote>\r\n\r\n<h2><span style="font-weight: normal;">Адміністративна відповідальність</span></h2>\r\n\r\n<p>Відповідно до <strong>статті 121 Кодексу України про адміністративні правопорушення (КУпАП)</strong>, за порушення правил користування ременями безпеки передбачено штраф:</p>\r\n\r\n<blockquote>\r\n  <p>"Керування водієм транспортним засобом, не пристебнутим ременем безпеки... — тягне за собою накладення штрафу в розмірі <strong>510 гривень</strong>."</p>\r\n</blockquote>\r\n\r\n<p>Крім того, за систематичні порушення можливе тимчасове вилучення прав, особливо якщо це поєднується з іншими грубими порушеннями правил.</p>\r\n\r\n<h2><span style="font-weight: normal;">Хто звільняється від обов’язку користуватися ременем?</span></h2>\r\n\r\n<p>Згідно з ПДР, окремі категорії осіб можуть бути звільнені від обов’язкового використання ременів. Це:</p>\r\n<ul>\r\n  <li>водії і пасажири оперативних транспортних засобів під час виконання службових обов'язків;</li>\r\n  <li>інструктори під час навчальної їзди;</li>\r\n  <li>водії і пасажири транспортних засобів, обладнаних сидіннями без ременів (наприклад, старі автобуси).</li>\r\n</ul>\r\n\r\n<h2><span style="font-weight: normal;">Ремінь безпеки та діти</span></h2>\r\n\r\n<p>Особливу увагу варто приділити перевезенню дітей. ПДР зобов’язують водіїв забезпечувати безпечне перевезення дітей за допомогою спеціальних автокрісел або адаптерів ременя.</p>\r\n\r\n<blockquote>\r\n  <p><strong>Пункт 21.11 ПДР України:</strong><br>\r\n  "Забороняється перевозити дітей, зріст яких менше 145 см або вік менше 12 років, без використання спеціальних засобів..."</p>\r\n</blockquote>\r\n\r\n<p>Під час зіткнення звичайний ремінь безпеки може травмувати дитину або взагалі не спрацювати. Тому дитячі автокрісла — не опція, а необхідність.</p>\r\n\r\n<h2><span style="font-weight: normal;">Поширені міфи та реальність</span></h2>\r\n\r\n<h3>Міф 1: «Я добре воджу, аварій не буде»</h3>\r\n<p><strong>Факт:</strong> Понад 60% ДТП відбуваються не з вини того, хто постраждав. Ви можете бути обережним, але не здатні передбачити дії інших водіїв.</p>\r\n\r\n<h3>Міф 2: «При аварії краще вистрибнути»</h3>\r\n<p><strong>Факт:</strong> Людина, яку викидає з машини, має у 5 разів більшу ймовірність загинути. Пристебнутий пасажир залишається в салоні, де більше шансів вижити.</p>\r\n\r\n<h3>Міф 3: «На задньому сидінні не обов’язково пристібатися»</h3>\r\n<p><strong>Факт:</strong> Пасажири на задніх сидіннях, які не пристебнуті, під час аварії можуть травмувати не лише себе, а й водія або переднього пасажира.</p>\r\n\r\n<h2><span style="font-weight: normal;">Психологічний аспект</span></h2>\r\n\r\n<p>Багато людей уникають користування ременями через побутову недбалість, небажання витрачати час або навіть страх виглядати "смішно" в очах інших. Така поведінка — приклад когнітивного дисонансу, коли люди знають про небезпеку, але ігнорують її через звичку або соціальний тиск.</p>\r\n\r\n<p>Саме тому важливо вести інформаційну кампанію, вчити дітей з дитинства пристібатися та демонструвати особистий приклад.</p>\r\n\r\n<h2><span style="font-weight: normal;">Висновки</span></h2>\r\n\r\n<p>Ремінь безпеки — не просто елемент оснащення автомобіля. Це ваша гарантія життя і здоров’я. Його використання є обов’язковим відповідно до Правил дорожнього руху України, і нехтування цим правилом тягне не лише адміністративну відповідальність, а й реальну небезпеку для життя.</p>\r\n\r\n<p><strong>Будьте відповідальними водіями і пасажирами — пристібайтеся завжди, на будь-якій швидкості та на будь-якому сидінні.</strong></p>	2025-06-24 18:40:16	2025-06-24 18:47:02	Використання ременів безпеки є критично важливим для життя.
amendments-resolution-no-76-27.01.23	uk	Зміни до постанови КМУ щодо бронювання військовозобов'язаних № 27.01.23 № 76	<p>Нові зміни до постанови КМУ щодо бронювання військовозобов'язаних № 27.01.23 № 76</p><p><a href="https://zakon.rada.gov.ua/laws/show/76-2023-%D0%BF#Text" target="_blank">Посилання на постанову</a><br><br>Вказана постанова визначає<br></p><ul><li>порядок бронювання військовозобов’язаних на період мобілізації та на воєнний час.</li><li>критерії та порядок, визначення підприємств, які є критично важливими</li></ul><h2 class="">Основні зміни</h2><p><br>Розширені критерії визнання підприємств, які є критично важливими. До них додані юридичні особи незалежно від організаційно-правової форми, які здійснюють охорону об’єктів паливно-енергетичного комплексу і засновником, учасником (акціонером) яких є господарські товариства, у статутному капіталі яких 100 відсотків акцій (часток) прямо чи опосередковано належать державі.<br><br>Правці порядку бронювання не поширюється на військовозобов’язаних, які перебувають на військовому обліку в СБУ, розвідувальних органах України.<br><br>Встановлена кількість військовозобов’язаних працівників підприємств, що пов'язані з тепловою енергією, які підлягають бронюванню, повинна становити не більше 75 відсотків кількості військовозобов’язаних працівників таких підприємств.</p>	2025-06-29 14:56:38	2025-06-29 14:59:54	Деякі зміни в критеріях визнання підприємств критично важливими. Зміни для працівників підприємств, що пов'язані з тепловою енергією.
administrative-detention	en	Administrative detention: legal grounds, terms and features	<p>Administrative detention is the forced delivery of a person to law enforcement agencies to establish identity or consider an offense. It differs from criminal detention and is regulated by the Code of Ukraine on Administrative Offenses (CUAO).</p>\r\n\r\n<div class="important">\r\nImportant: A police officer must clearly explain the reason for detention and present identification.\r\n</div><div class="important"><br></div>\r\n\r\n<h2>Legal Grounds for Administrative Detention</h2>\r\n<p>Detention is only possible in cases provided by law:</p>\r\n<ul>\r\n    <li>Public order violations (fights, offensive behavior, public intoxication - Articles 173-185 CUAO)</li>\r\n    <li>Traffic violations (driving under influence, refusal of testing - Articles 130-132)</li>\r\n    <li>Failure to comply with lawful police requests (Article 185-1)</li>\r\n    <li>Suspicion of committing an administrative offense when unable to present ID</li>\r\n</ul>\r\n\r\n<h2>Terms of Administrative Detention</h2>\r\n<ul>\r\n    <li>Up to 3 hours - standard period for identification and protocol preparation</li>\r\n    <li>Up to 72 hours - if the violation may lead to administrative arrest (e.g., petty hooliganism)</li>\r\n</ul>\r\n<p>After this period, the person is either released or transferred to court.</p>\r\n\r\n<h2>Rights of the Detainee</h2>\r\n<ul>\r\n    <li>Receive information about the reason for detention</li>\r\n    <li>Communicate in native language (with interpreter if needed)</li>\r\n    <li>Notify relatives about the detention</li>\r\n    <li>Request a lawyer - even for administrative offenses</li>\r\n    <li>Refuse testimony (Article 52 of Ukraine's Constitution)</li>\r\n</ul>\r\n\r\n<h2>What to Do If Detained?</h2>\r\n<ul>\r\n    <li>Calmly listen to the reason and check the officer's ID</li>\r\n    <li>Do not resist - this may qualify as disobedience (Article 185 CUAO)</li>\r\n    <li>Record the incident (audio/video recording, witnesses)</li>\r\n    <li>Demand a copy of the protocol</li>\r\n    <li>Contact a lawyer (even for minor offenses)</li>\r\n</ul>\r\n\r\n<h2>Comparison with Criminal Detention</h2>\r\n<table>\r\n    <tbody><tr>\r\n        <th>Criterion</th>\r\n        <th>Administrative</th>\r\n        <th>Criminal</th>\r\n    </tr>\r\n    <tr>\r\n        <td>Grounds</td>\r\n        <td>Minor offense</td>\r\n        <td>Suspicion of crime</td>\r\n    </tr>\r\n    <tr>\r\n        <td>Duration</td>\r\n        <td>Up to 3-72 hours</td>\r\n        <td>Up to 72 hours (+ arrest)</td>\r\n    </tr>\r\n    <tr>\r\n        <td>Consequences</td>\r\n        <td>Fine, arrest up to 15 days</td>\r\n        <td>Criminal liability</td>\r\n    </tr>\r\n</tbody></table>\r\n\r\n<h2><br></h2><h2>How to Appeal Illegal Detention?</h2>\r\n<ol>\r\n    <li>File a complaint with prosecutor's office or court (Article 255 CUAO)</li>\r\n    <li>Demand compensation for moral damages</li>\r\n    <li>Contact the Ombudsman's Office or human rights organizations</li>\r\n</ol>\r\n\r\n<div class="conclusion">\r\n    <h3>Conclusion</h3>\r\n    <p>Administrative detention is not a punishment, but a measure to maintain order. However, it can be abused, so knowing your rights helps protect yourself.</p>\r\n</div>	2025-06-27 18:49:55	2025-06-27 19:03:30	A brief list of information you need to know and remember to protect your rights and interests.
administrative-detention	uk	Адміністративне затримання: правові підстави, строки та особливості	<p>Адміністративне затримання — це примусова доставка особи до правоохоронних органів для встановлення її особи або розгляду правопорушення. Воно відрізняється від кримінального затримання і регулюється Кодексом України про адміністративні правопорушення (КУпАП).</p><div class="important">\r\n        Важливо<strong>:</strong> Поліцейський має чітко пояснити причину затримання та представитися.</div><h2>Правові підстави для адміністративного затримання</h2>\r\n    <p>Затримання можливе лише у випадках, передбачених законом:</p>\r\n    <ul>\r\n        <li>Порушення громадського порядку (бійка, образливе поводження, сп'яніння у громадських місцях — ст. 173-185 КУпАП)</li>\r\n        <li>Порушення ПДР (керування авто у стані сп'яніння, відмова від перевірки — ст. 130-132)</li>\r\n        <li>Невиконання законних вимог поліції (ст. 185-1)</li>\r\n        <li>Підозра у вчиненні адміністративного правопорушення, якщо особа не може надати документи</li>\r\n    </ul>\r\n\r\n    <h2>Строки адміністративного затримання</h2>\r\n    <ul>\r\n        <li>До 3 годин — стандартний термін для встановлення особи та складання протоколу</li>\r\n        <li>До 72 годин — якщо порушення тягне за собою адміністративний арешт (наприклад, дрібне хуліганство)</li>\r\n    </ul>\r\n    <p>Після цього особу або відпускають, або передають до суду.</p>\r\n\r\n    <h2>Права затриманого</h2>\r\n    <ul>\r\n        <li>Отримати інформацію про причину затримання</li>\r\n        <li>Розмовляти рідною мовою (з перекладачем за потреби)</li>\r\n        <li>Повідомити близьким про затримання</li>\r\n        <li>Вимогати адвоката — навіть у випадку адміністративного правопорушення</li>\r\n        <li>Відмовитися від свідчень (ст. 52 Конституції України)</li>\r\n    </ul>\r\n\r\n    <h2>Що робити, якщо затримали?</h2>\r\n    <ul>\r\n        <li>Спокійно вислухати причину та перевірити посвідчення поліцейського</li>\r\n        <li>Не чинити опір — це може кваліфікуватися як непокора (ст. 185 КУпАП)</li>\r\n        <li>Фіксувати подію (аудіо-, відеозапис, свідки)</li>\r\n        <li>Вимагати копію протоколу</li><li>Звернутися до адвоката (навіть якщо порушення дрібне)</li></ul><h2>Порівняння з кримінальним затриманням</h2>\r\n    <table>\r\n        <tbody><tr>\r\n            <th>Критерій</th>\r\n            <th>Адміністративне</th>\r\n            <th>Кримінальне</th>\r\n        </tr>\r\n        <tr>\r\n            <td>Підстава</td>\r\n            <td>Дрібне правопорушення</td>\r\n            <td>Підозра у злочині</td>\r\n        </tr>\r\n        <tr>\r\n            <td>Строк</td>\r\n            <td>До 3–72 годин</td>\r\n            <td>До 72 годин (+ арешт)</td>\r\n        </tr>\r\n        <tr>\r\n            <td>Наслідки</td>\r\n            <td>Штраф, арешт до 15 діб</td>\r\n            <td>Кримінальна відповідальність</td>\r\n        </tr>\r\n    </tbody></table>\r\n\r\n    <h2><br></h2><h2>Як оскаржити незаконне затримання?</h2>\r\n    <ol>\r\n        <li>Подати скаргу до прокуратури або суду (ст. 255 КУпАП)</li>\r\n        <li>Вимагати компенсації за моральну шкоду</li>\r\n        <li>Звернутися до Офісу Омбудсмена або правозахисних організацій</li>\r\n    </ol>\r\n\r\n    <div class="conclusion">\r\n        <h3>Висновок</h3>\r\n        <p>Адміністративне затримання — це не покарання, а засіб забезпечення порядку. Але ним можуть зловживати представники влади для досягнення своєї мети, тому знання своїх прав допомагає захиститися.</p>\r\n    </div>	2025-06-27 18:49:55	2025-06-27 18:57:37	Стислий перелік інформації, яку потрібно знати і пам'ятати для захисту своїх прав і інтересів.
Restrictions-on-the-right-to-drive-a-vehicle-during-mobilization	en	Restrictions on the right to drive a vehicle during mobilization	<p data-start="202" data-end="437"><span data-start="202" data-end="298">Amendments to the Code of Administrative Procedure of Ukraine under the New Mobilization Law.</span></p><p data-start="202" data-end="437"><span data-start="301" data-end="367"><a href="https://zakon.rada.gov.ua/laws/show/3633-IX#Text" target="_blank">Document No. 3633-IX, currently in force (not the Code itself)</a></span></p><h2 data-start="202" data-end="437" class=""><span data-start="370" data-end="437">Restriction of the Right to Drive a Vehicle During Mobilization</span></h2>\r\n<p data-start="439" data-end="868"><strong data-start="439" data-end="456">Article 283-2</strong> has been supplemented with a provision allowing the <strong data-start="509" data-end="571">Territorial Center of Recruitment and Social Support (TCC)</strong> to apply to the court to restrict a Ukrainian citizen’s right to drive a vehicle during mobilization.<br data-start="673" data-end="676">\r\nThe TCC has the right to apply if the citizen fails to comply with the lawful order of the TCC regarding the fulfillment of their duty.<br data-start="811" data-end="814">\r\nThe case falls under the jurisdiction of local courts.</p>\r\n<p data-start="870" data-end="905">In such a case, the TCC must prove:</p><ul><li>failure to fulfill duties under Part 3 of Article 22 of the Law of Ukraine "On Mobilization Preparation and Mobilization";</li><li>inability to detain and deliver the person to the TCC;</li><li>inability to serve a summons;</li><li>failure to comply with the order issued by the TCC;</li><li>the use of the vehicle is not related to a disability or a child with a disability.</li></ul><h2 class=""><span data-start="1270" data-end="1287">Key Features</span></h2><ul><li>the court decision is subject to immediate enforcement;</li><li>15 days are granted for filing an appeal;</li><li>the appeal must be reviewed within 15 days;</li><li>the decision of the appellate court may be further appealed through cassation.</li></ul><p></p>	2025-06-26 16:46:37	2025-06-26 16:50:18	Amendments to the Code of Administrative Procedure of Ukraine under the New Mobilization Law Allow TCCs to Restrict the Right to Drive a Vehicle.
Restrictions-on-the-right-to-drive-a-vehicle-during-mobilization	uk	Обмеження у праві керування транспортним засобом під час мобілізації	<p>Зміни до Кодексу про адміністративне судочинство України відповідно до нового мобілізаційного Закону.<br></p><p><a href="https://zakon.rada.gov.ua/laws/show/3633-IX#Text" target="_blank">Документ 3633-IX, чинний (не кодекс)</a></p><h2 class="">Обмеження у праві керування транспортним засобом під час мобілізації</h2><p><br>Стаття 283-2 доповнено можливістю територіального центру комплектування та соціальної підтримки&nbsp; (ТЦК) звернутися до суду для обмеження громадянина України у праві керування транспортним засобом під час мобілізації. ТЦК має право звернутися у разі невиконання громадянином України вимоги такого ТЦК про виконання обов’язку. Справа підсудна місцевим судам.&nbsp;<br><br>При цьому ТЦК має довести:<br></p><ul><li>невиконання обов'язків згідно ч.3 ст.22 ЗУ Про мобілізаційну підготовку та мобілізацію</li><li>неможливість затримання та доставки в ТЦК</li><li>неможливість вручення повістки</li><li>невиконання обов'язку зазначеного в вимозі</li><li>використання ТЗ у зв'язку з інвалідністю або дитини з інвалідністю<br></li></ul><h2 class="">Особливості</h2><ul><li>рішення суду підлягає негайному виконанню</li><li>15 днів на оскарження</li><li>15 днів для розгляду апеляції</li><li>Рішення апеляційного суду може бути оскаржене в касаційному порядку.</li></ul>	2025-06-26 16:46:37	2025-06-26 17:14:33	Зміни до КАС України відповідно до нового мобілізаційного Закону дозволяють ТЦК обмежувати в праві керування ТЗ.
сircumstances-that-are-not-a-valid-reason-for-missing-a-procedural-deadline	en	Circumstances that are not a valid reason for missing a procedural deadline	 <p>Let us consider the concept of a circumstance that <strong>may or may not be recognized</strong> as a valid reason for missing a procedural deadline.</p>\r\n\r\n  <p><a href="https://reyestr.court.gov.ua/Review/126803587" target="_blank">Reference to the decision</a></p>\r\n\r\n  <p>\r\n    The provisions of the <strong>Code of Administrative Procedure of Ukraine</strong> do not contain a closed list of valid reasons for restoring a missed procedural deadline.\r\n    Each case is assessed individually, taking into account the specific circumstances.\r\n    In other words, the concept of <em>"valid reasons for missing a deadline"</em> is evaluative in nature and is decided at the discretion of the court.\r\n  </p>\r\n\r\n  <p>\r\n    If a person was unaware of a violation of their rights but, from a certain point in time, <strong>should have become aware of it</strong>,\r\n    the procedural period begins from that moment.\r\n    The law is based not only on the person's actual awareness of the violation but also on their <strong>objective ability</strong> to be aware of such a fact.\r\n    Comparing the wording <em>"became aware"</em> and <em>"should have become aware"</em> suggests a presumption of a person's duty to know the status of their rights.\r\n  </p>\r\n\r\n  <p>\r\n    To determine whether the person could and should have known about the violation,\r\n    the court must establish facts that clearly demonstrate a high and sufficient likelihood that the person was or could reasonably be expected to be informed.\r\n    Only then can the missed deadline be deemed to have valid reasons.\r\n  </p>\r\n\r\n  <h2>Conclusion</h2>\r\n  <p>\r\n    The Grand Chamber of the Supreme Court concluded that a person's <strong>subjective understanding</strong> of the legal consequences of an act,\r\n    as well as <strong>ignorance due to indifference to one’s rights</strong> or an intentional avoidance of information,\r\n    <strong>cannot be considered objective reasons</strong> preventing timely recourse to the court.\r\n    Therefore, an incorrect belief that no rights were violated over an extended period\r\n    <strong>does not justify passive behavior</strong> or procedural inaction on the part of the plaintiff.\r\n  </p>	2025-06-26 19:26:46	2025-06-26 19:29:25	The Grand Chamber of the Supreme Court Provided a Legal Assessment of a Circumstance That Cannot Be Considered a Valid Reason for Missing a Procedural Deadline
сircumstances-that-are-not-a-valid-reason-for-missing-a-procedural-deadline	uk	Обставина, яка не є поважною причиною пропуску процесуального строку	<p>Розглянемо таке поняття як обставина, як може бути або ні визнана поважною причиною пропуску процесуального строку.&nbsp;</p><p><a href="https://reyestr.court.gov.ua/Review/126803587" target="_blank">Посилання на рішення</a><br><br>Норми Кодексу адміністративного судочинства України не містять закритого переліку поважних причин для поновлення пропущеного процесуального строку. Кожна ситуація оцінюється індивідуально з урахуванням обставин конкретної справи. Іншими словами, поняття «поважні причини пропуску строку» має оціночний характер і вирішується судом на власний розсуд.<br><br>Якщо особа не знала про факт порушення своїх прав, але з певного моменту повинна була про нього дізнатись, відлік процесуального строку починається саме з цього моменту. Закон виходить не лише з фактичної обізнаності особи, а й з її об’єктивної можливості бути поінформованою про порушення. Співставлення формулювань «дізналася» і «повинна була дізнатися» свідчить про наявність презумпції обов’язку особи знати про стан своїх прав.<br><br>Для того щоб встановити, чи особа могла і повинна була дізнатись про порушення, суд має з’ясувати обставини, які б підтверджували реальну ймовірність обізнаності на достатньому рівні для висновку про те, що строк звернення був пропущений з об’єктивно поважних причин.<br></p><h2 class="">Висновок</h2><p>Велика Палата Верховного Суду дійшла висновку, що суб’єктивне сприйняття особою правових наслідків правопорушення, а також необізнаність через незацікавленість у власних правах або свідоме уникнення інформації не можуть визнаватися об’єктивними перешкодами для своєчасного звернення до суду. Тому хибна впевненість у відсутності порушення протягом тривалого часу не виправдовує пасивної поведінки позивача та його бездіяльність у процесі.</p>	2025-06-26 19:26:46	2025-06-26 19:26:46	Велика Палата Верховного Суду надала правову оцінку обставині, яка не може вважатися поважною підставою для поновлення пропущеного процесуального строку.
\.


--
-- Data for Name: audio; Type: TABLE DATA; Schema: public; Owner: postgres
--

COPY public.audio (identifier, active, name) FROM stdin;
3	t	Audio for article - Evidence in administrative offense cases key aspects
2	t	Audio for article - Document verification for drivers
1	t	Audio for article - Simplification of the drivers license examination process
44	t	test audio
46	t	Ukraine Plans to Increase Fines for Speeding Violations
47	t	The importance of seat belts when driving a car
48	t	The driver is allowed to enter the lane for route vehicles, separated by a broken marking line, for the purpose of dropping off a passenger
49	t	The Law on Road Traffic of Ukraine
50	t	Using a video recorder
51	t	Grounds for stopping a vehicle by police officers in Ukraine
52	t	Code of Administrative Procedure of Ukraine
53	t	Restrictions on the right to drive a vehicle during mobilization
54	t	Circumstances that are not a valid reason for missing a procedural deadline
55	t	Administrative detention: legal grounds, terms and features
56	t	Evidence in administrative law
57	t	Laws and regulations governing the field of military law
58	t	Amendments to the Resolution of the Cabinet of Ministers on the Reservation of Conscripts No. 27.01.23 No. 76
\.


--
-- Data for Name: audio_translates; Type: TABLE DATA; Schema: public; Owner: postgres
--

COPY public.audio_translates (audio_id, language, description, path) FROM stdin;
3	en	Evidence in Administrative Offense Cases: Key Aspects	articles/evidence-in-administrative-offense-cases-key-aspects/en-evidence-in-administrative-offense-cases-key-aspects.mp3
3	uk	Докази по справі про адміністративне правопорушення: ключові аспекти	articles/evidence-in-administrative-offense-cases-key-aspects/uk-evidence-in-administrative-offense-cases-key-aspects.mp3
2	en	Document Verification for Drivers by Police Officers: Updated Requirements and Procedures	articles/document-verification-for-drivers/en-Changes-in-driver-document.mp3
2	uk	Перевірка документів у водіїв працівниками поліції: оновлені вимоги та процедури	articles/document-verification-for-drivers/uk-perevirka-dokumentiv-u-vodiiv-transportnih-zasobiv.mp3
1	en	Simplification of the driver's license examination process audio	articles/simplification-of-the-drivers-license-examination-process/en-simplification-of-the-driver's-license-examination-process.mp3
1	uk	Спрощення процесу складання іспитів на права аудіо	articles/simplification-of-the-drivers-license-examination-process/uk-sproshennya-procesu-skladannya-ispitiv-na-prava.mp3
44	en	test track	articles/x1Em4itufDIGoYrcHuXf.mp3
44	uk	Тестовий трек для статті	articles/MTsZCc4rD6sGq7aUjkw6.mp3
46	en	Ukraine Plans to Increase Fines for Speeding Violations	articles/O1bvRPHX8BETSlbDuZkk.mp3
46	uk	В Україні планують підвищити розміри штрафів за порушення швидкісного режиму	articles/Jkyn4R1Wwf18Qgdls3fl.mp3
47	en	The importance of seat belts when driving a car	articles/zGgLQI3RrgejD1knJaLr.mp3
47	uk	Використання ременів безпеки є критично важливим для життя	articles/tBdvhTQhR1Gg31Zp6QnL.mp3
48	uk	Водієві дозволено, заїжджати на смугу для маршрутних транспортних засобів, відокремлену переривчастою лінією розмітки, з метою висадки пасажира	articles/BW7fbMpMB3vINNV4eVUC.mp3
48	en	The driver is allowed to enter the lane for route vehicles, separated by a broken marking line, for the purpose of dropping off a passenger	articles/4UfoZXEOsHmxu6ztgdwB.mp3
49	en	The Law on Road Traffic of Ukraine	articles/ob7mXXdlyLxg4qXThAPs.mp3
49	uk	Закон України Про дорожній рух	articles/Vz6KtZNhcWE2c1j5BFKo.mp3
50	en	Using a Dashcam	articles/toIMsEPQPOnf7qqxDcBj.mp3
50	uk	Використання відеореєстратора	articles/Hfc7jAV7SJNeEsgD5inE.mp3
51	en	Grounds for stopping a vehicle by police officers in Ukraine	articles/UePtTK4su18WJTFMUNHK.mp3
51	uk	Підстави для зупинки транспортного засобу працівниками поліції в Україні	articles/J5KGQrQYC5zDSNAw6XEJ.mp3
52	en	Code of Administrative Procedure of Ukraine	articles/VL0ThdYLPqCimyu7m1Mj.mp3
52	uk	Кодекс адміністративного судочинства України	articles/O3Ad9eclztWfCYPSyfmU.mp3
53	en	Restrictions on the right to drive a vehicle during mobilization	articles/80kepExwm7JOLlvi3Hn8.mp3
53	uk	Обмеження у праві керування транспортним засобом під час мобілізації	articles/Eli90j2FRLTY9nQisTg6.mp3
54	en	Circumstances that are not a valid reason for missing a procedural deadline	articles/ENPlJB6AvKW17aaYbZ8k.mp3
54	uk	Обставина, яка не є поважною причиною пропуску процесуального строку	articles/ZmE3qPdLkHrRYmMIJtHI.mp3
55	en	Administrative detention: legal grounds, terms and features	articles/rlFwMNzn6DijO4j4ud1P.mp3
55	uk	Адміністративне затримання: правові підстави, строки та особливості	articles/GCVyIHOKrxNgbfLtaEPM.mp3
56	en	Evidence in administrative law	articles/5e2kXdhfYT5X9thi1vsr.mp3
56	uk	Докази в адміністративному праві	articles/VERNx2uuhEUapgQNzrPh.mp3
57	en	Laws and regulations governing the field of military law	articles/Lo6l9AxA7ssBi95tP5Lv.mp3
57	uk	Закони та нормативно-правові акти, які регулюють сферу військового права	articles/WzkJozZG5XzSLqlSCWCW.mp3
58	en	Amendments to the Resolution of the Cabinet of Ministers on the Reservation of Conscripts No. 27.01.23 No. 76	articles/s60hWJ8A2Coz2GsfOyFv.mp3
58	uk	Зміни до постанови КМУ щодо бронювання військовозобов'язаних № 27.01.23 № 76	articles/5JID12owEKTk94MNxyAj.mp3
\.


--
-- Data for Name: author; Type: TABLE DATA; Schema: public; Owner: postgres
--

COPY public.author (identifier, name, active) FROM stdin;
3	Freepik	t
2	Depositphotos	t
1	AI	t
18	Test author 1	t
\.


--
-- Data for Name: author_translates; Type: TABLE DATA; Schema: public; Owner: postgres
--

COPY public.author_translates (author_id, language, description) FROM stdin;
3	en	Freepik
3	uk	Freepik
2	en	Depositphotos/Depositphotos.com
2	uk	Depositphotos/Depositphotos.com
1	en	AI
1	uk	Штучний інтелект
18	en	Test author
18	uk	Тестовий автор
\.


--
-- Data for Name: banner; Type: TABLE DATA; Schema: public; Owner: postgres
--

COPY public.banner (identifier, active, name, img_id, priority) FROM stdin;
3	t	Test banner № 1	85	2
4	t	Choose your future	88	10
\.


--
-- Data for Name: category; Type: TABLE DATA; Schema: public; Owner: postgres
--

COPY public.category (identifier, active) FROM stdin;
administrative-process	t
traffic	t
traffic-legislative-changes	t
traffic-consultations	t
traffic-judicial-practice	t
traffic-legal-framework	t
traffic-common-mistakes	t
traffic-vehicle-stop	t
administrative-process-legal-framework	t
administrative-process-legislative-changes	t
administrative-process-consultations	t
administrative-process-administrative-detention	t
evidence	t
military-law	t
military-law-legal-framework	t
military-law-legislative-changes	t
\.


--
-- Data for Name: category_translates; Type: TABLE DATA; Schema: public; Owner: postgres
--

COPY public.category_translates (category_id, language, name, description) FROM stdin;
administrative-process	en	Administrative Process 	Adjudication of administrative cases in courts, refers to the procedures and practices employed to resolve disputes arising from the application of administrative law
administrative-process	uk	Адміністративний процес	Адміністративно-процесуальними нормами врегульована діяльність публічної адміністрації, яка спрямована на застосування положень матеріального права під час розгляду та вирішення конкретних індивідуальних справ
traffic	en	Traffic law	Traffic law refers to the regulations and rules established by authorities to ensure the safe and efficient movement of vehicles and pedestrians on roads
traffic	uk	Законодавство про дорожній рух	Все про закони про дорожній рух які стосуються правил і норм, встановлених владою для забезпечення безпеки та ефективного руху транспортних засобів і пішоходів на дорогах
traffic-legislative-changes	en	Traffic legislative changes	Always stay up to date with the latest legislative changes in the field of road traffic. Whether you are a driver or a pedestrian, this section will be useful for everyone.
traffic-legislative-changes	uk	Законодавчі зміни в дорожньому русі	Будьте завжди в курсі останніх законодавчих змін в сфері дорожнього руху. Водій ви, або пішохід, цей розділ буде корисним для кожного. 
traffic-consultations	en	Traffic consultations	Materials on the topic of road traffic. Useful tips, analysis of specific life cases. Consultations are provided in case of legal assistance to our company. Personal data of clients is not disclosed.
traffic-consultations	uk	Консультації з питань дорожнього руху	Матеріали по темі дорожнього руху. Корисні поради, розбір конкретних життєвих випадків. Консультації надаються в разі звернення за юридичною допомогою в нашу компанію. Особисті дані клієнтів не розголошуються.
traffic-judicial-practice	en	Traffic judicial practice	One of the important elements of the legal system of Ukraine is legal practice. It is this element that combines the norms of administrative law into a single whole and is implemented in the form of a court decision. The sphere of road traffic.
traffic-judicial-practice	uk	Судова практика з питань дорожнього руху	Одним з важливих елементів правової системи України є юридична практика. Саме цей елемент поєдную в єдине ціле норми адміністративного права і реалізується у вигляді судового рішення. Статті про застосування юридичних норм у сфері дорожнього руху.
traffic-legal-framework	en	Traffic legal framework	Collection of regulatory legal acts and documents regulating relations in the field of road traffic
traffic-legal-framework	uk	Правова база дорожнього руху	Збір нормативно-правових актів та документів, якими регулюються відносини у сфері дорожнього руху
traffic-common-mistakes	en	Traffic common mistakes	A set of tips and actions that will help you avoid violating traffic rules and defend your violated rights.
traffic-common-mistakes	uk	Поширені помилки в сфері правил дорожнього руху	Набір порад, дій, які допоможуть Вам уникнути порушення правил дорожнього руху, відстояти свої порушені права.
traffic-vehicle-stop	en	Vehicle Stop	Everything drivers need to know when a vehicle is stopped by police officers - the grounds, procedure, consequences, and powers of the parties.
traffic-vehicle-stop	uk	Зупинка транспортного засобу	Все що треба знати водіям під час зупинки транспортного засобу працівниками поліції - підстави, порядок дій, наслідки, повноваження сторін.
administrative-process-legal-framework	en	Administrative process legal framework	Collection of materials on regulatory legal acts regulating the sphere of administrative process in Ukraine
administrative-process-legal-framework	uk	Правова база адміністративного процесу	Збірка матеріалів по нормативно-правовим актам, які регулюють сферу адміністративного процесу України
administrative-process-legislative-changes	en	Administrative process legislative changes	All changes in the legislation regarding administrative justice in Ukraine. You will always be up to date - you will be the first.
administrative-process-legislative-changes	uk	Зміни в законодавстві щодо адміністративного судочинства	Всі зміни в законодавстві щодо адміністративного судочинства України. Будете завжди в курсі - будете першим.
administrative-process-consultations	en	Administrative process consultations	A set of materials that highlight specific actions that can help a litigant achieve their goal.
administrative-process-consultations	uk	Консультації з питань адміністративного судочинства	Набір матеріалів, які висвітлюють конкретні дії, які можуть допомогти учаснику судового процесу досягти своєї мети. 
military-law-legislative-changes	en	Changes in legislation regarding military law	Current changes in the legislation regarding the military law of Ukraine. Laws, acts of the Cabinet of Ministers, orders of law enforcement agencies and others. To know means to be ready.
military-law-legislative-changes	uk	Зміни в законодавстві щодо військового права	Актуальні зміни в законодавстві щодо військового права України. Закони, акти кабміну, накази правоохоронних органів і інші. Знати - означає бути готовим.
administrative-process-administrative-detention	en	Administrative detention	A collection of materials that will help you protect your rights during administrative detention by police officers. Legislation, advice, examples.
administrative-process-administrative-detention	uk	Адміністративне затримання	Збірка матеріалів, які допоможуть захистити свої права під час адміністративного затримання працівниками поліції. Законодавство, поради, приклади.
evidence	en	Evidence	Evidence plays a big role in administrative law. Its absence or presence by one of the parties can have a decisive impact on the court's decision. Evidence is usually collected at the initial stage, so knowledge about it is necessary to have before that.
evidence	uk	Докази	Докази в адміністративному праві відіграють велику роль. Їх відсутність чи наявність в однієї зі сторін може мати вирішальний вплив на рішення суду. Докази, як правило, збираються на початковому етапі, тому знання про них потрібно мати до того.
military-law	en	Military law	Everything you need to know to protect your rights and fulfill your duties in the field of military law. Regulatory acts, consultations, legal positions of authorities.
military-law	uk	Військове право	Все що потрібно знати для захисту своїх прав та виконання обов'язків у сфері військового права. Нормативні акти, консультації, правові позиції органів влади. 
military-law-legal-framework	en	Military law legal framework	A collection of articles describing regulatory legal acts in the field of military law, such as laws, government decrees, and others.
military-law-legal-framework	uk	Нормативна база військового права	Збірка статей, які описують нормативно-правові акти у сфері військового право, такі як закони, постанови уряду та інші.
\.


--
-- Data for Name: img; Type: TABLE DATA; Schema: public; Owner: postgres
--

COPY public.img (identifier, name, author_id, path, active) FROM stdin;
2	document-verification-for-drivers	1	articles/perevirka-documentiv/1.webp	t
1	simplification-of-the-drivers-license-examination-process	2	articles/simplification-of-the-drivers-license-examination-process/1.webp	t
3	evidence-in-administrative-offense-cases-key-aspects	3	articles/dokazi-po-spravi/vidence-in-administrative-offense-cases-key-aspects.webp	t
4	stub-coming-soon-article-list-view	1	common/coming-soon-2000-2000.webp	t
86	Test image	1	articles/MtehBneVhhzq7UQmJZqZ.webp	t
87	Ukraine Plans to Increase Fines for Speeding Violations	1	articles/JC6uDKOhOTfTW4llZ7v6.webp	t
85	Notes	3	common/43MIHt1Qk1PHeiIXiCTF.webp	t
88	man-inside-a-car	3	common/tUwf2zFU36p0Txrt2ghs.webp	t
89	The importance of seat belts when driving a car	1	articles/UhVz7uQ1CtyKxiBqJjAI.webp	t
90	A driver is allowed to enter a lane designated for public transport vehicles, separated by a broken line marking, for the purpose of dropping off a passenger	3	articles/TStMRBIsHNvvofI8dxak.webp	t
91	Law and justice (books, sheet, gavel)	3	articles/7tMNgZjR5HWLQAUq9xte.webp	t
92	A girl takes a picture of herself in a car mirror	3	articles/FOVeW94TkpcRcWUYt2M5.webp	t
93	Traffic police concept illustration	3	articles/s7BEh0ptAdg8hEu2RARJ.webp	t
94	Code of Administrative Procedure of Ukraine	1	articles/xM4I08ZxocyONRNBJ1y6.webp	t
95	Restriction of the Right to Drive a Vehicle	3	articles/HEiCpwii6E09jRjxZDOx.webp	t
96	White alarm clock and sticker	3	articles/IBjhBVHZ40b3CuaKk4N2.webp	t
97	The man was detained by police officers.	1	articles/Brj5m1UuDpv5Wpmb6YLt.webp	t
98	Evidence	1	articles/YejljIOCfWrUW6CJOaVq.webp	t
99	Laws and regulations governing the field of military law	1	articles/bwJnyKH6OTXUWtvvyQUA.webp	t
100	Employee in the field of heat energy supply and overdrinking Reservation	1	articles/qTQmeyuYbNixetNLE943.webp	t
\.


--
-- Data for Name: img_cache; Type: TABLE DATA; Schema: public; Owner: postgres
--

COPY public.img_cache (key, data, type, created_at) FROM stdin;
id:100<>type:webp<>width:1080<>height:1080	UklGRhaEAQBXRUJQVlA4IAqEAQBQ0QmdASo4BDgEPjEYikOiIaUmJBP7MMAGCWdrSiVotSKR7phcFsg/lrZEc50T22PA/hlUVqblNcj/rP/c/v/ea8EX0D+8+wF/LP6x/v/Vq/ru5Q7v/r/YB/rf+J/6/m68x/2t6bf+39DX9S/3nsB+Xz/V/cz0qfa37VX29vjgG6T1v+z+Zn92+Drj3zM+W+Ivyv+4v/l5be3/+T6sfi39B/jv+L/i/3w/xHyf/9H/o/1fwY/Xv/V/P/6F/1T/3v96/1X7VfG/+0XxK/en1V/2b/a/uD7qP/Y/db36/2D/f/+L9u/kt/m/+N//XZZ+hr5vn/n/dP4nf23/cL2sP//qVnyT/wfu760vlv+F+337Uek/5x7139P+5/7s/VTjH+F8Hvxv/E/Mz/E/uT9W+S/1v1I/cn+3/M78vPtl/w84ToO8h/0f8l+UHwm96fyz+L/3L95fzS+gf+lf2T/cf4H94v8P///tjysKCX9c/zn/W/0X5a/NR/2f7z82fjt9if+n/V/A1/P/73/z/8f+T/hc9LAJa2DmeHFdEE2oO4HauYthK9J2BeoJFHByxFWpmifs1t1AhoMyPIHrEVn4nIGc26cVyjUfpSA64Ln3L5IVSvvvRsaUEzU0K797rMlkkXOA1yxgpibDe4seQ6LsRUXRK6Ir9H4tpj4eLarEdmqDAXLAYfI21OovorxryDBOMv/EVoBRVLp2OcVcr6KwfyEqIbFbOAhP6Qc7xPCGLXxL7+EdqTfs0szp22osYGMHVFC6c1Rh3yD1t3j91t0ZqA3cNLr8oQImLD4BgXpk/l9RDroD9RXtrmjB7r+1tLB5x/+37W30HlNeUd/DOa9EqH9Mj7KxdL/H/gp+QEdR7F0+G0pWYWiYQJcwjjsxJt9TrQOALZSixPLZ6m+5oaE+CZxCGo1BY+b4RLc9Lx+tehs/nscF/ZYM4LkhG1z+9lOFW8ol3tX8+XYjjKwzrGQUyTY6GBX/vXG224+/l0K0TIdDTTYrPmff9S5E1hwwL7+anb4NaWBBVLbWyA9WhcjJNBQdqFqs3++EvlvtpQimThJYhJGQ6Mg260cVcDfHtl6tpml66BqFZMaoYxJeL4UoY0XJTlt3nsJWjIEyK3sBwx/LN6FGVSPoNfJF8XhR0pizKtj1buKlIJtP3z3T/Q/Xe8pguG85uf1RSxy5WZS7hfZJ3hVQintewasfBRTbZWauc7qU1lPviBYl5JcdRulSerI01A3iVjvnNRWF+WKDeTTgvFfCrDIv89DcaQfA5xMy38ofbr1frb2TYpodQqXGpk7xfE0kqG+aAfM9H7eESoFaVtmX7IYgeX9W/v9h3mo7+TJBB4GCcDOfip6Px+SBGSW+NJUSudVCBTeRAkliT9vh+1BgT1Ch7r/YsUP/MVRC/DiK+2+bq5ONl0qEp+bb9Guk/rZg+C98lf2V6zwP4i/4AFt3IFYWf0/YWiXmhVCTdXUmpPF6m+Cib5LZeRa0LwDm9KloCoQZKQ6VMp0WF8G1STeqj6e8LrlXtot9X3Ad+QkkOI+FnumiJxkM7PlZ/Js34qOYdqpttnkQcLCYY/A4KD2XpKj4JnG32GjThVld3GLBPWso3Q2K+GdBLDRzhe4bysb7jgvxG7ZkY8SJxQcDkcFzcbJukHENnG+Tvwn9A+DA/CQX7OjylhXsSUMhNHUrXtvWkZ+6z7Kb2mhdcC+vSvLJGI4rG/9PGPS79IMbAx2PojM/m4XiJPTdNeHS34FUWFMsjcSKkM/PDiRV/6DeHalWd+cC4z7BqKh6sFtkIK5qBJT84PRr8gtBukpL76AL+RGHgW/rGOrkvOWhqoe0gx2xfDdXQCWDW+AKXhRWKuanOKu2oj95zsA0QXyKbzdBAFcfH76ZvOqf5/fdvODg2RaVMs2BIcT3oA/yIlPIoEuSJqbspAJKaDweeZXMp6GO47R/DxfQ8OS5gKTmL1ZLL6iZJUa+5MPqM7iJHVYeH0uFaJe218pf9IuoZPViU5zyOUeR6OdELlm7F6SbIuGktMo1R3cqwEWySwnehm8cLCMn8zDQ13UCMz6zNreyDWau7CwaxMnqn7TMiNLB6CHseF756JY37e+g/0WCTVIZ5PClsinsPCbngoEyZZfK5/9wUz685X/OfuCsZGnf0LSGBADp+dR3Uyse0IW6egF29vFhup5B2BPQQKeAmYt1WFk6MuJ/qx2dr3moSD3yGQESGXj2HWfkrbe0qX5gxYNyx1kn9Qu0AJEuzm8daZ84QUdyGoSTjTEBwLOtv8H7wcQ1whLXzFe8YGbEbVLeDx3tN/gmhvLFTQXAqxNMd3SQzu7mhs+IhOt1WZWjCDXVNuHqPfSmgtcQFLgu9w7SGXfMmyEhuJc0jfq5VSUZhFDTU9PE8YCFve1qvvj4TqyF4OYaDwBbbm3Q8CCGe4m8zqiIVbPGQN7neiYyTgIeHxmGX/x+k15deB30zu0DnTwft6xWWlEul7TB/nIYdK+tTwbuYvBNKtmmwVUTqnl8XGGJnQR44gTAlxEjgnu+jJ4uM7MDl+DprgoU429sI5W26OgPtq+vgom713hQeSXxBXFdmGbgm7Vze5hm5QT8KiDXDTn3mqqPUXQRsa4kaiVnICdR4MLTdREx78n69AOl7m6cyLil/GAUydfkZWFham+HvwhSJQ082g08r3ou7szSXe7UGt/HvsvWXYc3LnLVR2huBPqmDHtpKY/4iQfRWQDSVqnS57nCG3Mh9680MjQMY3NcgbfNVIMlTStuehx3ljoAWc5wCrn9yJHzOLtwbte1Tj1jMNCIVy3B6FSGSKr80tZI8o+MeqKPJmGrSVwSLP4tqnU3Ui8cbgupNj9O2ZEaVjuYSGTm3SobKVvg4L6Wi4a5PovyeRs6Os2WxEiZpG9PkrOw+gv+GUR5i+63OCTyR2zAjBbHgHrZkF1OmTZ4ACbDMMXs7jxQYqqgTyz9YzQEFfnapBUUUI27wWewsHNeOtGOj4lsCepATex/nHHP++FcLtjy7Alqm4B4y/Y+OEM8Ayudx4rSxuQxE6s4ofcZAzgjcXgx7YqBzczQgG7W81iEzdpxRKZl+SwrEn1grA2zbntXM4h/FJwuKZloRrr/4vLHnSVEED/zigCA9kbSMv0ukB59RAs4Lm/2Q+BMzrgwDrGEhs6CvGm1z2etm8HTyk0+mKaoOyCVpMNIIaG0mFKS+yBkwy2OSXh017W9jl4NrMnnBA2gjR6sOTr4jZFAEMDLerPJWVJ00wfQcZX/iSq9sC3ZqIltwNywxIHpsAU1pOXCBMeYrGP6dOi8KOWZlnBU8rfAThj5d4+OqEP03NrQYBAUzUPhBv1h2S6Y5Vxum+7LB5f+dRJ/IG+HBcYdydNP7UBPPYY5NvcqnWCokY4UTLB3ZYSvcwgUJOGd2K2klzrnGipoLwvPGRS6G27ZdaSyExACyb/Ed10G/DWKfKG5wM5q51ujNgXvcEtdC5a//dYNRcwk0UZsF93/H9Ysv5lp5IKd9a0jwBWQZEePr1UwIlLpV8slah0cbibvFSyrcpM321DJNAz7pfWFObVw/w9/RSxQN+qaOlYdqqxJgym2kudW1Cdi3jtlb3RtjG+3nwPwENTy9lMDVNPs0VJ3d1SN3f9DA+TUnzc8kXLyAWdwUb2Ezci+02A5gtmZfkBSUSUhMrarC2iy5J/7yyBjU3H9U5R749NEYAxhbuTzDtU5iCpnLl5iIymOJEPNBJZVabuKhNPY68SBkoJjnrcdWtf9H15zV/e+IgqEB0Pn5qOPIZHbHMCwc3u09k0Azb9GmNXetQJU3r51mjhV1cCZk/ZML4ZWn4pCTyQ++jSPk4xk8qrDxQSoPHoWibefG2QXQFznirbmyHZh45hJiAU4osUEHXAFpBoDb491H7Ar7u5FTqKIQkvH6iZYOSRcZF/HH7fMA3twDVGKzErZUYLO4YsLjvHFVhM2KWaiTCM/3Ago7qmUW6OL71gRVhM1eykI7nssNM0cuWI0FJXlpi1ujD23nik7g9CNxLP8BRnWUXIBYUJUghJ6/t69S1+gUx6AiGFLCcBIhsdZDogAI6zG+l/YHuVb2xLc37QG22tY8bsz98hNSM6uUb1qC6FuRf14rY2XiJeZl0GPLeGTzw04oVzxTZ5VqC+EYEjz42+N0GVecx3iolKzqDguAuuzQXT4Z7DP+GRsNRMEf/zSMbBHBCyixtlBBb8sg6aP91owNPXMsaIMzhLXNRWy3+aNOa3thw/IaDlPQpNAA78q1lPD8kO0tSRoeo3x6jkJu9lerNzAMQ93sheatkUhtPaQMg/4FcuARgqqG4LPLHGLm1/DPfDc4d+xDrSjzxnmVF/QqcJz38GMlwhUeg5qzNb+fxm/a68jO2N3JBGE+/ikHosBgW6i/ZpEUo4KqmbII3w1lc29B+OZmBjzky+dCnPWYMQRyUZ0eeIpHYF5T5KrAYdRthNnkTtPYbDz5V5fMPyzKKUj+uvTAkgtfdB/vu8IrgrJ5Hx2NFjDtBe+mVIItOxii9DTs6odp4XcLSgSQV42V+sGKk+MKZLy210blfg5rM5Txu1Gjl2tNEdGQ6CXEYK4czYW9Xdhnj+VHA6noahfbDY0pFN8KkrsJLIvB8HQhvBYuAA20VKT+b6UuGh7MSz7XTyuoJ98Btz0JeMvZsKv6DZnnt8PJtNU1daViiV7KOFkuhvsEcuLhbvu7Yum8H15nFP6+eBuEx2zvkypL+hUp8B1EMcSf8ci1Z3fBVuVNEfmIXEfqME6RbPwJ4kjG06zSKCUlvArUACCFmAVZbnRcSLTLGnd5SSja6s3V49EuRwK1ch4r4Z/eA6j399vnucz5eUvY9VPyZM20JszgHwPMNFqWy+CENUMpeJjqXNCwg+5kQBeJSGCUv3WS6LOh7QRn9eKAY9QqCbrPXziYIqPbuWWigE5ftOwPTbTrNunSEEyRY9yUjtuRzFxsY1PDaYDZREvXbgES+EhgDiqgxiG5+fdeTqtPHMlYcEY3GuM4jwFc2Y9Hhhdyr/lCkoKagRxU0pphyW/ZU/HrNOcOSZ87AX/519KTr/duhuGcZuQjYWtgvg6r7/MLeeOcw7EPIoJsTHDIhNgYDo1M3gO47PaXsX3O0ASH2VzB8iX5ExoJ9i1Jvp5i3qsdhE0slMAsgGr8Dld1Y4QC8QfUs2O8r/zjx3iEz3kiNm8JyNCFp3Q53zQNoQ+JCEMnCZfDMeVJxYpop66NKlVDc/498+dXEAEkDQhdrLHs0fhanxKgDycjlrgiW/uJSofV7FRW/VbsmqTe8WLMSQxL2hB1dQQaHK2lNWNa90MmLHxbOqWU33Akmr5sDuLN4pabN//B0rzirqRrt++kBSj7QeITvssyd2R1W866WW6I+izFCkB3G6ICytNYK+39ch8ySvUoKzxcfK3ar5Z+OMp7WcVBsL32cFOB/eEJznMcgtaUp3ucea1dw+byo6h0Q7C+xTv2yZBtWuozJKuZXlh/OJkO53BZpdBwmS65iNT6T5m1nNE+xLxP2ahTOZ4nHXQlWqgasQK7+Dr/d71OMssXfnEzNOelO6xnXHRhPd43KHNBAsZk5/hOMgVHimHfocKfHQ+3q/sVkcIaOWvdmXtGUv9jLckPTwAhiYMuVIy4juxnOQIGt8gOvB4KbfOoa6F7qA+5LnLO+Q/hiA8SB9sulAjshVFbVFsVMvuyVqi4SjolAHOJ6gfO1VFlo+sm0ToPPbYNLYEqs9VbDmFFs3Oi15GQlqiEg8IcDiBWDSBjzhS4mZfS9FvS9i1Jc27tgAV63bWsYyDDKEA2YSX1BGMBYFFOcPvaeGiuriZjk8K98eWMeLZhWhswVnHcND8zVb4ters4Pviq754SSYZSlff1TMamDYnHYCRHpxvBrZZBU2JLDUXb4S33jheEi0KC+RqdsWZ7o0+3cz40nFJVp17ghwz1ssvmBEZEyamrZVNxI2K4NiUf+sw6UcE2wz1MF2DnXohEhVu1ymoFxPpkHbkhjOH9TIZqjQsuF8BOchWUReX/HEIGElF/CCV/wUBehr9onamBG9lUUTB9I9Piy+gWUJy0Vi9yjm8SbzBO6rZOC63UQ35Qq9RuTrEc6aIr6MgaKui9qvNebDAAj/tpfd0PXQgSQRUvKO7qobGFtFCObVdy2l9GgiqWC8njNjkLX8KMUkJpbecuSmljq4VzmZNXwMhyynDwnwzgR2/eJ1rnR7IQWz7bTdSl1zea+uthVd+Cne75MfNhHJdax43ldevxNUWkMFuPoqCvCN5E1E7Do3aOadNMF9QymfmrWvGB7XiubYDi9hydlVMfPcO/7XNL/zF4G7NtpGkxa4a9ozvGpArRokC91qN3mLjL2tVttSln9GwQLfuvWrhTLnNHmo/mLgK2N7beMRLm1SNk56UOeZtOm05z9wDziJXJHDAFRH0Ykk4fBNLRzJ2J/+kpRuputiEUSSv8c/QruhLf+wtAOusHxlE78qz5/Lc+knBiMUfJ+asFM9BPp+t8Vov+7CGqNycVdLfk9tKFiwmSm+EVCft1rykVr+skwjfuIepL9E58aL0vHIXT8BuSrBn7FW+QH0NyCrFjn2R1uSIGoupvC7Tsq/QGQuvo8CxDRKeLkhenGBzSWfRErVcSKjr4+MhPtSpCoJwdjt/HNejaze4E0YM3G84P5UtjxnioEQufmk+z6rgxFT/eTgi6yaaC3nNd2fTE1BgMxqX2CuKk6UVNyJeuZHexGGmmeaYZmnfguBMJsGs8Fw4Igu7WtPYx1oapUxOn83vAddm6LppXjWoykMDS4/o2OEQW9jjrXjU6ULHVTHB4+8LemgdY8of0ju1Y7dCKReAFCGRW2Zx00gHMEoJO7k8kNbsB7wOxoacg0F/p0zaU9ZdLD2qiF0IfTHp/k16jDI4K70fO5vH2I4e+LTxn/RcpguRyR2ZUPJr5XLN3GqjHtdXy8Wl5pnzIgdIsbC/qMqZ+wWojCsIlDszfxGhxnFFVkOR03dSAdtdtVBwoGiZdnn/Ed/5jCSGkkv/b1ShHFtfqt3CtvRDiybhOhCndlbSOqVxfNO7ECR0yzDPBtRVwMSItP6JI7CxyZ/H6AcojwMzGrOEBraDPsIVTgBdH8lAkq0/rEmgivX3LaNEZg8o2waudCL3GiUkl9x4ZIcs0dATmSJK5CbF1JRtwJNmgNQXEfYY4OdsZP4Rq9MuxE5jgO/krLkfWpDV3GLA9DnK8kCZi4CzlFjIjjFNm/wSSMIiKal4uFFQuDZJGLNnxk5vxPaA9FhTAWlsuCQBtBJq+1gvWrNeQ8wPesGnyX7iqTtp7bsG1ixwQTFaXm3z4Flmep6KZ93V+SmL3vfgYsxjy7t/QHxrQgx3LjAQpiVxcrjnyowE/7uX22C7GxnxLBvFt2ibgcRYwdByX5Km/XsDjsa7k9fG4fINsHFE1JIlJCi1eEmJzHu4O8oviHWydzqBb6IA4Z5uZ6TQf9ersQk9JFx+X64Q2hPsJWowlRJmHpfT4PrB6aY5DJTyZ2WK/fuelyjZxS4wP0DfwkB5ubr25tPj2oNA5Oe1wXToz9fvE2lva5VgyIixyLVqDtCx4ov6XkyFZ0rKhoIbBHK5uYIOQAlS7kfUlxtniJzJn24XsfyX5j8d1O3/PSzCOCvF+z1SCMYBb3ot04KwfEQfc/VEwijyXBvlAqUJYXWsdy+dDPGm8x27ODpwkLrikTaQZ2p7kag1/EPbuiHlVa97SN97p2IfvGgAWI/CfpPRIu5Ev+BeFvJ98yPPRTJW8wsadAWGJVuFdPmsJBqSoCIH5v8LlpKSKkyvr9GDDyiUHl7859r0+xXA6ARa11sa5KIfOMj2nqJb1+L0M9S/gJervAvD8tD59quBtwCOz9ssnZ/svHQzxQUpX5F0cQggGMi4esscUBIsttu9Vw2K7y0MHgfwae4jXldVU6mn6syPwyj9HLsgs+etVCxLBAvO7nmIqolhCAWmwsbTyZFsh4sh063WY/FV41en0cszuLudrkYriJE8RnbiC8iBS/6a4Fhk4yDH57F0Q+g16bFeSlpRmrAD1GphHpfNb79AqqyqPBGmqMmBZ3ibl7T3bQ2ElrS/4JEpVEXYMlbU6mUKG78J+CW+qAMl/4joPoisZmwoJ07EnKDxeWa4i0/1fGQQGSVqmqBq7RWIOTEcdG37lEpTtflClF/w9VE8PwLj9nCdjO226JcOAbkmt8k1ebx5ifEf7P0I02aM4ZWXXJRE9rjR41fqjBwX8zI+9lwEw+YLanebgb4sjV1HRAS9BYK677Yo1EJRmoA+LYBWn+bj2FaiSoSlub60nQc/i6y3QrYIzoZFEPcgWWXf7LTuSgGEbrstnFozLfjsbXEGgL9Kbm+rQkPTSb+qDO8CmUHspQ5VH//HVW+C08zmo96WNHlx11/0CVKS7Z+axF0/RYTp2ELjcU28VgzsVqwxmY3mSV3Z3jCNOpeesnFiQ+MJteBI5baHK3PktsuJL1LausttAHYJR5snx4tNYiZGutKQXMP+GLqUV7fIJVn/GZc99IFShpmWo3+PZECZYsgyUzBeaYZ2tuj6tRJ/n0XgU56NAhPKp7cO+JpeHVP/JjaFXW+jVOxGC9C8TOhP1YietB8Vm2pu33XYPsVQ03uVuVm6QhNgdpu7DRqpVNtAgx0G5IXlluHL39Fp23idfYjZt4M8cqLngLqLN5tSsqqHEnaE3AJ1YX2rCnbByCLiMlhM5fvXRd9qhZUyj/RDWsWDCudlJm29cB7owY7sJvK6SeIn058bBS9vtTlSHq29QqP22mAvPM/JgBP7OOo/CqeaoNNJwrEI8tCR7z1LnKeKjcpkgKd2ufh3ArRo8SDiWApgaQb1dYQw+0SS+6XTocWBumRPNULncTnzTR+bkLVDWd2H0JPRHqE3BOUbV6pMG/P2Q5xulhleQVNE7ZMN0pmZuEHYwU8R5QcxMGOPumQsafjimJ+KFxnM7M5uEJlJ7bBtJy3J/bU+X3uiDeA8RCtzcxJ9TXEDQkFkjycRdZKnzGSVyaHoS/ROTYVXgu2KWXEB5i+9VIH+lLHT2D22owSaQNrRfhW5UBUOAp2kUqxl+aWpahSakpPjyBn9iaPq/hkBrhhwYm4JlOjR+A/qsjHFlh5ZhGG/0saxb7nnn5+RuskZnzwgx0akRsLAU61oR4vgx7YJpZv35fMcoZcqTCH4+7sEy9/AK9Cz1sUuTjc6nzs1/M3Hmzh1/DHRDAy6mKwoE5/w72T40/OdwCEoDp67p2NidpD+CYikK414zV4TDos5MKN/xYJnyfw1+ScqLRjiFwHoxThdHh6eIzadHUe98g81HegeArG3TtuNKyQ6FTLYf5PDLptUK8lYt2NToKYI9JvUVDokghfiXkrD3UnAVkQ2AMR/fGzz6BepE5RGur+F6oy5QCBCJRpgI/hQg814BYB2IZMfE1NnZ4Zdo71aqds1zoayqBIlTJ6jQ5jedk9fXaEihk1AmTXdqifYiQwztYzskDhUo0eygDpVinDPmVQ0avUlHKwTkzMMMOZOrhD/s1MmHIh+xN4BOlgxUZutGw+Pi3F68clEKp9maG5OjJ5qQgUQSCjFa4T0MhnFEf70P5Ry0ATi0Nyabu0tu/SHxF/caj271XNPjuAdlF3DPHeqTBPCAvEomWGEhI4C99AD1GBqEsgj4CuK0H4L+xdIRBd3MPaTLlxRKAUuuXFq/AErWeWfRbaP37fk1KMyb1uCNeE80ZWheah4cKzRQWcja9EOo7+gB+/aEODcgrm7saRI2kMwuCwFwAvulNBr3GofQ6Rcq4OpEij7uA8kS+007xB75/ZJOvmCbcBHHnRaA93A/6JzujuOK+QacWcGtEysjSGXcYUcm2RdRlTUKKeGVskDn1FuFELOSalqWUCUI5FQgQmmJS9I+bbFXr77T/bhATwTTT0931t6OxSm745HAWlE26Xlgakbi/5772RlcQ/S/WV3HQsGbvDmpz85GV1uJU9PjfXvnBrTbpx75D3XVWsDHgioccnI9xbknvk5K1IeNzXY0iCLSwUQvtjjgm10oRmui2CBCpDb1+p/HbsOAUwoZV2ZC3WE7rvkz8hKz8r/M7uVz6DZPc03P6oyfoeTyMNaAH/2l8Jq05Fyl7L1vQF0HYEafY8O702SVKI0hCpe4rWAAzTpUys9wBkQ2+jURQ9gGmyd8WCWiAeZ6/oXrkcQ2qaXT0/jZtkQsiHfG8aLLWzzzqaefIEaNuzHz84xHZWLiARtKN3qVdKPxSzFKOMLT4mPzmY4aTdGEZ/OXppYjX+FPhyrGkZoxrQePxSUYMhzSFVujPllv19gIpxgRej5XHlmwG5cRMrASXrbAoj8E3bfto26e0a+6i7uMv3uUBGxm5tlaPpfD4iH+vlmDe2fAekiMZTitw0kFO8pGIICZRVzDIHt7hRS38mzidq5qu7hDXwFY/MnvS7bP40xFaK3hvmKjp4wlSJ8yo5eDFynVWodYy502Zv7YAZyj4/oVzBkHVn0KZMb/YESZDZtQ9XOUn82kbKHotkPQLAd56o5bmqX10L1G/YS0NfuPXQiPquIwY+qTpw5as0BOafZxAHxjBkJxwii4LvG/upgy7sTWvCeqnhyZG0uQiPrwMwPg5ydKPy1lXBnqJGf+jhy7qegzl2EFyV+qITTVxdJY5PgJ1UBbcTbbMyHCo0SIS6oZoaAXtpxCcLEV7LBmA5hyrD11aXXN57SN4ADG0NNY7OWNfWUCNvc4OPFcTtRAexue5qPDfCu01gqwS8q93Paq63hPu0/4FjYSAROpOr27lWXjZ2Mrd+kLYJBgEj9E1qN44fcTF0qME0b2MGZwEd4lyz7lnvexQKZN4al6oyxnjuS4Vwdmm1JILJiEmpggbSZ2FewORF15T7MsDmMJ+zYsITNp2v3CzDW5QHu2xpzkyhVYX6izDSMuhjPtOqG/S56k93kpryIWTAhsJthjdPQuUsqHYmHIbSv3moeN+9bFjZUtvW6Ky2wd1wtrHcQgSmTnVJ/IuiuAZcr9U+FMZbDhSH+lX6vKcCylhQSjjFJPF53MbglMKLLij/TVT2tGcGa1FGXbdBW4gBAMxlx8ADnyepTCIO7dfYAEKJGfitN2xv5nO361AoCsLx4giZWSTZH4q4Jr5jRi/YRmrNH9HpwIs2d3D9q9T3MmWp5HjwjFm/h645+jJq3JwO747rCqdF9lT76btZbsFdjLuFMPnWKk6zle/cMu2j20yrnZPIlgJcPS1CqLnChmiwhOTjemZyPVb7W2mw7+IfGKOltfdHaSBqjVuXWOn5GTHDrHGHv8ZVBcanFZsOp6hkYcCR7mCwCIs4/vMrBDzDbSeBoS3U8iNZzLNsZ+a0Ya7NrgCAPRv09jgFFmsQVpdHQFQqWfmN2d1EXfoFMmDR7gc2YDRrDIpJp9ReuLUSMs4oQJB0Cq+qj80l2fmrhMdJY6ssuqzu/5/eVpSVXt5PTuk89gjLDncKBi66nQh8GUdCWT/CqDrjr74FFq3sjIaDFz5zthFcCocUDwZSan+kAhtb8SpOyeNgAnf1zg1ADQbgng+b/Ew78qM1b4rJaDYcMoUNnu+UypgN88en0W6M/STbz6KH4xIX9QVhc3CtUIr8MbFASp3zB/slfRa+Qn1uLfQIRGzIrY6KSNyvxK0cyUJXulc8yRZxCMNgrZ3KCdQ3Svntkx6aqTkbo5yBJfxC64ZBpgKlTTEr4bZ0reDhWZJDwJquZ9O2K9pmoIVHrpcfkjhUyp5awV6SQdinvevyE3NFIXKqO48sMvQrzPn+qWPogdHaMaZJ0nTNNtd4pv4UMtFJZkM9WfgMYTE1YA9FgQzG3m0i3r4eaWDGHc9VTsMsLqrCFoJit7u6Pe6uhuNT924lEo5yG+U49cgC2AjbV/1r0vuXdWkNlWlBz402O6HpVbvGHUD2UZpXQlzrTCpoOibvI/Je/ZjmHyEZi1WaCZrJVG0K6neC0SG//sqjWOtSf5Xy4oZ3e6H1Mc5DF5S2SNWnFHFuL+3s/ghjDeVi2B2T/vdUO3vjX0ZXEtq1QLsoppeA9NPnLsZDG6pN3arXeX2YornjD5pONfaQpVH16cHn6OxaVdL13499U6HaOfxLfTIxTNMuERTkCPvZpVWURrpkiYNZOgMUvhBbwmvINIkKmtDPgqUEfXzP4N2k2ii+SK3s15tiqQpAu0jylWOXA0bMPXtyHkp7a5kqDVrpNhE75vbIAbYdSO36tqeuJArwgcc8OQW/GGaB3hsoONuYAiq4ialJ76UmU2mREwXw1Eg1/B/42LzPluXHOOKUrGGJd2eQZf8ZF9G5XLXZXhdFB3LBLrzy9EfoWsuOikJga2A7nlKkP+qXz9LLprCQKk99MLmvDrnUpD2EIZIzt8ZMnn8/aUP//Zv/0+ZV14jOBdmTn+/x2W7lXt9R+9B7FzDvFlAWJ5lOSQrKLwX+ggIsKT5zG5tBKf8IbayBqXud97ROdNh8OURDu1degd8RiH9HGrXHFzYMFtzntlpADUar4bQUJRIfvgeO7ehoYdH+MX6bzcKrVdCi1/Xro5jVDOPLFtbLVNQkzA2TQeLp6oEtqqO1THB2ESly4CTOU8saP+ywL8bqcWNOzEqFu251ZjfKrds+AD3mKKc1rOAdFgx3nhYmcWsn82jIlx7zq1Uq0hfSGu0hMiYvQHkUYz4e8egSulvbA8enYKNJ8sJzllgQWAmdBu5hctkdKpJBBdjpGBCEeIAllMtPV4RSeB2DZu5y+qRShk1/b7Nl2+65li4o0ZdLaupJuTpR+HY3SYBvqG0rYXRZ+eZRxFLyDyxz2GaH5GHlKHuuUh05HX1y5Vy4KM5TPS5MVo1ouHsycNvD3bWcdrGTL9Ev1q8fJ7aFNyHqJBdi+pWCp8zchr8p/bfjluKHIDtfuYo0ssYyMUnPU83Xlt1x3bvtPRD3CXHtE4SEcDw1wfyFGenmedZpNBIXxDR8ZqdE1dAmzniQ6UkQrCkRy+/CRn4NJCn1oZjulDAczfGGKW5rPM50ekHtthAXxsW3MzDpqVxhGudg7KMhDKtXxyg7LOT73bi+oy8O0+MjFZc7iAUeubRqrw3mqe+nN/jLUXp/bJbAmHAkvCosb4DuGRR3BpPC2GjS4pPrLoD07mH5M6ilhhG7hMtRiLVEGfX40CTTCMyrbO+3/6x/MIT1u9CJgQ81fPcuz7glEfAiQ4RSn1FBSrrvcRHi2vw2Kha1n9SRbce7W05/uCGUM3B3oPO3Cs+iL24+NmwJmTVHQTbiHYc6fkPcZ53KLCAvlnMQKFkoc+HIgj0pf6/rmTe34ugFPaBpOWt/e9qu3+Imd6q49WpJ2z9UQSFdT2/sLTil17TyeXZL4zHM1qMVk64K861tjdXe28xw+O+7txpWEIppkMTsv9M7xUP/6dSZ6j31m+mWTk0H4L0VIKDhd/SZIHYMcfJLoL4Gw0fBkoy4LwsxSrROIlytz0SsgNciFR3aYywM9H5o5+2afUeRQ2yaSN8ZyF+fpwgYuYY6uwo7WEEKJWzfwjqlrhgNQr5OYEaDkF4saivzi+LayGQazLT0vrdFIBsUoD3MnABQ05ab7S3WyvyAKuQPKbIE9s9Reuy+LBViHGuGpUF9N1L90Oc3v6r01NAh0wzzaMDsjD4FDWY4TvfknPaQqFgoD+nm/DXkbNrYCe09Un5LeMzb8PuEb2M2hz6v5xE9VnmW0NplWvEiYwZn+yfY3v+ed/3YCkLpbwXldpRdFr/+xwU+DFXq2Npu5AF6mtMZ5F67MZEqUHvethbg5jejQLgqoDvsekjP1VXeilC65MrpsAihN2op0XxqFjtE6mn3aZIPP2WRnLfUjHxTzcIAUOvNoyZKcT1IoQ/cDphLBevdxRtXxlzVTQZuHj41i3DI1PqCDVPN2r90kyCFRZd1AMGxTPwQZnO4X+tnSrPvP/6IFcdxLiiB7/wdPEht/MDhKXq5V9Y5KVd9YYiVRPSX+DCLXEaatNq2DVUxh+DSihDtwHTBi1lHwVVZzoOkn1HuWTAAstznALgLfqIalwh8MZDxyIDOd2qgzEUXFie0grjNkE1P/0vyDuJYcbtflnoTJQ2IhzwTIxJbWttnDvqn2y3tNUCz5YH09eZQQLzHRQiisLoSOgij/PviZvtt9+C7yXvPxYQ8H9A0z1ALx5+VkviQ+2zGNwvIebUuMZat7H7kcO2mlyFMFka4OaBkrYwuU79Qv/xLtai8Z5tUt7oyZGl/2jj2QNi/hG55QFe1CYMcY8reP7QCIdWEIbWzKB/08Hqrt9GsANSiKCiFhZoqqHdPI3l0roDp4Oe2iaFPrWu7XB1VP5sH7nBRwFKRajaBl8d2r0VGA8UnuYgos+aPoCP8CjGpXsLJhW5zNCLkXaFx067c+ldkOaeZHEgrjvBLJ7Z92F58ZWVrCOBHL7SYyu8xmDuUjloi5MXEvUiHkyn9ijSzIUcvV5m50WODOeCcw7bsQpCxUIb8G1bz4deLwhowAjeV3v8awDCxbWmaYjwLWN7s7tGNWxsmHEiqdk4exd+0/zAzU553pP1kHEzoJrSqzFoz2eiS7Nn2b7AG9u8QICCPmCKNbVKX33iINhMXyVTfH4suWwuZ8LPVS+kNI412PCvFgMwF7cBl8zQk8avQeTJSbE2Lh3sNV51GWKuxol3nr7uYVezn5cEsI0vigZoftwo81GERYEHjg3vOjF+WDWa30qqpDrvXeDVwt9s1N89xqt0HYkWrZx6SgV6rlIXMdW4wEjZUpbpiq0BAjs2TXOz/P9I3eB8jmnGcM+VL5jXuRD7cBKsJacyLl76m21EfcCHLdikqJPnQL1EzQepYuxKNGGJtoT/MngHJ3prUNwMke7ci7jXY+TpEJtdne3KySG2y1wfXOLTlhIVdCSJhHMiZKYoieLHTnYHaOuDoadLNKhm8ejhp2+PY6E5ubjdU1sUOfLjJzPdoByVVDuz9xjtxy64pgBG/+y63ZsEei7zztklSYoDbFLXBSq6MXC0PCc8bc1QtPK9B242ChZrG8uxVuGtTBpvxxb5GF2NQyH52U4gWewsD2ORPC76K8GSkdNnCdlDruyydpLR2UZ9uWiZZSdEQVj0+ddoWUDWBxke0UFFNfvUW2S/MM2CAfzx6USCI6podmyf1wJaN/UG9qdUBrcbekA8v1MBDBeCw9fV3t8y/kT105wflnRu7hTfW83O90phfkUZzSfj2FRtoXUSCJ+R7FYXbbbPHUc/NuzUqGzcrrF7SC0fRRrYdOhPSHnl73gCCVb7YlhHuwt5rTx8rlZpgENQGBozUbs+rKIRey0wjQfzw31t+cdmBRvEuD0bIxS2wA6cgnANr3TYDk6SILAv6XIoXcPeOOpkHIztAFXegqosrBGLNzOzwZsux6180pb2MPQNWdlxnUiCD1NvHtiiRo8NoiWLEALUFAZxTB3NfXdlzHIA53Hc1aj9R/bSTf/TOsPT1v3zt7xmJnIJ5sLj4Dy0ivGGs9RizlJt2pLg6Jw7VPTg8gwoQTzZ4vXqBVU6i2M21EO6Ikd/KB1uwMEezLZzcSAbLrtCu5AxZy53+uPtm1YeGL89+vD9tRHPKZonQMsat4ZaORZ1rVcsL+a+NxdvjrseBhPt96YS+d58hEsZ/iNIs7am780+TPwwVG+6CxI4dm21CL7LzpAQSKJzPYAod159hP7OWbHHccYbPFOawXY6yn+keuUWLU/hn5+lVWvujB2l4hM63Q3mCduO1f1qzZUphR3sxkGPs3q5o1c3I3793O0FMEE3ZAjbgZAU91oY0H04dc5USgBtGpjr7Cy8KZJDhhyhNYc+AhuMtS9izcTm8d/nHKvfYuDqXbHqalUw2r98jQKmqMi6Wsl1OE1sOxltgzQdZVFLnS09co2VY/l4ZGcKtaAViMWCGBwMztBu16zAR2wJfiMcDvvlh0hG/OrnqRoQQ/jRjvcM6QvfZhzEquAQvjZicmdrIao3YbDlySfxcSPgM6by5obyiJ8yvar3GOuRYyqsnJxY8vYSZs7PxOfYCEmkD/nvH/9q7zl4koXNZiQGshawdt6Bw9AKEF87Ox/UHH07fPTJ7Zi0k14OHbR3CmArEQfKDrPYZPGgyy5a5ibnZugzBerMoARtrAGLZL4PzQ80W84yzF5gkVNzNBFaPAHjzOzYlywGghVH1zM2kEvFAH5SxCEambbfnmEZFoW1vi51rluh2utuck5vClcm3exeqymutfL55IpoJBetV0dydOBQ8yfaXlvofyFdXNr93077Ox35VCljWZvLfLOWFc9iPz5s5Jc5DCiCfwSUNRQLWfCJ8g5JaBq+vnL9An6NBXyUnt2QI41DFusKdAjc45IMLJYM7G5ZKwjUaYXL2jc9tvfvzxvlgO4/j9mO0zGNCqYkcHLxKQ3UbKBRpCsaQxPl7NBLFYZDBJevUhcRgWrlYhvdouv3zhgT+47JI2Eb7W7Ty2tUL1D8/bRdyOkEehHoynz+QJGa3L6f4K3zZNfzlGfBhR8dx3WDMIRpQxuThsngS6JEmMIKmvRzvFCk2CqZhflEW5wJfiLFhY1DmMNFZAgBwYkMzIWfjkpd9MYcNKIhtkpvHprO9W+biDvqumIdaWbBs/KCeQm7KvLr6nBzxHkL5EQ70xiKu/z+pR2zxBXQGTN18Z91+24itZYtxxpxGNiGRl2LBKgbdVDP+apuMKLTVflgyYWNHilcU7pXXPrAqR5QquwAZiXQG38sHICGZKyVQZm9lGnIpiwxbKCcV4ZFsNeVvsFj9uJ/aGshiPqqKeevCllj2N5nYbRexHRkiUdQzafW/a9NkwcNexWaWN/9G62fZ8QdpMrBMZJaqlodX4vV6Slw+TRm1Cw5W0A/4WLZsJxZLqmNA5MhbnzKGBJ+XKImcN2dhdUoyMhGUYOANNiN2uhA/vbCxR+4m/y+lNeaAfsbMv/NitcM5hrCUwa1h/jazLzOIKzYawHU1tEfAfxU0pJYlSKq1F1Z6tBn4OBkaoZu5t2muKOf7LSOx22/ItUCkXPu8Hr/6h3GCflmVNuhsb5aDh/RWfTTDAv372PibpcI7FonDbdwLwCmm4v2dIdVYoyzuuohHkQqhNEB8q06xPIGZ6o0pVvNOETxBZwXyriRE1rXBDY+WZaO0sdXMvX+PJnMlO4pyKpu/AwExtnVq0xUYs4FmRP4szBPNG8/MojvdatIlHtYxGqeQz1I8sqquiO4lUb4btJKcoRyouLCwVGoeP5RUA/jFjK9hZkDDtaeocSuvEPJTBuLs8ikFkXJP9HPHIIE94Ee0ciJrcr8+Jhm4brWYj9oUulRQ/F9t2W8r4i4WwG1goP0xHcHoXU3nbzVB9DofcfMjCN01YeRnOnx1Mw0Y6Vbq0w0Ac5hYFC6of7yA81lwX0JnaSF3PHv8idrAvQ4waVa5oQUJ9/fD9lq7V+iFN08ADzraEhBL4Q+PSe5xNM5yQjM5OIyMjX5kSNE60eArZL7aTwSxW99Ocw/BgQiDnH0kfLBLbF5d1vvtRhLyH4ml7YAiLUqdHiNnCxqHo61C19/YpcmD4vx0nL/5GN37BDsXqmJGyb5bRmBOQYG7tRq54D2GbbRXCm65DCpVrHrDvhxtpWoTqj3NvaqqVlUY7yAHHc3VfF9526bsISMlAcITHrUY3kRA24Iii3HoXeG1/x7hyK6HLNqKIqyAiK8PG0/lFxAsF4KJZULsoyOGkq89a4kQEcxOGXQvoFlWJyvHThEBl6f6v3IP0mcJlYhvCFVohTBh7pkXiaSABh7JIappWqul15omkQW+g1oZk/NeyALjfOXOaWTlQg1PMO9NO5WuP/EgFYXby46y4og6UipYbDQaBRl4lSEnY3pq9eSYzDTtzDuq3FnvXmYM3y5PERfDEIUQt3yA3tfKSShH3zFVj+zYA4cgxa1PFajnn8OdhzDcIMp3VsrZCJdBBk9Uxa0/kgqySbTfyICiUVAzqTc9Z1N+LUHvIkQx0AZuwCAYKjjnIsEcqfTMZ6wNk1+vMpiFmaduYpvYwJ6fD9GfxCm5ChH4B1gNTw9XwahlK0W8L1tSDJg+Ufx21BmkGwI+jkcgpBo+oxnsfGhjLklfNrd//fwCQ2Y/gaqNq7HBeUM1g68EMCy96tsTbbuLH0GEnh79xWU7l+Dr0D9XG6W9KSFrFMzJQBySM/ILKNV+9fbuOIX5eYg6QuVfMlXtNwJwEHAlLPIf0vQYqwncz6aySz7cw7H44A6UJArniOcKWHk7l6szBJwR3vQvHIiDPmwqr0ZqkvnXQGR0b2vU3Huayp1m8BspSF6OhjZo8PVdOL1T+bevYrzryGCo118p+9bwbTjVLCLMi9EDpUHlmfXZW36sDCu9TanLxqTBE3jrlhybB4ZxhMLSWDiIwxZyYf0VtGl+Y4+XNLlpkzk3+xdB2V+xjmSHz6Mpwo5gKxE46M61k6ynhcpUCNRHelkhXnJJBZ6pEhw6CPCGi6kM/xJqvtXkwiysNWMOA7UERtEMjnmBon1ormjxYOfXlRSfT8hf21InL7x7cljs7AlE+1gUF9hGgo2SFDl5RgMn0PGVb1jkTYImfpS0rV7T+gj0T5PWxkZNMn+EjdxI13b25uo2wCqZEHev5EpIOuJdmaT6BgCNMTmDjn49XYKLE4fvcDjNi3CEZg537MVgAFOIo6S/rh4AinzfsJsXLam7v4/I3qw8jDvefDXMtiAy/7sn/r48sch46sWMGo+zFcnCRapCPX4ryhei3lzH+fyk4nZxlk5NHgE4Jh+rN5K+BYGyZZ0DH+E5lo3VSrN9fXqwQraQzEW2G7Bn/Ah8GUlc8Yo0obsmf8c/41g+ra6aJZ3SuOjVpTlD1Q3InNRrt0y9aSod7x1kE/dYQeZVKo1Lv7WTONhE0M7WcQWoaaG+hGD+MKaAQUl2gkR4VuL3qNTcgJTzjKB/X7X6WuplymiNmhF4Y1gY6Z0vcb0ykhVY/WllTZDXbg1fq+63hzPq5T+pa9BDho2RuLu639Gq92wojngt/9oWrvvvemNkjvIFrVQgdsb5rkZjQdiu5ttU3GF0LJaz0rAn8uCX5qfC1GDGCXWWa0XRPh/IDOElqQJ46uBZP9Ergkvul6RXlRundLcJuJCTlNlvmEvQdswNC0tI2dYNGnHu4leV8T9nphoh12g3AeisvHbC8XmfPYH0NtlRTKcZ8lBvJgGkXn+Gmadu8W9eNpBKKcZFxuQ9FLALFoolV+vnDv8O9bWUfKrCG2zl90IwqcEXXOeXfBrOu7qthrR9C1UWEVMXeuKH7mMvtV75q0btUmX47FxwJJR1+Do4p2ZXNLNxZWMoZc33P6y5dEjODXNsFbjJAVHDioCIwbTcWS85/IEXMMCEfHroh/FNXgTGUOmkEcW/iFYZ/8eTlKFfWac6VGMlny3OU+i/FEhJik2Iepqoe6sdzdJNhdd3Zary7p6BDVZTHTPkGM53HPQxX4cNA1wEbTheXoZjOU51O2Skz9L6sfoy6323HYo7xq/T1Gd54G+ydQ6c4145SyN8bxvo52NKZ25UPqZ7hPU9rf4NDkTGqT68FmPfKIpN8CPGf9Vfzd3NsxlyqNAWcWeILxPmjmdDTk0ppz9QpjKJSaX5Pdkx6+mWd3x5HVXYT22jctrQfK1iyIwLlHXdxnIPkKo0mdmDHm8RRJXoW4QkdYdg6tS/OujBHpPH0tSyYTINftC1I/zHxsudT/jzsJKyVtiMYx4Wb+IURKO8ycePlxfPBnM+Zf/HWYCI/fAZZMYudqqE1l+pQlHUuNTAZbn7dDNFLybI2aaNM94BKHxdRpCjtSCCgb+JgexapeQuRKZDSk1egNt/YQ7nsLzCAMHelqWgwhPThtzq6pjM1l/yxKGquIR9Kqk6CkgPyCT3TKgovBQBrFtjmodispFVRqgtm89ial/pqhZlk9dMGHmwckptFTxNCbi54nfnFLwVrBGJ1r43BCiHedPlDO3VVep9n/NO6Br+nYxjNxd32+a2uTjrb4oBg7ugncaxbIP9xJOkS3ODP1IxsTRss5r9LFUPx6NGj5aEW3Xd89QwHlpW0OVSjQR33Q/y31jNZbhgDIU4/PWADVJOtrorh8ZuHCiLe0afS/ykukZvYr0FYb5SGiOBiDB7wVB7Hl/KmOvlbMYdz7mxI/KJegi5kQA309ZCuPcJlgyndbIrw5g3zykHJ+/WTE0xwqUa5QXe1J/3Chlw+bFRQisT5bi2uXWQXUFaq/F3bd9QT1bQfdVe5fkNBRfDOfNods4zCKpyXAK5dvg0atMNG1bgVy9+6sjVWg3IKCHqUyWE9CvX/pwVYZ/lM4YOvuFoZCd8xF/Mk/x9HiOlBQe/n3YxiAbpOF8MqnMrVraF6PZuCV1uWzregADJyXIsHNhbA+28XUI1zLdgihEmYh9LTCZ6KEkQbjL/4udBlxTeOHjGWuubUgAMYznDjOra/3nVIb+WapDA612pYv1uHn6YEc2aOanviQKzfeWw5QuQ5f91eoG2MEALeomFyFlK6fl6JT3h6emliICULxrtPqlSYMsaKEshJgG+Kq0Cf890XEZpt0wFRrT0sQeCL96lUHrzWr5p6sUO5L7opgahBjids8WeZjYHEhSgKHUDIttDd1fyn9c0PUFKsB4XGF0hkYhx+e/jLxvE3oBlDjGn0IhwPD81lXgUYzP3OYPXu6UwmEasxw/52PuMKZVO87gUy8avbN9sQYoPw6PUmHgiqvoZZklSkHHHgvsfknkdG9vYgspCq/jAoocjJ4K2+TwyWhrv8ArvYVX/FZ9/zjg5FuQgSn6TPmSjhbGe2LDHb6mrffY5rguy3dmSduZxwyng6Lzu60o+V1ZaWE0ZXEX3ZXsdH0m/CESF5x8VBbY7d6EF24R1PLyDIVF+OgWjIjt4qUgXV2vb9uz9pFWJbdVVjwWVtY9LCncYzVJQkthDJamdg4KNTpO8DP/l8HFJaiweK5TlvO1xl/mbDK8v9O+VmVU9SB0rk4UmDQN0Oxf9HAHp4TGEBjzxF5xcupgsLeG78wN0/P/VwJhzRQ4DEsOCJYVb+XgB1US+6hmiorOEHSXB/WIjlOukXOzKN5DFdQUebx880ac1jkbIuS26YxpzVqp8TCGw8ZuR9KxZ38HEPpmYmn/SDs4Tq2Cyy1912xC7jgR/jPz2HDrzaRxE2JY6xzklBqplJm557yyRjPQZL83koboD2ELmlAU7Y1WDjxHH/75bYf/yuiw/Yj7wleMFq7CFEOBGfT3qfRltUS9zRAyI0RO1XCCLNJXSKYG6jqpAWE6bm5lxLnS3IGY+A9dvoZtwKiSTty2Nl6DAuyG+DRpl7B3/dbGH6v4OkfoLlHbBsvDd4SQOYWYd3aD50QJLXnno+i+eO30hEiPxXhGIrii6YyGHQYEBNWtLLKlBRjEomUTeb6c/a6qEx/8o1cDjxZz2fqRcVDZeEIGpaLNN+Do1QJNEmY0vEzQRlGXR73maIX8a/ecOcc7Ed8rXOI3/9camcwbdAHZZAb8+LniqCQYEHtSyCNH2426MQ2R3PtPnu/a8agI1C4OQgxWCI0WVHYN/itlaU9t76K6bu5AoP/m5kffGl1UXHmZNag3on2Fo8UVHpZjwY0AL43V7UNkiyeWH2MfMnD9X8m3Nh6+6VUDfkHXmm+aWvVcDshGigbee+wLudnyyia5tRw+5S4UBYtENFoz/0/vTDJ+QKwPFX8APjRfKwMgcQ2wljNj7SR+hrpmu37i8Bk96CSFnMTqb5GB88zH01geC82JHafWJNsWJ6R6vBpLEziF1lMQB1Q2qYJTr5wXPlOTxWELRhI5PyCgREBYvaBUlmxddh0V4MEVp92srh304eI6SYzwbB0miNiIL39wnVKOjXkPme10JMG3eHwUovTieCcj5+xsjdDe0zPik8j7KuweqwmIp6F8WQkqjAGkXbaHR0Nkb5PDrtZAn3x6Vg8JBGXvXH9caMItyY1gSeJtAh/JBN/iKRpaReWYxyuuXcahW+Mco28I0cqf1t9rDKzmGZkovKdpIA1Fp1tucISuQBAZbksAlf53TbDJQvgL/6Y4kxakvbhA/8bz3vX0O8uYcccCJunP9nwJg5Bndsq8qDOF6N67Bd2QFpBWe+LlCJU7+um/S9w3ey7sHLgsTxi9YBCqiBrgR2qAP7YDWfB/KMSBcl9fWrwoBM/C1U7gdV+k2WB01WrLFV9C0f9h9MWiPY21yq5QUnhgRVVV5H2ZaO8Hbzxecqb2GnBfl2zZ4j96e9eO28hvXdN5Ff097snUG6ugoO5z5v2hS9z8wt4QRGkbx6oaZHrGRiMwg+AxKN5lGTEvqYRvtWyasIGO9eIQKgXpuxwQPIuaKKGL60515tzVcHZuDeWomR9ADLQ38ycwcjXGBf/A8r9WGzHhRR5vK7quHFwqaNriMldFh2V7tf5F91O27X+uNKmWFDz4fBY+7jBCcFwIT+IeRDjWP1/Rdn/CnpEloTPdJfOtG+jsQkREqMXOIEzzejvcfXSXqkGCbr/BPnK2Q6PuiLTmR3YLoclOFPuY2ITEPe6LtH9kzKLg4ZpVIPiU0/LusIp+8H0KwizasAfEF18tlxLGxEExv+ftOO9ysb8sm4e2DeiVEYwadqDSmcidmG181zl4QpnNmo5MIMTeUmgF/Wc1mk0suAth4eZqWikQgAE2YTrZO077nHDKJPnVkrp9R9THLZ5q8cu74hSY7+MEnZ5PFGRSF0Otz6CyrPEp5skmIrWpPV9QppHsqwYjq7SKXun4tyZvFv3eGvl9eNJ9OG6Pw89PbcRLg2W2CviYf7k1L6QxZHcBbFLXk65FEYB6y2HhwGWNvcBtAaNS8BY6QoPu8g8wka87LPWmAZ2DEV3lJ3d7sMCMjzdvbjhi2ql6WD+ujmEWdYj/NhS9LfiC46XX1uxYkMGYEaa7PP98OgCZe8ufzsh34QgaRcx3hCg42K0svuiOO+bM0PnOwjBQ2Yqd6UM/gdl4nM91P2vuCbTCm5R+NW1XM2XYd4qi1JSA0W8++Co+ivIfGcGzDdWIqkjfgpzDK7Wvj+2+xQWdHQwVY7tSge6gJCWVUMjHad7jINAXNfXu0qr1wKa+Zt9wErVIRJBmjBe7G5W+DgtcSxvJh7qGezny/9W1Ifw4L6W77YHzjm5LluWxYemJR1ht51sp6sFFf7rZxp4vlVKxtRVHuU1paOjIUwbxamgHbGaTc3C7ukFXxxi9xRoRAUICCNhiHIG6VHCjhNC21eRdh03nduJ6ql/9m5lQP8XZemRyqsW94IYCIRnv1YgO9bMrwYtfim6xVpinBAa15n9kVyhLgM/NfsZwHahuryMnW+f3+BWqgeQZ9gEuvbS6jynXILc1latRVKxD1IKF6kLxBDZZz5e4Vab157Gxq3bnik3O4bfs3VZu3LHegyIKCfJBvKc1HD6+6kmLMr4U8k891bLvQKSY5ee7MD0UsrPM+uF4yfqk3OlUowHJ06HzHgTrG7wZzTw8Rse7pF//d9RQxmMMvzCfwdzjQan74BsulzK9GhdgbwwtHH1D3m/DFzWHKAEXsbtp5HHQ6EYC5wEkAfzCNhnEY3jkQr9rHsX+RrFZHX4xwRxf3VIJS3juIgIvy/Kp5hkdn3EFiUFw4IlpWZXboX5rz4GpBnGXtuQaBOl17iJLdqBQV5RaGv1aH/HhA/8wDmyOGQF7HMKAUC9uKMCe4e1AreVjmRlVuHVZEchS87XN83yTYxmJipqXj4QhQTfOySnrvvKbDGbBcc9Q1tYDsc2u7tQmSEoP7mJh6JMR7wtbcE7AwNKWzYnZik4lokAC0jwOfdjkW5guI/jKYpCjA7JEheO1AA0V2JYSvcfxqIurCDn7L4kzwaUlvsqXuycfrU82F1DJMDTnOZIG0ffFnZoMzOpJDR/cYJqCj/cq1bUyYtpN+hPYuWZYPNOXpNrMCpHLJKqk/GrEyjfbyopWFTSisruTflzSH8cBQtmB0fN65JoQ+5eR8HRA+fkkD7Cup0WxmEKAlgiUdekeyqommah6rgik6oNz249Q0k7nBEaa/hLhfNjN5R9UC6vi1zAF/nmBeVBI6jGGAjoAptGT71ZwcJNPsfMOXeNWpb4gJx77pEO7Fh39uX/Jq+BGfIIrwE9tKAlLRwgAOIdSTkB6L6DDIunJUC/BBWaYh3M2ZZ0FABMpSZ1IAKdHZGgUliDcRUURL1pTCI3IJ1p+jJURa4hzpmTviVRjnVuRxA9/A6JPWO7Nj6/FUs9NDcojvg52/aFiWRUEzfkMwph5HGd1xC4blwkC+osrzlT8cVZwgzcgiZlfeDWM/9OOnQqItujWP2ZI1bwSiZHJ+kXXsHkAnX7IBjbEgnhGJzGF9rnYgFTTaReVB7+3CxpJsLwn8VG0QmfBtSdaBa3Dwhm1LOmeChcQQA4h7kTCmNdffwF8wbcZhV0W5FuOJ73l3MHh/CEPdqBtaxqpnzbpvy68ldU5FBHS8ZrSqwHYG2DYxQp6la+77WqWai1mhpddwT1NKVv5nJdgl1viOo7Ypapz6FBGdyuXaBMtdSsZJanVp19xxRYlmStp12GRetSFjJLn9bj3hzd2nggSbAZwMGGGKSDPB/eu05YAO0uiSRHRez+ZxBYMO2vfRYajA0Gq3mZUtZ4xP22zvdZSSyQA653f6T0j5rtgtQCU54nKE5tT+EJMtVQFG8dUmr1YRozC6xKkaaSsM6ZUj2RzYRe1E8a+8s+AexVf/vqT8eV4v3a8vgakgRXbip6TWHgR8uPFB5uiTx0DMNQwAkDg0CP8X7WnjwEh0I8mFzF1Y/D60ESX3rbilHmkePFKlU5PcfsdLWFfSCD5En1X/M2/1zgd18KjGPXwwc4XDXdfz3Z/kMXQd3K7PSlFe3IUnXXKLOi2nIme+7c36bEJeHz4BSZztVpr//LcjgZOa3P70ud5YxS74BDiQkhfXvdKC8h5dUrQJLkon4WcEMORgj178j/QPq0GgpNKfd65xUVW13iXBl6Ny/hYvcloXlmzqfqjfLs6O/8zc7w7OqZ2Cn9ZKYGSJFIY4S471jFQBkmEBynzF+yxIaZoUhgqBylzusAlXEcGTMeGOD167fpzYm0K39HFzTEG2Zrr7ZTzk5s7087ZxcPdDEMEDfDJM+Ug9wA177gKTaexvBc+6H7UXmjm1m99+uC3K4coGZzLm8S2EBB+aioBPaUCLUI5VcKXMnyt66SzMHErQPDO8d1V1Mh44nzsRlbXXwriIXOnWuJN3bQqio7Xo6MchN2tWz/p7WYrN7wUnzn+BiVhke267jUAbueHFfWedPmPUIAw33qCz0o2PHDUnFkqqpnwb/vQqzZjj7YDYrQlyJ6C40KkUaW17jpewRh2IbkSZ5yk30CY+Ssppo8mwcTsEaaLIpiPV3gtQVIYMh1qSkxkqn2n5QvgXg1f7xTX2JQBmHBX6ofK2Ft/22BLi1zkTFhSL1poQwr0iFgH0gkmBLnxseWNrl+/rNugOWmGT9VLU5gMIMoFD00KF3lPUXUAybNT9F4DqWfj18/BKngRWJVJ2rI2uaFzObAyjE0UpXBMgykut/31EBqxJF6gsupcS2H2bYAabV/mT7JYARMkuNCDH+WMbf2Mh/uf+nSil+6AjiLm0jGiMI3AZvaz9N7Mihef28qzEQ6ske5kAR2Y0LL0nxVOLvgzUc65eDZ9E4DAqkO5I/46I5ncu9Xyn8fRGrdaS2a03Pc27iWU6iAvYwMGWoSvMLBjPnn9h3W4zq6+bodDip4rQFNj8zPQkkcagal3euDdJhiAFxBFhju2Ke9xHAB6Hgy3LNVXuQUaKky86nhyO4YNWJFN/4yyFtnfVPLEm/usdfjaAGy6c5KzsBloier1mcUfUvPWYHKsT5MDscQG6tuCD2dHoQo539vizv61//GLt7ei4LdV4M14C3VzIoUfoULqPVpkGAEQXa5Hquq8c/HsPvdcj9OcecZss7OuD5gY4FkbfdboUYsG6h71S4aiQekOCejnbJ8GqIh97/dImjVXzFSeka9tltRdfOfA+h3DtZZFbtr9e/nxOBrBem6DKyqeYU5CUFSqKD/qDUMBcmCzgfCSaxg90IQY9/6pP2TiIuS7EtFbHlcUhD/10nm6sY9PpHZCCQwFmuf2cy37zsGmWdLPLfnibMsIhz83uGbdESqPqfoxog4rDWLaF6O+ALbuWxdcVhc00ajbq7n0BlXV2EoSK2e3S/nTrXMXH7lcBDzLv8rUk05SmZLyfzp7QYA8Y0GPFOWp+uEpH/BUkpr6lffbMzSL5QUYefFa+XB8KYq/xmDpU90uw0TVVNu+idXt/1pY6xgM5t/et7dENtpwG2ATuFUEZj4Cg5JGd+/jlYTntzVQiATbZS6aLXmEsBDYetLP2tLJsVbSNz/IZYRIO19TLYkmZAcsCzyxWExPNTIZL946xn50ex7YV8X17ylzzIWcUUBxfjnuRun7EefsBT14i3U7s+LE24eNmR/o43JbesitkJCV+4a8dmSuRZpGpuILWPJWQCVLQ5ktmFgLVi/UtIEoubEGtdLgUkPdVbgSH4jL4khtbUebd3FkpMi0uemuDr1BLh0zDJWuNyDnyJMFZLH+ltCbOVZKTObf+Q24GJGCT8UpJgjWV6hsA9YZSRgqJutg5/5zjGgY7hMd8hTwBm2TAHlYWxqdJ+ZFJm/qwZen8hnWYiYInQyaztoUK9ZxO5eQK2DIFQh1U7GsOFJ6d/SFMbU46klZDnlMDOMJYN5/B9alJ/oxOlUFw48z6jCQvxmHkflanXhd0MOxglww4UL3OtHl62H9WIwpYxZlL4FJC8b2ojcVoI15aoEwHVq+Gy4nPSoAAA/uXRd3szncBEnuunS0JM6056fcZf6wccyP/5sRx0Zdf3Tnx39sjoo6+MHvTlS0EyutPqCvSq4cc9ilBaBGwH8yZodVqgvixE5jca71XQrnWSeG37oQNzgSBi9IoUBY9+tZov2zPLT+NZh9FqpsfjOgzJfeZ9BDzRUD+tfxN1kHYBHiE+QynF8piKT0tEIBuMQ34hHxaZwhqAxnLC0SqDfZ2UHOoH5VWVU9S+m++p4hycXW+3HOnugq3T+xFLOZminp49ZaKOW1pDH2m3jwcg+JVBEOK6wlFnr5wBWF+ejAWVKtQ3dGfGok2GRQPfbYS1YBq0xCQuStN0Znku5xOFCex2ywwLSOqjIlGEGDfOb1BJYysIqO7FoI98/93mMVCrt9SnG+fmxLc6oEFfcY7l3t1XCwRNC4T1AZZkINXQQwmFha7QNDNhXBODnfRYzArfDduMTSjtgfFUz6O1kzuRz/HFQiLRhkTFNcFHPVv+UkKIXSGphjouOG0LvbiUYnqblpI1iytJ5On6RCOTf4YUhzIE708wtiWlFg2zM7I4DJIEs6M6Q2Gt0Vqfp/vnLGrxPAuekazGihcY6tDk4NpgB9QAoMAReFMyrjTmlFdLUvMUfoVOVHhFefB/Ix/yAJyHtk+cy04+EnfhrJLTUUdCd0FCogT6kzx0gclXa6H6/OpyaGp6rxH5u0XEPbvCESkGZXcbtSZ0mOdFdvMiGcqh+Im5AOOYDrUt46nukAtMDHOPC2TMnZq3vyAf3jmTxOnKYNhuzux5JiIeExZTnwHOmtfMpIQ34OiLMp2nUliu02W1KLKQ/z+qBjAzPn88OOuNhRvEQFuGqdqEXpq8eLBcxoYLhu2gPL7kt5b8MH8p68q0MLNAtm/JnO6eUJv/bWAXBb8bJqVHqYy0m3jbEXnvtnTM0rFGYwh7OyhqXBSD2L707XIyW0CVwiL8xB0yf9LvONtuFvHwtaZXUA4tfYUq4Uh/wZIWkhXqx23fl/YejMgG4qH17kSJYWNpm4SwVND8Kw1XrKbJNGfA3jI3Rvg/5SbrU2v3ucuZedbw3ERio8PB7hrF3ZgfhtXkOu9hmVyCGUc/Tg76Cir62AftY/DCrr0b0cp88oUZH8fn7XzwFloHI5Ee3+4iubcAOH3ZROWAguHph+XJVbJGHx94k3BeOYR/FLOgEzv91lYXzd2vOt8+QYGkD05v1TIipwTFXzY8OPKrHudxxn4aymwsnVo4rFbSD+8JyqxLC30J2gisunAzG9m+YXnZGLm9EuUdYKXOi9sSZt4BUAIIRvt0IMWO90WdCURsTFg2gOWrShISLDTdPz2K68qAI7Mq2DxRJ/8nieat4+Rfg5n6Z5VPiW7w2aYwpvImRvp8fe56XA6oObQx39JvfM1ZLyC7Zq2LelY8YHCgwnkcD9LuegL6oR+FYLAVjal69pSyngPupf4mvIlj3bWoLTONBhcnYtoWYdeBCITB2AyyAX9FH1bAT77XxNn2yKr42malgE6RcyJldnAm1Vc90xWtMslbZ2Tdpld+wX9gGfKGzoPOcWPmgQjtjsqCisVCbU5Pa/6gxZ0MEQTPKJg/y8oaXChxcxVfURSznc4aIwaYFooCFpE5N31gkaPNMTDqos3YGXkERCvzeGK8WzVL1DOE5bV+NS8Db0pVO0+oYdAChZnWvNLC3P5S+fSlNNLGNAZWmX0DnBofVhlWmFYDI97CkSRU9pKOuCv/vuVgsCd6+zC2W1yfWctX1J6YQZRti7YcAa8cVIsz4pfGgEeYDG2YInD9JJkZut2OaNUxbKLshT8Kl3MhU3FzPEChSlo9qIS8CNgWR7hxNJ3sjZiWkg9k7JWgEMiHAwDGa6unSWHB5T7j56TvuqP0E4fojfgoN2C3EUpgU2r6ZNUKeSJcdvCNUe9FTi11lUQ9+Qy1nLvaL2DDPGy87H11jiMRqkONTdWyMKC8pPNdgVDbwfuKDbIDnkSZHNX1t/i9E2lo5rehHdySwP8iiXtvfzQ/YazycI6eP4HGF33yMmIZHREqewLXCf5Ibpq4QM5BtxnoaLwm4/bdyRueKxi86C7Ax1GPjYF4C2k6h6eHLRBtddbPXmC/acp6qoyJOWZoCeY7qbdkpa2KljRVcljx4zH+XKwmiczZ6ukkgpvD3thdHrc46wWo0Da97P4VhIQS5e1DtmgSsABUtpRPOcGBpOq5xxYHswA3v/wqiyJNOTeFZhVxRc+btVgejPCkyAg1s7Bx0xhFmRuI9tXeL0JBcZi7/RZFMYUyWwjJdbXKoQpyW3ZdemItLTj7Wsi0IMpGZKAWxD9mM4QHfcgtlwD2AZpFfrmT0DR9TgRdFM3jtlaadEFMWI4jiNW7tK1ss60ubfzY3crSNuX3vx7tQexWTW5dP2PtxVDmXojq+X6rYGLQAlqicd/9ep7ILwLi6A9aGvxcdJnKuEg2uL/b7fAN4T0ICeDMpZ5a8/uqrx5kg2nKbttgQC/hCbauC/GcGOd7vfcOrBTbRes5C8Yj+jJst74UA88RzNrOqJq4uaXGNY5/cc6Nc90hsfU6wMy9wwV5cqH+emHx2BezQH4LkfPmZJKTKOJvAXxyrHvi4oVr3sYTJj/e2VOhvk3Y75buLwuCsacnk8z9zriZa3ZgXNRuTVpXrpjlThnpIS1VN3LZywYBWxECcv4S7tXyMD+DW82keU0LJhPIQrQVqcQJJVclhlV9iUJQnUbo2fzrhWDugKO8lKV68EBEdRJNoqtgUZuQa2YfSVB0KiDMyAJy0+HcIiQoYmeOED4n9tQzN8ZwOwQ3LUZQJ+OKazECMv0jxLDYVDLlcRwWJ0bMPGwJbwdd2t4B60AfH4MK4MDvn87H9R//RNDFXChxBXqO0CVOzYm1s80DTl0BoWGHUcyqaekUpwzDl6vubI+AaWs8n0cSWiKdBe0S3IBCN7OS6v83SoEmYEbRxQh5/6CRQvUsoIgGAKjx767nJX7fhXNjhRLf4Nh7zv1d9s+aCPpA4K/3+EANvNV28dqQUQo6FcCMtwHomv1q7p709/zlwZ447rGYKm04ANHbxX9ffVgeMYQnmAZv/hB7UH3AjDstMqKZ6DCTY1Nlwu17Wcm9I7QpysDTRejm0Fs4+DWr6P1VgZgEqXdc6zdoCyeoasa8qC5XOo1Wl5gO8djfbYJ/djIs1/QlK0Y4w8q1CCv2l8dvs3+Kf6hozCM0b8P0s/wIUNTN8RA3qj0X/6x9l1SjYcf9qzd8HdMhyqMTLawbZY74dfEv9noHI2z8omknUuT7sa7hZGwcxHAw55r32YELdkwSRQTvqfV9/wHpQR8jydxcxAZ4mHjcTgB3DjLfryB4w00242IAJMqipklDsDk44ZgN3omou02AJouUwueCwq/anz9Lpq/fFKCy2ZOM/fTupMdIJxV/Vl9Hd/RXU4tAyhn+K83uCG/LiPn9qP5UK+uJasP3GDbm28zzTII1ZcceAlrLk+81PiwtbfSdkuN/2QjbWc+V4oAhwwZP+COgT+NsijFPtN6Uflw0PqH1XPdYdHafVSykTtPkRE3vgsewiIykWiN0i+i+fZgKl0dhgH/TaUlyXwJdirr90lepm3TiGbJeVywQnlNLO5wTx5nT283ZaAAXq8P5v7PSehSAhC0BqIm+9hTecpqddT05wO9I0UmC/M9KBk3ZmcGWJQe4vzjjdqwADRQ5fsaHkXt7MLhP01ldM07RHGiqagn/A+166+1yMqYQzVA8spCurCKph0vSKy2bdyJvCAKNcDkBlid7nd184Muyp53fJEbDnlQEhtmWw7WaUE+jBTsSHcf2KQZUyJBNnZ1j3F1eiADdV0p3nvPaKiJ1UYL87L1INogxY1i1Wg10Z3BJRxruY8uN5wTrmMisu+dln6uKOTRLFYie7Gei+L7iDcESO6wJbrB98iWsvpoBrcwc4ERAHfgM5cNaGMRArjv0OcpV6c4k4XUQJ16ZopdWUrBqAAI5sCpgfenUpnROw4i54Wqe6V2CE5bBcMe+MIp64U0Mx6u39PLqNwP01B8p1Ev7/hRkOLroTtdZof8RxaSIJj2lhfTbegEGFp7wPB1537nxD5m1Y8l7Hga74YvzFr4eyGuRNqkgwQyBARwr+sj25SSHophubwmGUfVrRYgT6AS9ZHIhi7WMxyTmpCbcFWiXRGns/BZxH8bh0lJFnKlOU9dPVVVjD7qK3Yi1Owig5F2ElXlRx2iKYQxObmk7AQenbCrXLVt4T6litHTEet0kn3DeiR58Wlhn2TWdDFZUMjo0CmkNhoAV3Xf/zAc3tfsN9w4dkscpwlIXsYsKBgtaj2TOp1/LNev1DRM6XLr9reIdlhv8bffc0wktezlWP/mWtFA/GEbNKSwSUonM9BK52As3UqMwmtiO7P3TN66W9EE3Zy9Nke0x2ESRPhVL2zXYXHPHlhMr4ajwXoCjgZZpoA523t169M21+tJxhzt7JDayoFsW+9qKy9ZR5FcZfNzQ9BGBr5YxPX2ltYVxhNDNPy2olHXs1fw2kSM4OIAjQcc6FnQY3bbxD4IxXJrwRDsgNlROMRZryksy7TAAN3lYD12DihDJjRgA/cZMgZCCI9I4wCqz0jHV5YY+wN9l9fufyzui38R1Sw+lgzi0UO4HjqiqXX2LC1btr3O/KhpROAvCZ9BnaYGHhgv1ypuX5lb0VVFwdus4PNbJ6k+5ipr2eMLCNVD/QtIjL9dqf0SfkuNzleU22I7lmTEKY/zUtkWVGd6hO07f6S2u4VtJnZ/qbWFUYp5Gk6lLqCznsj0iYbUuV80ADjgr3T1qMsb0kXhlqr8r+JZ3oFKG37opvesn77LxFL2Ko/PjlnxSWIeowV2mthHpub5PVSV9I/UKBVXHBRH3jxIj730tSefk3hs/dY8eYu+CP6Qr8dPGoZ4YLWO2eEcLSxZyIbK1ZnjLlK1WMaycBSNU8EvLwdYcRjTTsULaCaDirkRXCF5uBHnvIGZCNJ+/9rZLjmNSLKyvAb/0qvv7YxyG+35bHgyeI0+p+Wd+tKcmAfJccSnHpOEkdo6qaXUYjI91A3eF79y0h0z8HezlYg8mK81qg8ZR3Eh4XjFZw2qVfDSExA/Be/oFo8g+FLVDRlCLPHN1/9su1eemkFPIlFlf+P8PzYruWLCnOjC369Jp6qDjh/8Dfk9Sb3EcUJux/9QABO/YgKkAwVa/t9p/UU8dmrLCd85gbyaxslm+b04Rl5peQc7iUsqnj0TL5a5PXFajaLXXec9r9Vr45o9DMydXnHAZqR//FW5y6h5hA53kEquBjkA26n6M9x4i2Rbz2JA6/pDCn79uGsicx9g9HhqWI2xYEcaiSzlLtoauGdCRUbFU7vva773AgouFbj8pPtqiIzWpwLI/YbeYrZfUcZQLgH1C3oPxxwc5StMXtXz8ei4D4Slcw7TCLv0S+mSd90ONz7Rf95ZEh3LBeYhRAljU+WUKRljLpfiP3TnwnWvPdSh8naY6e0hOGRWv0jPyJUGZKf2Qqxoy4AgGi93EDbBC6j1E9z5h+Rv/CrVwKFGRhaIiJ9Lac9sAeqUuXTR702578VLJCUgjlaOzPwibUrtsX0Hw3/pQ1EsllDwK50Z1y36E5S9KeFNmPYzQhNLEWM6P37lHOwE3B80fUKYJCgs90ASIm1WHES3uWXGoeh99ENZm8s4eCAwpvdmvocH+DHpY6TnYfv3dl1GOaAS+YJkMXhMs9mQnC5lSIRDD53MlArI+rj0Vu2n+TvMFxJ8kFUAX4MnanBsWrEx+yeTzTZwoQtEdCVsa1vPXJNNCRzagQ5vSycgTBnP5LqJ6OF6ypw7gNin8oXvu6jVVpmexVPS9AbVXdrwyH79QYONXCZMN5Fq8pcyMs8zcgCCikF45m5Lc6XUwPyUAZdN8iMk2osFqa5AyLApiOoAF7w+GXbYKWzIIjyebugfg9PZyR3vMgnNT0RY2g0zgfJ4IGA5nNesq3cDIFhwhTn40CiZe9ItfxbN3L8CNHrrd/p9YK0ykGTPBE+Q6CjkkPkEQHF10XD2zw4Ke/ReFq6syPEl1jN6okjpDqdlG/w5D7mNH4eWHZeRr8fPC2UrxiSmKUZsDcVC2LCsoUzESNJPdYPpOEdl1BhKDTxvMek7hqaXwkxBdFb5z/EWY9ZirpK6Xy3FVNEyvPAezjc6QQxwHeKaG19WdRVwKMwkTPt9eiRL8x4wjP0UH/BDWaBrG1Resn9v/uj1sL/4eTXxyKder1ww1Es4PgG8sXM54uxRoBnfFOMj3jlevQdo/OUxPOH9ZRL3Jf8szI2dYe94NIrjx+6Gbs0GrqaMyB0E2CAZ2iaisaXbZmeL94Wc71afyHLqI5h18/keX+yfeS7bLq5+sdqrJ6Ax0S/sWmBhoK1dyVzVpCAxb7seSl54lSfgZTG2u4ARXNO7cIjF6Xhwxn5rTIda6RK64OfdqpOw4rkKyT2tTTwZEHJEV8q2BHwigW/O/VaJ81bOZCkMuGrcuajmMv7aRVlczkQIFM+7X66mZmFTVtpyC5Bqj3IjWmOdoAzPI32F+Cpa0HbhiqbP2omWiaLj/UcgOEb7lPMxV4iDbVcgKaepqDtL/OiIHH2DOYH7AEAilSVkk0A8HYjoDYTOpZiBRECXf2/SYqVSi6MdAnIRqur50GXbyZMUfln1upkWDcAni3SxeBPzjE/KPPqf2tdilAfhfIgGxoABZcaPkGw3aXouvMczwTG8yAslTp26mh3eIeh0w9UYISWklSB2H1/OmBR1u21D4ACOu9NzOK4hFyaZxpPT+EU7ixC6pkSyX4jbp4pnNAoAAZJfobyO1pUjR1CJTUgSqGZdN2qQoxlaczu66h9MVU829a29v0o+yarm/Ic1R+8JCrWw55IaeM3qhUNdGIFIK0ItQGrJZGKy1ogY/fTA8rQAVJxA/HkqEGB8A2gV9YhoxY7bawJPqqNa8Tz9Aov1CAsu/nfg3bjeIGieEh2OkEELfQZ4/FDhVJjCpscBr/+/JXlsUVmTTsdesLIbkpbFnRj53OmMHAN4f4GM56zrwZNbKgdsW4DfdNTiXlmMU+uB4TCfzGb3jY+mv9j7/jOCrUdLLgJ8RrtUofYfnqQY5HqUX6SMFTorg3nYHLJQUmnXqdaV9uTrGWibgdujoyqCJExeTmCVGCN1EPF1oMFgfsIpgtaxFTN4Iqz4lpF27jQHUYyoF90qb9zViYmNxN1WaXtQHmIgoslyzjfYt5dYjZsiC1+5nyr/A8+9+Fi82oYxzseqOev8LfbjPp8dYTlO2J9tEDsroWhr6yxzlVYFOabCQJ3r6+5iwqKPuzZDkuT2+0cKQAAlBKaaSVXOIT59YhLprjLbqMp9P0aQByubAWoom+rYUq0bh7QXSlyqXn3fe/l6KW73RGstWE2yn9BQQ/1U6REghIK3vq16kZgVH9DIJ3HMSr7/gWoGc51Q3elncioTFQRY00atagqanluS1nJHcpEgPg9zWWcCXEAnkrsW4On2+Z55H5uUrHECqqKOMjlr1YYkkNZPlXhVN8OishPO4WwPdYJhiv+7taE+bMd0+JjxgSezdexjSFqjlPGxbcq+DkuoousuHMwrj0SvZo7s1kSqhrYNRVzDheOjAoafEbG/qUC8OEm+pUi068FlX7whjbNzq1BMx5pZRbCIce3tKJeNn6rSPSCt4C3Z8MP3Tge1eCgw+CzezJstbV1g98w3gTQZPRKti/CN862AgSXv4ne/qAdSjykDpE3/Rpm5EheutLZSCVLElAQoXLZHgdwx56Rwdpls7JGMSuIZ1dJwJwqN3Gf5M1ejc15vq2LKLudQ9OFWu3oNNxCpcVyBhNTLxyZtQLbKMJhVlRTfdDX3XWc2KCHInxKhjXByDIRvZHfaLu+St9ACbM4DzXPUyFbS1FO+duE624Yl2UrJWWv61o+TLhONmDBC6dFbs7gDvWM3g8peuRlSyvN4GjFt39xw5rmH65DQUOCsv3GWZfp+wAuOY97Gg7Z058iPacgAxhlmCLeFXi2pfNjgJW3afNYHvRj1xbuo+9Uw8NO7RdoxJSiu53ux+Buhe3FUuTGUWymBpSUwpmG47IcktFHaSI9tydaFJeo8EnFW6zqVZj3AsDG9MS/7LYKOuKP+0YdjGY5IH6irNWRvcMSYdX3WUPO/zcTLISuG+76DBGtqhc9HFpJsnS1ZjZNB/5fAmeTofNmgzxjAcqRj4fo55smaQKExdXPgodCEHYO2E0TPAc4GMDItDd1Q3QV8lgwTbgfJnzEhaxrYKjicpHWQ4bHKQsZq43Yce+sgX/BtF3aDI0+tdT14X41RCdyB/ytSL/suX5o8hv6EKEbNeYw+v24iHtm4rcfxXhCRvMtJ6fL1j7yFqeOBo7zZ7ZhLbmi55eV4LyaOc4+eASxItRgRx8+T/rlmRNRJnXmUTjP9gmPjMyKZWW173EL04ptrsxrMs3OsyxweMPcxPvHkjrqX5x062V4qP7V8Cos1jBn/Kxmu73DTqXmG4tbAANn9HFtxiE6KloaCvF/tB0jDOHAKzb8gdbG+7lQl38Nd+36NKwxraX9RiVQhpjyIz3O4wH4/tEjrBdPS0HcPXyBdMhtox6bVYwqzzfL1nIUaww+HDeamvctypEgPewFeIpcQHtmX/2maazuR3dHHaPIztZPVXYqsGQVuJo67VpqXoRVkHMhkULHHsUTonuHTGfpeno7Vvuf5Ax3f9PK6wLclr0oWAwPBwCuwz/AcbEHKvbapyyBWJ1r1Rm2FqniQwsz+2vLKcnk08CkIsvoza5wbapp2tIssQi32e3Mn4GDDOJceumha3jYoxLiqD9OMCtauyAkyOLPK0WcP6pbsAMN6Y2HLs47TIRPpNSAZ6waA89xYTwUXq6xPqagGfhmn2rCq2x5zypX8ROAgSA6xh8FkrWqImMOZITYgTPfxzQyEtM9qeovefavul/TU/67+BS3DxyzUUo5jGPZ2cjvyzgAWLPrR2G5+7ViGqkV+86qcFyqKuUfeOt5TQox3SXT9Ndf/1I5PkLozmERQU26xYR7o0bcNQmxfD9G7zsYKBH3fGTZQh1krL1ErsCCROVF1jUPhxtFahCHBul+I2cOuRT8UOuEaLeGHeJBx7r+7iTJq00zCWm+lSht6l7YcdZ9lrlBz7cTkBH6ayyxSrGAf+63tRI79HJpxCGe0nvTLoP7eslXz6FFWjOK+7RktKf+plkdMqlmq2Z7kPcAcbKwB4gsaSGkOAKQZIiwtc+tHhtP5yxYhaiCECNXcAKo1YkJ4o/ozrWPpQeHToSB/AQdL5py0+tBKiABj8YKZPAM7Qi62dTV0V+qPgZp9kPh8S4b+lCxDoMrfjALL4+ZwjkjtJxg0xGMPvwo98oyr4tzuRTc/umKwJpnp0OQuW65C0qRtLLL4PdcWWkM0MrNx1NXMJ8GHssxKLrnxLDDuhTJzRKqwQ5Zok1WFS2I81mjOJvQvsdcEbHBusvDWPsMUQyTbM/nDJMc4vWR0fOsexF7WHQnJvgru2K38R7PutNakzYKXlK4yK0IshXt2SC2guI2WT95SqPil8oj+/rMe0G2zT4Vi6mkX7uRleHVI6EWoeY3MZq5hrD+mPIVK4ABhwNhFYMIefBOIKFqr7d5RTcnFdng6ytNeq7G++LaW8//emyaqnv0LGYRoo71+g00BRH8Cfbhb47n9ZcYVRkKSVH29zP1yIXd5dscw7iyRIHXoGvb2oOdVyzyOtbm38OFQ/m8jXAna1b0yW56GTY8HI3wvqVJoQJGMs9CeQkAdOUz6TxLSMFft7CWA/0Ts9RsFIvMXCFDaSWdDAVUO6U5BEgvyvBGUseb/YUZYEjYgeb+eRCV1MH3p0D8IF8NXZMFyre6b3m9d1tNWVlnJ1R2LbkMxTVoazFPu5jo0d0fzqVUI8gjxxfUeX8sjpaEk23oixZgc5Q7XqVUh0YEYL/JTSz4igdAkzagKPNPj+QOBFGdeUJjhlYn4OsIPLjNwc9fGdjdHa10C1VzKHLJD1uYtK7YHXFN4GYNylKKayNDEWQ4dNJhXjQ3ZqO2UaSNNXt30d9DC7S9Z5STCFhlAtnuQUjvdD63enNV+DzVngVLpkLr7ud+M2cqXIBpkQlSAjRkctwP/5MptU8FowwpuQGvwvkWUQl0I5bnY0pMRJLSZqTlqPJfiaHZ+7JueazSV2/PAXG6sraAMc3bzWN7kPGaWqK63sUL+v1Q84OUIh09cO9M5+m/e8qUZDOsG+UzhCQl2D5wvZC2P3GktjMh8iygUwAnJ89XAUtjy8aHBjQ1xXzJBu7hcWAo7LgZHoqEB8kwj4FwUw3wicgiRq3ufA9yvz1iSY/V+2S4/Zg9IZKRQTOlLxYHOeBhp7LuOj7CEwYOYZxEXnWzvf/kF1vOrVqT3eQfz/n8mJBPgogfGzQ8LBfqjyNwN00hJnSbo3xIeIOqnbamYqxZNu/agQ+Ir+KO0IglmafT0xkgoRQVR9EtA6vIJrqqqcArO+rA37do4QeWRAbpUGc6QYP1JdlcrqjdGYWNa9iaPOuLcUfzBKMLOPYvWMW5UqVgJp9hfdCVk046OUqcQVQMWTwLQJKvSIpil02D5iizsU/GuqJc/hRhe0APucj9ZX4oeZi8k6I0fYkVYXlIpwggR27mzNejv53esRobE0AMpBDkN1WcgxLOTvl56oHil/eDyGF5dbobueZIoFPrL3fZ1m4MKTIPM8bB4ae2z0DatyyuAgpTP8QzHcBzz4M+P5sZiVfO82vXLcms3v9Sh/HdZha33kzBcTi6vLH++9HFOMkxcmb7/TF1WzGBDsFAp9NZC7N3QxFlTRWSpCSdy8qiTIXa1qQTZebkoOGF3/TdFq82dN3gYOiclbrbJzmBEZdYPS2AACEhCkaRIQVQI94wB8RuQ88MRvd0KPqow6Ggg2makP7it+w+f+SQvofTQfzZ7jFMd6V/Khgiw1iJ22tQOf5KSsyMtmi9K8GZIy1ai4FYwGmsg+FNdAxX68sl6XqCvPK0gB0FYViH26UJVqmFYMDW5ku0nF6aoz0N/4X7XfhVPwWLvXArPXFLtgmBKcLesSxIAN1vgUVN5VqciDdmAwvYH5c5utYSdFl59Hw84E5L+b5I7dSt5hP3DtpzYfJTJJDCnPwXIxkE9bNU/5VAboIpd6etsMvonHLWqBan5E4qKOPgQUHaFi/Ozlrn+/uXhkvikDNXB4P//y93KzjNXuGAJP273A2MM35fPIPPCnWZoYB+uI5sLARQJmw8MNFdEJ9PaYKvds1jMb+8y480BHMFTU4wUNzwdNA3lURDgb2ZpUS4YUwHjUWWy3DdvllGbS4HLEtk1+o8ANz667n9e95lCnnFLmv+vwmtieFuDgLwT5R4Xw1+SE/VQUuUCa4N0iv7OKjDPOxTJZ0/jNbksLH5aygt4Sh+InnyyJBFkCvbO6yJhRTetwUT/WLgnqTHCZ85F9g77sQLiZ9lg78POrzocAsMBruU6qyIzedj6at85LIJ+bWMZJi5ESVdxLQvenIT+wBJee0C+LGUgrwXWNh/GuR/lTuQXU75cc0yzqRMXdM4Lc+go61B1O4virrTDhmy1uA34OlC6tYJL7d5iHtviod8NnzaBurEO+MhbVCpwEDAnDXqqa1n/PurcY3zAF2RhHHR/RoNY/cQw7GCxP06ON0824uxM/AvlTYd7vRgPrsi3p/O1ctxucnJFVEeP4Y0sf0TbR8DRe8likEN9ES2JXA+w0p7+D+7HaUg/14GKVklJlvzgDvczdrGsVjAJKZQAw+MranYCBVtK12RvuaADhAND2OLHeCYIKcMTRdv8WVujujz8TdQcojLXJQ8gFLySFRQ0X7493zMZfUJJ18JqOlxgQ2PjsrqxyZI5ue8Ud40PfbjtrKcwTvfYryWb0Ct6NYhLDJdNGPDX0YZHckCPqLBX9tigZxZ7puifmgZQ4vfq9kdTxad3DiSm5gUmY45w2fVwgCld7zfPUNN/sgX53O0OvwP8eu3sjNf7QPDa1rYUXUOfhdTw04ILU4+COVH35c70EPXr9+h0aWQdlMjE/8AmNLzNPoUKfHct9PQ0JO3l++0HTNcX7fH7JtKLpAO6OOtMvVEau+SYcZXkYcctgyLI6zyW0nHunkaUreg/B8ljCxLxPjR3VmmmSpampUgg61e79zIAK5yae5yvWwf2ppUh0jI5627lKWZrMo9HC2Lq36qvHT6WmKHae9OMBsIKuUELy0NtQztkOLk1fK4kkBdw1wABx9HwFr7V1bSxxGGfERu67tUsBk+WTehgJlffZoPJsTVcIHX+dVB7HBJECBRruV4kQ77887dHPTURv66Fznz3SzeeGB0q83D1fSvqNmzOiCkFWwfIhxqez+zdKf5bBvJ9NDJimh2bc8PHIr+eA80QFpDW6KytGYQmHpoQl2XQ/8Wlq28RjZ7HkrruEQ4VNRmDndzu3kE7+4BI/EHZfcNKOKVG9XtBt/ByZHKYjfQWnl37C3XmOvN11hLwBuZuIJd1Xk8Y7nY24r8mvxnA0h64j6RDLcZ8UkvYiLBVeVzo2Onf2pu6UFADV4qo5YUlO3VDeeBAcktmKqtnIJ4VkhyNrqvXB8vOHxqo81OMbHt5uv6rglHCMzGcXm2jw4ZBPmWasQdDQJQwkS55YoDHcdWf3SX+2FqNBEqKm97ECwN/fb0EUdLI6OloJliAedPWip7923vLFMSVBzi3rwHbRP44yPLBiwpD7et+nOag38FLJcv7df+1ALKjIEOmnuejpSjspCWeQnIDGLWn93XQHLoIWHLjiiucg+UCG4pSObLY0cp3CPt9nzJ0Bu1rQ3s1oiPDBtWShXYabGZ5i+ReokA+vT7qW6je8j/+N9s5FOIP2TeXtf758AM7l1I7Lsla//UOFM3FFhH9pO3Q/oUpkBoUtcv87ztzEBCjrwCQ3Fzi7jzNEIMtlm8Y5kf7uxSs0kk1LbqpwZVMLNUUbAbka0QCek2LRwshugQxRIrgQJ8TAyVHUJ7KITdcAF+BO8nWOQcgSR/J5ZWKd26TfUVCmtqqxshHohdROyHlK+cVut7/bUzRKMDV7lnP0+38UZ5JXG5NPrWihZGByfEy3YgUhZe/CLfLZIcz5a3FXqeBNhme6A8iEE0hvnc7IbR5kKqWQyiGF2O6vL7fkZ2d7g6mfpQaOoRz0VVl9MzmA4eMH/F9W/1D3x2Jc+DnIF5xdyQD9kXcPxmQBq112AeI5Oz7zm8jg2mOXYOZOCkpr2B/r1XJRHQyzVnQ3RaK1KsMFt8qUQWLuDMPOqwstfLnmaV8kDMMVR3WbWhG2zkgOGUjWH6iyc3eJIkTCX5LXHt1DPVuP3b2RyZHQRwqLEx/RRyqoEwkeM1rei5Y/QI4lWei9PZeVNXfsQyzYsKzUkoZOh3w0yoZSbGB9VEQY0K3zq4uNpFeEVlpoXcR+QAB9waXelKCjPLePgmAqU2MoAubtKiKEOamf38DiRAgTKXgMrDWO7YUpqiCwSVWJmqlBsNH6Mi12TFrfh3JjWvkXfMy52VTcJ0xmzDf0WHwJ48OAi3su5U3mZfeWwBoYb1sAeIHjctqDvSzHqeIOfQmawutpZPB+XEHoh20FuSQ5oAbGs8sdxO3cQ4KvePU6tcdOwOgFGc8+/dVl1RtrwAzHF0Nag5u3Bp9QSutPyGhtav+ql8GcOmsgng/r/uRgryjjGTj4haFcNvhf8pzozxM4tXiCq/Ksvv3jTCIonAJM5ofcw4jBG120UQpmw7RD0LfjJtk+ly3GZ87yJF9TcV6eGM/y+Gim/9esf0v6/I/T6FuPuS5jIAtdfylpoMjlPb0DaQrh1YUb2+/wdfFnjPRRV8yZ0M9hQ2ONajBfC3vbCX4I5X1NHYGYjZVSqc+dU8nr3ej2oXgX0wqVgrCPSdAXDCI8ruRLy39I6TqkGKm4EB1FNOhmmUkkNKshu0xwKIPBHyBdpxMr3i76WaS3Md4UIu155HWUsTvtDK+2gt8rriQWIe7G3aW51WDz1kT5p4sbD0loqS7v/BNULe2bvtlzCHltMqpntfieA5gcSwW6en9opO0oPo/OScS8wJ9joBUyL5ofo2DG9jgxCW9/mUb22JaOHcAkyg2eYs5riHfT/mBUGXgxyRxDd1J6kyi7rNWCeZDwAeCwFXdYndPa+vwL5Mw3PanYX3/jPRq4ae1BEUFEQTdL8OSI0Br4CKQqoFgfow69S9Z3wKTdFp97XRuWujZ/Ov1YR5nv9rP1KD0u4h8zB0cEo02/o3uA0zu2WxZfzIPZxP2BZJaHyj6y13jftzxPclAlG5A0zgs/RrR0uhtyXbV2i0PnSbZoBG9zoKMu7DUllezPhdxi/k/lmKlswfU9o4APJ7UAPS7wC3ThzSJsue8DMIVVdXjw1TNUY3nbqA4LXw1Z/O4cCT4/ezNlsh3urt8bvWHGlWYJoq5PTFx+VKTroVERt4I+W7BlMA9LUSxynhqw4mDF8fgeyGzF6bImwyuHOF9f5qMnS7F7zVgL2DePeB8k+kXGGqqMafie03VZZMPydnmbU1E1mkiQcIUsggbrmHPKDr96/piNUlHWVt4ezyXMLY3AYot0O3++9NuW8z4P0QfYYGBqLjEXzv8OVJas8aDKAsdburOfwS9J5rPxU+Ynm7t9jL/mymLOo2HikkmDonZxEjSmpTyrGXkwMtYmn4gf/SeIZBaTVDcAjrJMXLyY9Gki0pRZI1C7RcakhG9ki2K6X97V/yhQvLHEstT2srbIXcXWQHwewvYtvE1McqeLkE4Azy7rsv9/WY741i20YgRY2sEdsDVhVKdY9w78Mlc/aNIbSCCnp6nL7htBZ9g1Ot+Lr0BPQcM4spq4OF51qKvKbHtm4lvMPEW9wmj9A1pUk28XY/yDWQHnGji6NnernJzMBckceQUYX7LGBCGf2KEwpgXmr6RGzk/iHV6nUn2jUf14QErCOtGrqiweXVkyb59Pb/1TyzoYUC3NppbAQdvj9g2iTC2OaYk54GtYPFCID6eRzNzPS310X+xHdvcUDIFmw8UyO5NoyhC17sLpvJ1tTeoeCWiGRUTbWTtobIQb353U41jTgFb4LpQVyd9Nq3Ks2yA4y6SAJgu7tg/+cx6NBBMX2s9kQbc1slz2NZ1R0a6nVmGcGxirCvpnrtG0c8xeUHB7uTmN4QlF67EaPSooX14EiQvJnDieA97LdErqKxL+POw/jHh+3on49pdV3DbJVJZgouEENUDM7pMQi8IkyqdY6XL1FKh4eLD8XW44aTsFc4IAVsaDfDLDG5mYKwaCXVhWJw4c0UJtiK60sTYgF/4kKsdE/ytT0jM/+Z0WFZNiq/9Qa3M8yPv3cZwRwFdc1hYkHQly8qtwIhtPCdMVeg4tzTMAcyqKQKQl8/eqEscbBnPk+I3qe1fwjBdM326Kg1QFEpUUY9U7LIxmAictVFqHwztM3Uxd3ftnhQiIu759USXId7j02/l1tnkVVUGFB+La9wY2p+gYpw8+SLqw34/iWKbRe8NaJoPOoBip0/b446a+z8OECzMlWbf9JenjHe0lHJk006gVbLpDqb4LwFPeAq6uw9XLbzX1pew1uB4tT7kVBc1ubO7XJ0kQkKVk5/PH7pcEpBAZ+bk2P5g8pJPeKqrh3bH0/X29RJVI0RmulN+zC3PzA1G3yeAvStZSKxQFtTyxdJ/rqi/RhUfF5c38WwHA9B0o7wUiHl1eipzjOlC363BtlLrFOnr8q6sDR1d0H9KlqGiwN0mHckOl0MLkemr/R7hjoS6QUrQeBRXWxBzxnvyX+rr7DVRXYv2KCjUDorjuYcIv8utkt2gnllkO90qgO/cRUxavRoU4vSJou92NTDIw64CHy3OHz/9Kp7tASk0YIRvUkwV6TbHP1Cev0ZyYaljHQaoulGV3PMOlE/3A54fuTJvwVVW7hyT3+h6bPPRKFAk4gZKTX1OyhIind637huFkLGcReQQv8uKDcqOALHF8aQ4Xx8kOkBSM6vmwDovQZ3CVjAm/gjQEPas6cEC3TqAS5OrsqBlWuauyXXntCoTrBwsaYaUTo6tJxCATaFlLyqpHNX+Hy0aBCUJ4tXxRWqAkDcw/+BSWEK32wE/MydByP5NOwg12lcM1iWv4dbFKcwAAAIQNCbEnAcFzkK8btJTmmhA9MADtFd/93UyQWJ2BFQZXc+IrI2BGyKuFCBo87Ue7oqKZuiFtG4C4kaMylYC/Qvz1aBh/Js5S8EmoAq92UgL2mYm1z1LljtewyAxpsXudXau/ROr84hVf3e74xq3FJkjKfIUP0xB7sfXWLgW/nUjT2ahzBTbmIaKeX6p6JFIQwPSAWXegmLfMiBqhTduX/FrxpG2KYwch8vyigXKJoAQQnTnJ3i0EAPWl1trXDq0xjP8qo5k/BmoeB/0Sz/g2RdMYrvKQe1/VwTHd742SJv9KIvPMzKtU3uNxtZ2IZ87eW67JpXaQHv/MvX/GwAS28KTxaX420pPjE1Y2neanMZ5Fuq6d5mtGQFCxPb05yYxDcyj1KpHnCvaNB9ZcFqYqBT2JOkMRXAxN7PcNnTRhfayG4uzNHwGUuIw+G+qEsHKDWOEAJp9IODtGqZieuuatfHlbr6oU8JjB1i8Qog5S5yLqa1oRL1auJEFCEBxkPvAyrnZe0qhN+y+9AeW0m5rdyLTNedbyfkhILOtraFjVovQdMc8b/+r3L2jmBxNAxFpMek2JcinjpO9FTapCNsRlhxsJjcORMvBPxpx7u9siywHMaiQ3uc+UlcX5ZzKd5pGtpEKmhqe9BmO6YIKVk3NURD7GBhYg813yTz7h/xrhuYuicm0/GmeZjAV/9eNbCehRAtz/96/1JHRFfWvxPxyHoHh8Siiy6Hlr7/W71rEnmem8mosWOCr8879Id1afIDERqQzi4KVvRQL0JaDiukXLYGQmMYqD0aw2NE1kDtj9ySKcZvpA6/asqzmCnQIBZEDAZZfF4SQqoSZf2N+/+1JITSO9nO2TqRyFaSt28sgAXaNYXkPurTiI8phRUx5PbJf9ewFQLRg26MJCq7NSEXET5psaeQ0em7wWvQsSZ3VWay0xdLeCrWagy8ChZgYY11/yc9qna+RIJolszHPon1/9+LjquCWPXItCEc/SBc907yD9C+eEJrSu9DK4rrZMcXbVrAj6lmK5Xu3vKhE7mdrzcbs0V9G6acn2NGcu5KPQj8bdDgR+D7o3zgnzkkcQjUlsMck0jU911jp2pkolb2HdJiH0J0HL+Tmoo05QAvJVZXh8gTsfi6YWSFq2mn+muu8GymhhtS2UE7GZbn8rkckzEVGsaYCgKBmeKgoS8iLH/r0io/+qdYwFQATldPvuwnrSQ107E5h0oh6+/xtVzbsYJJoZ0FOQwEvtQKnaqj5/ugOWUCP0ug1D4YKQHAHIJoecNgVykG9IbsMoruLbUo8u/LI/6z4vskU0Kk7YgOSsA6VBKD5mK1UFcu3j0CxflZz9yeo2s0zT9xkvrMByQ8RESorKJ48Pcvgw2M1AUHR9HZwQrPVDHtL5UMmSBczRs6CxJSUcPLLL9+3Vtxc1Arix/GVZcTO5RPtDRrM3PZzPBZXAoHR7zZTgSNR2nTBIX4ZC4bLJvErqNdhmYWDHu2v6GUdZJmOrFWkfE+GA0+6Y1bGdzP4/TMrUP2ps14XS2xm4Hm7DsU9MjefGwL7TcypRbZWMh0iIEdfWO0U4+VEEzodM62nppPE2kNGQqexF+DmGXIPcUNjRACNgxwxMKtKLxnIuWH3bID9mqkoCg2uaIT2l8QVT16r5U/EQbKKImq+rDwRz3TpMi+EaWDi/RX4Qb4t3F8gOW5xCT+/AQm+T9h4qw2Jna+elfawkx9u60ZJDLYqyz/FooGfSNGZDa43qF7TUzjznXpOYMuF3fB2dhoFiUX85eEKUEzdetIYMrN7t1craf1lUGu9lao+ne9xMTX5HpO3sfh8VMbm38ndoD2TGZpGSnB+oZK9JWYqV2D833meYl/lMPQmSxWm5qx/nS0R4vFwkKTdcp8E1UkN1McQJtltvPZF2YTA93wxIfpfPYUwzgHq24cSSP/5s6e4Ox0ziqwLnJyqGLeIHw4B8JbdL2xK7sCYH7ZhhU0MjrjeDy+p3FA050bc6S6nukizBx0684XUKpwjfxpqx7weahLXrjjIZcor5Ea2+7C5NDqkq3+X1Z5+fexj24ZtZyMrtn9I8LC9lZSvL+zF8uc5/KtS4rbehvi937WPkmW4BMAshpApbWMAr96eMgaFq0gMCjKG9mt5LewUmhsh6RSZSLthSL56itrOvoLfsGOpLyaJqwdriwBZBlI77a31hd84OAM1k+rpne6MiiezT9zRghncdmu/7uBwjXkkIvsHwc04ZJPv4yElV1Aa8im06V8fun/sgikzzDgC2naC1QvDE7Y+ym2lrapal4+RcmOn/3ORpl4xveKKJUkIF/AuseShrr1AAmWIjZtDXGlSoq7a2nMaVLvAQgUxLqOrX8nSqHn3O0kNMM9gsWgX0crQ3rQ/PMZgWEJxb1b3yovXdwwXZsuiL9XMfxe103u2q6Z9WCj9VCXcD0ofCt8pQ++cATbt6IAT2vMTvEc435ETwzIAiAFHQBlS2Qb0q+rZvrCb9q+panfT4UXr5R+wxknKYMbG+vzd54b+5uFJl2WlA3Bh8CcyFWV6jiE8bmS2l2LVMLERqUZlnGHk8Cniz2EQJj5WUpyetGjYNfW9CDXRREtlHzT6bulwIYIfazFKFFUuhxqp3f7t8p6/le8nU0/4uz1sM5thQWqlkAkcvw9TAuq+fJMVnokPwPIVtDpDleR/Yw5VvO2rLCG2MRqBZOTvGXKWqF4YY9UtdXedMgIj3gldKIQn4tDgwuKjo06/3ba5O2x8sEOK3QqiHtfd6NWK5w0gXD5GqAYDgaIdgdrpg3JSeirY3glt3S/UDs4mgly9Nb6I+h+9Yd8nUxF2xNTgG98uCi/m17RF7EiSeoFKBfSnrvoLF5LSPJmxR60gKvb9jYEJNMde8Z8B5Pn4pj3Y5B0WWdLbyYgrzOQ+bUml3blRUcf22QfRwqIZGD9cHK7gckIMph2OnfNbW9MIaTUyNmjBJ2SHt+XJjtOymtdbr+227I2+5sUqc3M81CVkS+ZYIWXAanz4rdcV2FKXjVimoyUnkhRVlKTK1Jpttonz/SXLgWzrLtykfKSo5JWKTMnnCSlRD2Zdk18P0ZyrXZEaPVd1aNErZ653PyllY09N04cs4bfMxfS56E0ZSj0++jJcGCGIKj7wWTn5sfyQ13FTHirhXRQnw3/tXFPoHwOg9xwJhbAzR8cz5EAudG7YY3qleHH2gIK46QSk/y/hrH/NwvdCbGwG8m/36+DLtfJDez/Li92xS4LDhNpmRIqpfPijXDfO24W1vD0AxwiSNyqRSR2H2Xz2VvtU2ojKdZFi2Ig8RTejwuODMepGcWTLB6XfSvKtoKjYfFkqW7XXN76QQa/TNuPJARwDX0OwcB0nmEPiNRZ/ADaxsFoSKRhnYMtkDu406Ky5M0pLHUuRzGglMsWl87VEYlUakV4goitpJYELluHF34e/r8n6OES3uF841VCupo55+XrqUqKU9xxyd+TIHL6r8krj7IU5K28gJuW6UBmvnuF29c0TebGYi2FC3GtiVYNi7RgI08qgJ0gOu04pCJaORkAdyEQ4WwlQRuijityQv8TCBH8NfkFwReB+6Mp3v6vT7nXvI4rre46ZJhvf4fto1AQDUKdGgwc43tBJPCV5EUALS5d02dTYgxLf2L2KFcceUFUPSXpAOd5gEFQqdaCvjf+UwUxW4JSAsGEoTaXDdwVArd0fMRkEVJQiwg7tGVLxM4TEVWFmSq+IyEqTkn6Jc2FVsXYCyyfFPvj4+92SmXidVxzjia7ptiGrv3aCdIufmGv3JwrTbkd9b0zx4egsKMAhPEht4963wtRNw1bYV2B2B/GzyfefzhDKpaAU1zfeaKVwAJukO6g6lunDB8oIWvksspt3BXOaQbbZVwFQBAFL9q3+I+YqXoctfUzS2Yr+vx6HHLNcpkM+gn+dwfwYmTld7pYqzMG3Jiw8+DI5JDjT1REzFnz5+REX/DYSVNDw5RS8MZzRJVWeS9BvyLXFRof4Gkh3gv//0cMxcMDA4NXRmO/5a8GolO1IkO/z2ycdzvOj8ZQ7DuAKHEke0V6RL++0FCSTVSlhMMzSgl+AYMk/M4NCy4ql9ZgZ4gwaqzHtM/aGeTgcB30j0loqPu82RqAIyFJnvcn1PN2tgsDTZiqMwCvykoFy2qqG4wBqUklMKeSryAbgKzbWhGD76fE5IkXdSTLlzz5+IHTOYo5Eek+vSV3zKGZvXrwMM83iJyuhUNChBzabiHU8Ic86uJvBGOLmK0vMELRbmDoRfvD+wuTMDWZn0UXy5V8qkQCI+8fLIFle7PhCX4owVVd9a1izalMmVNOKnIDgJukQoQPVziCAXKJPXLvvFPa+sSd9yt85hs7w3gz+q7gaBIMG+54RZh5ep3jwG+RLRloidJuHKvzPzqTldQ5muUf/bes6oc0MMrFg0SBNCmvcAy880vlP4mmG7J3vqZng54gK20QJXxhu5B7RB2h+68IVhXYX1wXtMXYwty/ZW+2VDq4AaRGEkqc1KTzIIo2RY/wXdoNVr/4FZx3C6B0cl97zu7TGnrJhxMtlIrPTf62kynYqrMPU8qD6evlVdRlryEaiVmYqZtfxcnZckFePUFVvduN3KjSwYr1TXiFThdNuHISJmsP38T61Iu+/Ql77JSFMQyC/5uU870JntLhMM9M1/L3Haz9c9Pq/2ujMtdyQnchIVl9/qx9/4BxN2GrvrNW16G8qUV7bMOREpmKcepx2ul3zsKruyV4DFyBEak/z1M5wHRypPReMj6Yj6c4HmNQcwvsCmdSdll24LB6E/v1oTJt3niAZX/SULdKtcJIOXXkUpfH3GXPjX8kVs5cCDpK4UMGaKlxM1N+tRLN8291fg6Y6xCMfQU1ekfhAJ7oSyC9phd9y5wKYjmEeOmDFj84KbJux8/09Fm3kX9JpFb44u1F8M+htYLdst62mRbY8PorlPQ7M11tSGdN/Dg8z3uVdajFBXKl0u7XhtXX3sEIOaW5PdJUjpMywSwfoJJXe19UcGcgEFihxCFfr63IzFs+Gni8Eg73lYGtg879yR0ZrCBZmrbV5hV7/vt5N1J/7SF5Dc9Onesqd17bd2I9r3+heZijsVyTnZ8E5dgdpzuIw7bUqH6Ug1cHC2DtGJ1N110l3b+KIY2AIRt5hHmtfyx5UyWgiLXtS/2/2t/TY+WZSMZEhA2ZjT5gnD35oypRJEpgvsxNIrvS7olez2sgN54fyERpAiEjtfKhfQOp3PxCz8E3iuL/vmNJWZrMJ9nbvDj85og2Hn6Bgzw+Nduan8mpxvdVTJPSg1MAZrWomIePHzCJ1aykdYaktysnRZG3CEKaLKZVWsye43GnjRzzyuT5e/U7YOMLgWGuSnKNxMSnfSEDqCvfK+HbxnsnZ58zdnGljxlIy2sPctkkoAlyoSG1sJDw5k+ty1s0ldpxOdy+Bo/x0Kz4ZZGhAsG9jjgtDNkC16zzxVvsknR4gQQHGUG/zcQH+FrLVlOb27NNGlBbk+UjBp8j70TKII/F5VZHxQ85p3xVhCI7ROGs7MbrJ69LL5QL00ZNoK7NeKcVWIDLNQlojwL+PmxcJzV2LaYgFY21oZtJsPP0+U9wJSJdzuJOv6xHXnxnfA1KEHI8yTxP/aMYTUBL5SN4iPLy2XJtVUilMdQ8IMT5HTP35hrWlhWHgF0dVwa9ihRr0/KVjOv9ZllXlwzJiQJvUc5tHmWbvusq48TyEjPqilMq/PLjgqhKMGAw+BFot9P3B8V1Qw8YRjaqX4eBW0vcBcP7ExEyIIjs26mTNYmm5w7zFS2utq3aJZnlGJoLUbuofyCa1RnORy3HNjC+qe73hVXb+CkmTvYs6GwMdcMzyiP4sHoOAK68sdAhGxhwuwh3eRDLHo2HKOIGPhAXGp+6ts6J64FlALvg+Qcb0IPW7PHlf95bI1EypRL5UPCnE62lTiaFDR4FnKs/mZOTbBBZC4RxQzRx8vwobClDxjkMHTGY0BVOiFDys+DUCegcsiLZxRn4LRSh+aBPn1PyKAo6zAHvLymhZdjlVg9uHBr9MoWHwfXkhvrxJv93aUpJhC/7QdEwOXHGbVxGOPII9akRCKuQgOWwjSVH14hfv9jeb7rEaAwvv0Fv6H7Ftgb2rMAbDa9vCv2atx3sSw70mUWbx+2mGGTQkSaA/rMjigt8rysBHMkjL7qAE3aUg5incH9dtbrlrL9q25YAgR7PEwn7w035T8y4522SqgWBwN7pfJiL5UjGojwUSryXChCK3hmCGo7OC0Mm990Na182Ylo8ULBGMcLIZciaU/SgRHh3/9yYVJZcLQqJmW9v4k9NIHBqa7ByFbH+Zg5B8tys+QlFrtO9w9KsqJz5Z74E/qh1Jvq56Pz6D6yEYHEOvf2W9yLkdrBDpy9NS0RXHbfoVglTWWlG+qXnHKlJnQPLvTvPJ/TATMLtb5OxLlkaBQ+8vdtLgainQuxrDhALHuyXvrhL38U4F4CTBRn1407zXffxvBOZGITtv5jDN6lqUy/UVqJIUm9cDs/MQE+BPkzwwVyCwVp+jOc/QKnhikmNHkCmtudK+dnDENjbrRsndn63MD7++/EYWXWDO8lx8nrjRABXcUajAPD4r56lMdThoTUXSF96fUHPnXGyIz6Xy2Wf1l+NLdNjleZsJcCigey+T/npHvBfTnmJokyfK35URSt04SYXfA1uTtDFhPb4PfzIrB5vdodqz/pMDDotTqtJaEbT9diqEBa6+3PQctPM4YF1TbEVBlgrgOMaEpXQ64yjwA/M7+aOOplcMVi232OB54EecNGvjiMQyyz9hrAny0Y+KPbpJDr/fV/H4mSDkintoREosSXs4//AfuAp1k1ogBjQ7P8r36CPLMIYU/LXIyiHSOSaZB2xp2HHzPjV9rI/BsVC5UNBKuSzmIhZutR4vBCmG+WkhKe9Zs8kykBucpMHMTARUDg/psyTHYRwHnyxgmqEzu0SHvL9erYpH+YmCCSShTZWFzqIe/iSmoel7ue8cAM0UOMu4xQTItpJMqyZySc2uT/nGc2pZPdQJhuQUFOQTJl098f8/hxsD8329lHXxGjXL86e53E5J/q+fmy9+EWKsKJrG7T/3+3H3GwsxHE9lVmYpIJ73Cv7/iK2omIgY0UXsjZpp458YWt8LqfZYdSxtk51sXROI4fynrPHm348n5q4w5BThUsAHHNIc6qiGPo3i4dYJb7zJFH89p9fRIkCJmiereFRbFbAskJ8kMeFe+nt9v1a/yUrfNiPrg7E9LhAveY/GBPsS1V9MSha1wlUhInhS0+TKbo6rs6eghdVOe2+2LMMRWeg66SyFViQ2RURSUPFSxSXwRYmHdknCBTr8gEka+RvenBxS1Rwaq+pETSMXeF3B4UPZsBBBB14DXO8QFgBHiou68ZgQu+iNbDXBasS9hW/BG19465FnOW9f8tN/eCyxI+dIKsCgTtppHjZCgeHUjfkf4PXkZLSkuCF7JVgqm6yXduCv30rOiU6wewYRQ0LBKfKamh1Bmi5QrgsZThH++BT0JkBX/QSwf0eDaV37mj+HLPDO2s7F5QFW4I43l0AfkpN3sbWzf8qPBSf8aHTyGcv/3arQxlkrm0DktjvrCTHWaui7mtAGnr1RVXKGESr1SLhuzqE8xPd1XJVTXpo1AmXuIgUe8ICIumkGzWKYsCX2VBs2+OQwp46Zz3byFE438LFi+nfOg0mlubELBgeKMhGye0Dque59qiTKSLqp5Q3Lgiw1YDy+pHThmlPcM80wSrnlJ0gGWd/toP8+e8oMbItzAadDHbOMuaKC1g6RzuAZ7bzwOQ3V4JJC4aXrrMD1TsRJmrr5otXK4gzS3ty3rP3kw7kThrEuuAAwM809/LoCDyyPuzZ/oAeYAyizxPoNVg4Hong67zSDA1/zTu81wSyoxfpXPBPaKtJH9xes2PMDuKmukl9itoBPKazqpqVohvNHzpWIAW/KSjTnAbyxiENA0GjN5vPL3ZaBNS9a2eHD5bv/q+lnlTf5LDQwI/Ukx6Vs2MIdL7J7j+UlrK+18VQ/pjaDtZqdGKQ3r6qerhkHPMuQlWd2vJxrUtX/M+wTy9zEca79atvioP/AzTV/lmBm6GyTKnmSdVUvZZ0dCMM8W3I4bmRniXawOmBYYSSUpS74TuzxooB+R+uYbRGlAQC+1dI5aS2FiU0Gpbia1ni5XjJhVX6YUyOCcQ9Z0cyXcC4WVHBXVL8AZGLkHRMBSkqF2G4E5HXR/KcGMF+TM6DOHkg0Y5CZwVHVwG1VAkYrSgN/CFDXRbZBbgLh0G1BCmpe148KGdCoIyUFsmaA9yGHfbL4u5+vU7GHZsbrWW9eh7tXEgDwxnqVwHer8V4TMmvFhUPWzYONgBTge3ycC3XEzBIMh+xQ/nMtGQ7/cGiuvWATbbV0w47kb1U159x9fTuoys8kRkutfzy8QNKOktD2oruEp2w3289QrGVsYHGufcGitnoqciAz4ZPuZS4CNIRd4QQe95CgyeC4fp/AaNvKs7CDqN4KeSIwKxr5Ar2LLgUrtHAXGcFJilOXwkGHh9qjHrN2egkGcE3/CpYcv7FQm+o2sEQ+NKfwP0m4+w2eMMwV2pYcbxHX+EVvGUJgRvDSnJbiqTh33Gln6FrZBrqid8Lhvj5xJrCqB/XWKgqlLzfveoabfsScXO+JcL6CuRvdn2+gnrh4Pu7mriEHLVGhiag5T8QqJQ6bUxjR+VdgPLmE5iBdD0WtmqKyG/C49Ojw0NHylpNnZ5JrrC422o8+zmRpfTQuyJFlugNIPgi116bjMXh07soHftzaJTPFFgXicLAuld6le3Ze2Pt3dOezotJLdwsAZlwDjj1GvTVtGmf8dcCYjIa0EMRurmGHhQ8uVSZTXNpnKDMmG4fix54215J1Pf8m8adwmRz4h2w2pRpgdToqA7mTlyptBIhjXruvOCeRSCif+97bhwJIw4c2ABUvHWTae9hTVfWFowFzY0bvPgF2WfLDHE+Li3R1qj0TZxACxtblDrR92xw++ASfDiGdPEocDUjlvUy58ol/ymoapSQUrXrFTB+VWnRk8qIqxbiW0/cy6p4rlzRdSH2Z6Tm3FKFDWPLk/btWYuvBYNiW2BFsYNiI6NZXBnhvZnEFc86f5bBGWUcFy6V6ERCKqFBGXoMTvt8emlqbIk8ZS441fPMzUbR8fmtGMVdfZAqhxb3UNyDHP6ET/yPZqfy+IP9ctpOVoa+8DYcV0z/goPEwlKB65QmUusQrhZ4/egxdJGbWGpZBjOPxXvi/MlEgzE45FYwS6uTF2f79wEokpKt2gS+5yAVH39AvmTOL/UlP07nDONrtAB0iJwhUZw9oi7H6jqXSH6XixsFXLEEs4V1xSRKFev9Sacf8hD7wnmRevRfr6sbQOawWPFoEA9kLYz/9jxmNzwedK0vic2NJQx97eB2WjByj1l5L/QAlSGwVL6Uy6/+gGRJXJ0vQsHOsVGSynSVLTPiAhvyjyVAKZoaWPOYDgelsqnfsLO9hSWU3p05BERourVtykiw9KnT/bzLOuNCajbsd07SwYv+v8awx1Hd2/MtMt+1qhk/MvYaQYDolyxKzQkBuBq30BlUQmfAmRmRwmvbuVbl+iRVhqUB1NFv0wOulfIzfuf4PiWwicB/42y/ybAW1RTPyjKHhkWm4LZYkOUogull8GMdBU+orG2meH8zbj8KGzY90DS9UMUMdadhj83wHPtpHVIoP+p+fe8IgmuyQNmm2uh947qTw3u9BJpFmJYd0Yk+x1LCJjChjpIGPQiv+JBD/OwB4SvV2QO4OZbeZLf3nx/XFxx4ZlZ3WSKVxxnQUlhOsJF8vlnNJEZJJbsdftS8XSy+IYfw1fp9xPTpunT2J7tF6nYjXA1pgQUo/1V3xusA4GRW0XHUDwr3Vd2fziiEz1PG9GMcYnoBcM1ik+7L+GVG/zD+cWm98e447FFuRBKPJ909SGPzltJaLLtwRv+4qwla7HRdYEjgvFYjRdED6w3LiqjGuyCRtl/7VJmjb+Uj5y7ibBN1tTvGaWOscTYZwjEePzkJePQWvXQF2Cb3aIpnfulxCf1fjmGEWmeTdMYJ6jkqFuiUpchmnvKVLzfpo58o7n7Ns8viLF/2ppKUW/Lpuj24txb/wk90vxhNF53hlYBdXawp5CFZ6juoTryrjXDGHX7TX9yP/Rb4aiBOr1dDF0V1DXoaIt4Iy8RpkO/YZQyAtHYzsBlUWbiUVI8AYMJ62QiZDzrWPkw/NYVLac4jF2AAougi0jUaihL9jiF8RuxRoLdzQZHk68s3/BDdhITaAuaY9aE1aIwe5nIzawWb/pa0AUixkdaOLQ7IrbGbFDbvjXngDFKvIFnizY35/lGBdC/XL6tqFtn4JOsqVx8rd9+tHHqa5HKLObs3YtionJtn658PFAJIAPVVWgZmg3pE9BHJysNuSPnzvwpSTKQ0vkzac6C8Beh8eOf8aiY5Q5T/mW/taapJzLjSbFF5AyjOt7u3y1cDSF1SFDY7vbkgOju+AFICHE6hKqMD+I/Sntgh8yWX6YWlJwiFbRXxZbtj+MnOkh4XYPFevpfSesYoFzjq1GjlEW2+IuUkrL7eS9SRHpwr6bmAHZO3EI9EBYYILf/ZpArhbG1irsEqL6U3BW1vLRGwhuLv8AswBWcUoUTCl0KJ+A+gPMrZVdoD4/QAiNu69+zwYZaRdd1q2WtOLYVdQpAea5Vw5x0FY/DKaM5GF3pfGJOdyHJXSmsDztXQj5HCxfDZg/Yf3t1IjSqP97JlXslSawIKkGdCBBb55nTk8QLVc5SLSS4JAHYh1/MjTsnyXGADqEXg+MzHo6hIw1lsmVX6UbGm0e2LTLMPGh6egwjlnyS3j+FBHTHSglv3TBsoKqlF3yyPXyq9IIO+yuccH74HrwCWeQ5ZlvBzJDB+gjb1YMmi+E9MTTkIIf8idp9xhX3O4thF7oRGHcSbtRZ1llzEgsJxRM0vDAtJ7tcdu7z1pmBK2YV2pdc7Q3hY0/EYywniAAJEEPBaMmVa1FJh+WFFN1Hgnrs6ew41Pti9DI5zflSgHgl3c37ntEo5n84bNdxDFUGFWLimpZmZ6OcX8u4axCJK6ecoCv33awiQXIAcTMNv0Nh1rdF1yNrjYnZhm+GCrTnOz6ZRHbv/MxFFgJG5/NYweQeahsSld+tgbHHDkuvZv4suyBgW+A99QtPANKUptTKReNm8tAuf6Kflh1d9Ec4vxE/g0Edd3tFarmaH2iG0eV2l3sEP0VeVKaM5SZA6CoBxM45jCSX5mGJ+TuwuBb5Qxl7YbqWbRIcvIyPF36k252wAWecvJ0YtIy5OIgRk3/Sxc2SCt27LLSmOLZRDuoRtVnFZSeu2t62suj1DNzaDnegF2cH76IeMVRqc2peWJic0K8ed8wg7QmYFkDX5tzNhOGk8m9FtAdkHjLvJ5D1J1DR8D3lvfoAxkdSUfe/mlJRqkbZ/E7o096A68CZLy9zXovmdx8G64rF5yRagRE/ArrUm3us5RuJWadIo1kNcBhPRKEDXYEO/u3dtPb64dao8k75s92HwDIf/AuM4ObArQitC2vemuc7HiDh5g16v8qw8tJzgjXlNOtjJMuF/PYbOGwOlSU0Gb/PuYr0kfi7VagOv6yjti///A9dXtF8VAD/FAny6UTpSlNq+N9eMQZSZCQ7R1zJ1rhoojWnDFnOxmgR8OEOGkJUY+IW3tZtwutVpeAQ8dgDqNloT4xeP9xXFN2eFuklgz4igDsYV/TWq686oXMEDxD3MQDA/7RI2q84UGjtg2eBr4j+/e7uCOlgKB3AY9m97xNvDIGmW1iNkDICrJz5v1qABcsrDHATVMS3pJsQ5MSqj7/fSYpb2RvdyLYKraIU+A94K5YcokA4hR5CRcvTMnoivaYXOGwJeyskbSBWWqkQNAKicEJvTth8OIUWFPxEKU9/P4vykn/cHqb62e+exFhBJDe3SZ4B+wqd9bd9UeQleiCDpcil8t7smKDmzMfcX860RJj2ZWa5i8kC2kreBY5REfeT/If+geCr0pCNYIs1Jdq4VBiB32rS6DMXdMJy6v0vZZRZwyfMptd9V+DmaFAyrD24G7iaRVjFzZoYlv1uU+n25ZLz1y4Kig/0sLuvtggU9kyYc47GoEakDbHlxp0GDRRWO3LweGT26fCbHi4AIngykkbPkG+zYzqlywv3Vz11hRuzqiBBEkmXeb2Q+eocKoXmPrmngoFhhL/0ffZn4HqeTf0wXgav5NEjOW+OeqOvupA2SShcEUulnvazzxB2ej3pid56Vc6jHocnck+D+00sHqhUJ+2swQ48MIBayhrB3qd3j0yw9Q8zBXnoPgIGj5vq2czQI+oWXJq03wq6zv5IhGRJHXPrBYM1TfWuFK3S2GGs+unZBuSKx8IWRqAoUcNj4wDysJS95LVUOCCUYg7VFdt4Vdmx/N097YM8BBoT/2PD9nwYn/0cltX4rQXttZlqLamG2bxIGbiL57y9H9t++5g16E/Y+k2+6D4iU++a/dkGz7vFZApezx35I25rvdBU9xr20SoTc2xBOgXfxdDjsgV7FHfTh9F3uSVV5ddKnurUMA+/LC4vVudicxI0KTHkKAc2+UOfRqEzBba5AaY0LPuxCIe2qH3PbT/LOpHkjrrdkjWwv6RXXmEd1ht0hKCUMc6AbVwJ9qDGKEkTOv5IB4nYBbxgxtNgkUlcm1ShPiFrbgckwPHSDl+3Mp0c6jypYI0gs1T7ut2MMJtWA7pSpjrjl/wDXTox2DpwUvJz83JrLZy+JxtXHm+THQk5sWzYEwT2kQhmYgUSaOETT20LGGv7sA9YXBnfQO1iZwSypKLncPlQOVqmGy8H/pFhL03O1vPYjMwUm53FhIW+5+29nKn/QyFE1KxkiSzMBWGSChk4jHXIntonxJTYxjSwuDbG47cg08deuqF66L5Wld4Pbt8Gi2GHYiB0OFc2LbQSjhMdsjxxmskNeqErYpPncB4RUesfGOChBz0dpkL98N4TxWdfuqD2uj0AH/Jkuru4TyxAuavSLCpnpbn2U/cogFjoOzB3TeEiTleaWW/raQ956E0XbLlKZ5v+D4NUA4vK8Qt16IjAR7z1EALniD8+KJkNMSBdWDAzZGmVSWfOfqOQEvOqgEaY/ekYLP6UNnTdO4RtSPGAmSlXlYKGtUFClBMclWh3RTcIKQLuLXooQUT9DY9rHm7Sg/8C9DUtqc50k2VLiZR5I1UsAIL1K/MAcBeMicohXHelU0VWd5i9ZhuRMi/r9JW2NOaqbjgP2AW1baCElScNHt9kqT1nfSsObAYpRUxsxWG/G2Z7Qb+UW9D3AZ1UZRWBzJPk+ikd+57HJJDcF3rmYbMLXEK6Ax4OvQ2IhmOP3z00grOa2vwOk0zd22vLuxXFoy+SB5udyv0phqM6SOd17frNrN6cXyq55w/Fehn3XYESvYsGi9VgASzgFVH0GInt1zUsEeOpEtJcV3mHYSyEugN3fyYZcFRwfGKdIEivddGJ9TELeLRkQb0D0UPEIGQc9hxbUxxXndZ9lY9/H6dIYg8jkrlAPdWCBHyA1aAH6aG29T1VY3csHqK8kPp0S+jb88dSSRTb2pX9p7/OOaSiKa6dY0A0FVRAlKUxX5n1wEmMhwURWFVX5fA+hWTYmDQ41k01KA8BGPhN0x2GmaOGOwqOKL9Kbgk4md9H7jiwxsQpT2BilMalbjPao54jSoHF508XObZ0zlbuUHHGwzHx7Upa973rlAs8EFGJT/kp2N7qajGiwaba/1SjpvlCbb/9z+dDReThdTNs9pjGfzaGsD1ONCUXGyA0SdkyX+yOeCH4uAzeCQWA05k7bgbapGhrgsP2ylPMuCO0xGfc2/RYL8ftPU/OIfT0QB71m+E7pFfwLQ6w2bb6HU0oqK8vR10SqRdFoLpTS6d3joWNw7ISfpWR8omSMStcXttMGSTYvTcG9CmpZ+G08bshDsPNI/8TOKy/deBQ0Qs1aTsHBKJ+E4AnaVFS8lP6xpYLs8o6vPTsiKd4+KfKjknHWy9ymYU0XYTIizaHKoCca1baWOlhIPt3foCKkummOYnQGoItoIXKC6zxsLha+AWCl5VUC1xnRnmLDMmLuUbmkUEQJrcBPUGX6BCDU2f8o51Um5IbFcE0yGJH/R6sMzK4JIjIGVBZjaY43JzF+KFQMwvqM8gZQ7pHIc/Z5vBNVrJtfeH+UVHEEitZn4VWu58yQ9997XnF+kA2OtZ3Z1bE11DqB4qiRGo+D8M8Pe57X3jemE4ZIy+T18z0beOloJStADTS3VwyuM92W9/zyFEtDlpXKu0CFhruo244kA4iPz5hd4E4dk1yyyYrgR/B5uEDkqQsEVHT05OWgb42D84MqXL4DecGUzgRTD6v+Ut5+XcA9D8LeMZ1L+YpeeQseZRwGMyc3Fl65gbIPmzxoujux43xqluvsiAifjdapu1i3IbMMbqydjpeIo8YL/iMa5S5JUOqPo13PAOYLksqFbQaLz88c+LIayMXmi5yQeMqseYqFKkH1tvWeIeO5JJgFTYPJIQdsjAN3INHNae0/QKupngn9SkUgivWgaD7bMFfmwL2fzqva+quq5A5hABg2QPB4tEqbQrW+Jdfv0Hps+/iovMNuqh4wZusmnJlR4ukSsqbuafKLpOEs6NfVVLFNJfqr6bFC3X85jvzROuY0PrgHLH/8kACF+SoAjE33qoLRA2J4KaqXZPytS4LmUn6XKZbwuQ51rn5ASoMt2/Lbr9oPvG15qnlYOqHrzDEVdg6JD+CGbMTLIJgKGPzQeVsixVnAg2PPDIdGHNx2zEOLd6UNDEwqEjdawcMaS3UpIvufyvUi4BLibtjfrBSm2s+LRL/I0Dro+GyYZglyx5DYUFLe76+en9gQYHJDoMDLGoQ+VWEqpAf2Qv74x6xn1HMVvfTl90IbLp9SKjaquvKvDt8STnFxf6bQFve1qbceAZLdsRGpQiAyayLYZysuFJ8rWAIFFNf8lxW518bV6zbJqjK7NiaeJSNH3Vw6c0yGWSQBdoazOKrMjnCHYFwiOiM4dYRsP8S//2i3Lm+nZBGm59pUz5junp0B/uMlm96T+/jSo+9hOOZfaSW+MxZdZwaeo5phNeF/3hzVjXHvIfq89SbREQ4GskJgvEq8CL84zexEbkZ5je/pfFumoK2rXh09vg4GkPKLVfJHQK84X1Y3cGv0+h6jbAAQGaKNCAaDnhGMDehO/6ZVRQJrmbIn5AjUzQPLBwKrgJ0FAYY1u2esERi0TdjsydlCeWT5vLxXtZsL0n5V3ApYjd5/9EPGtRK0M8VntRdxCBfZO0weWEXix7AMFWdyubfh6RqsOvLHYp7ukjNNfuy92cUdFAZchuZhMr7avk8p6RkIV4ljC+QrbNylTT/sZjVvRRqNSq3bgYhJA0yJyq/sfm2RIUku2Q+wJ4bxSJYXwgFoAM+FMrfd31BgEPTDqaWdODnY1NcpINoLkOjVLX1SlIT0s+UmsktDM5sFaQBgJVBNktcgl0ohVJIVDdbJG2ol4C1ChxxSpQfTxA0+F3LlTwzNCWV/2hQeTkS9AKGcru7z8XdTPJDNagWy65G5N5ymEUw5Ha9v9FR051s0CBYhyLCDGVkJOoPEL0hhMO58XFSt2/dMyGy09UzFTUnUA0BfeqGWhKl3tBcBowtFnHZz9q/ygTNrLJmdg+Chj9tHom5uw5vTWmynrRKJG3CRL7doJL+ugQ2JWjQK3kP/p5nhdZM1sRSo2OgcG+QDG7XKh8omewKPCNmufDCnjFqUhgGtJwblMzu6GLeeq6sEkUeo/XRjYeUvSKjY57iiG/LjXdZ98BAlTgyTp3QrNae9r4aWhVCaxV8+NOjqehSu+xha1NHYO8jT9worFgmFadfv240DTW0RGhjk/jin3+lU9FH2xm5rcLxUsZiblFcVy7yH53qhxHT2tjmaBDZg9uNLgBIquTisynSvVkIlMSMmW6bEYD+v5DHRlFbq4KRQXcb2Scr9NrCukQEdzssln9mRHrwVIbcpNDYc74XgYElagNrh/Ti7y2ED19625dBcQbnzrMehOkCqbpDEsPz5XOiAaXq7zxcDt8xEM/O3TLIxkB4TkYMQ3824qO5zj/RzcyZuh9rtWNqevAtRummbnXYP5DKh2eels/DxLAGnSfEp6RmC5cpFI0DPTDpf3yG/MyAX4RJ0ibM7RizxCAKKyM/GpeT7E6DBcHxCESsj1QwVLbcrzITduHUkJqrEZ07TOQJmkSirieEtsI3GOCFwqU+3CPPnT6ITAW6RbESdrTrq3TwU5sNkbTusDXrjUL7lqtFTwimKI6Fh48ODjNsBIM+AaNX+TItDoM7CnaxeE7h/8Ec3GizUSV9TrBABCa0h4H1q7DB/hUqrX907USBp4zwM01Bu5CSuzIYOetNW6kjqN65G8LYhTUPN/3ye+JiAZx64zWzFaa1zx2Riz/r5amaxkD6GrmvLPOzArbsBIINjORnh8Jnc3BTKG3PM3LSvj2p+ubMumbWL/udeT4O5CBCC9Q+3oWe9lqOv5idyDsp7CHoIqD4p3ZZdHYcGlh7ULsc3JwUjjev4QAexwuG+5vkqMlJHPk3XCEN6DWtxQymL06wAim/ZOg0EExRLVvtSzAwmXrkJ2oHYcD3ZadRA1/FHAaRdOvJ6BtTw2IEgO2nECkiOWmmagPapcr9anlqiPuRuFVtnlvlvgxVxD3atca14X5Vfhd6lIk9QM0vODN3Q/eFMDzW44Nlsx1bqN5iuIK+/i8LJvIHKPGBqLqawukX0FebKvJbctBSWgqyD/QcPfxZ8XpikNihQvfJOwHBSxs8p+FOhpMrF/WYk+gH49WJXdlvulw0WkO7wGECdbPT3PcBBykZtvy0NenG1k6IEj49n4CmSKWijHaoRO05HUryh5aHD4UCLbWBAgGnId6CiszSlrI01ptSfDEHXsd7aeVzL/zoz2zMaSDqjTCBtSaxu2zmu6xhmBsphbMMG6wF4ueZ2dd1NTNV3AXjlG8hjyxXx4zRa++QxcGEChoBqE15qDDBp7iLOMxThvJkaeHPwCjpv4dbJ/AxthZL6dDWZ0OjGHD0nt7yESeYEi62jCqh1SZT2J3OhgA4EjUP+bSlCs3a49A7Ll7nh0B7wqz3VJ5y+s1+FGHRM5wxZbRsPVGNVPGu8I3dS+j0T08Mlmkl33Uv8KUSUHiyozRJS5wuHtWO6vYsAP0yAuAonvqGGknZJgmoeejpvoGmIr4lWFddjuLTk60uSFLDh6FbYLUJW5UBWCMbVr7zD+CfWu/5dUgIT6WRJykXOHhw2xHJNdSHEBmre4gYk4JrUwSuUzeNs6Xif29S0dv3ooKlcneuuvjmxn9An6OPhiFkQUAf3D8Sca7ozH2Dc7yrEr/zKdsxwk2bJPR+VAm+HG845ZxkqcbU0W4sQgC7IMVLunWUOuhsaAg2xbiDPrKyreHanKIwyEDMS92qD7Iwm3SPYhT/F0QhqsVe9w1b+8fgbHPN8MCf/eLk/Va+lv4NEyuMrX7HmxIO3BNgCaS/J100UCaPJsJjCElBmE3fXNCj5jTLcDrtBZ/woxF8RLTgEnYmm6YVNgxL8WIbAf6B6giRHSQFgrsesBz/SaBYZJY8c1JC9k8ePoKPRilBP9LlNlfFlUXXsiofUeDcDAVB4JcD0SrM+RgmZucuH/77U8uCZJDreHulBzpsHKrNU71fS9Zs89uugyxRuHmQZg1vnQf3yJFakUyqp7vZ5y/yXXwrU4zUhJKWKXBZCl9DTkCorKYyQJKO7nW77sH22apklkg/IeuKYrfDZQQMlRBGle/Y3NNDd+quB+OTZ3bPUvabBFyJQhkmBR+PyAYFyqWgKQBMdTQEZ06/zxxOlCyLzNjIfCcYzTunIVLUhbzYZgncYI5cq+sYUSD0GdUoSCSoeXEg9g2vbTErfSyAYL6O8d/ECRv44p6V2jN0UrFQ7xZM7Lffi/KpuJgYFaqXr5Xs7V9p5jeRDnHEhp4v8X6ZQH7R+rrVduNI0QYNlERVpEmhlx2lFwZmSgSgQlRCVIdT7KyNSq5fKHk4boZkqdFq5DkVvAC4niP7hrZ8cbiG/B2v5RID/hVn4XkzD/RHktJg5T/bekwEDgu8ihCSKt+2ymlGsfDMHmEiuTx8Tf5/TB70Gl8nvXpJOW3Bw4BVSpQFxloCgTXqvmlzZBEwSK+GLVJ2unKzIqptkIXU1bVGXoQabLT3hUkaJV9Hd9L621v8ySt9Mft7PpGgz2d7G1ZMdxNiTxtIbOGvmPaHE0KOF3AZKvlHz44zzQ8E73q9r4jb5jEkVVzUSYKb3ucYngDelRcTjjkLV/TJcp0++MobqA1NtC83ha69O+b4fpWjkZqS1+UdOyFVVmOYLW0ULriKA9DJl0UdbzSeLeZEFwba7FHUL5ql31lFn6eMZhtxYcxGUcWz6EO0B6ZwXXOX7VXZfKe5Edzw8j05VRTkm7d6oICrG0AJK9i3weyaGJEWYDIBawH1aM259cd/u51gKYG7Xy6Ccp0pSaGEZL8ND5pFED6y3BkUv529rmJJzFQ2CBpwhpiVy2fuKxMMJx3mH1J3LS6jJpVZH59EKmXTkEXfc68Jb3YjHXXHIksuYTjsbhFDAjcgfH//JxaCMWyFfUJ6GLjuDU8BGiQCq4MTCiXck2VgqW221h20lI5z1Gf9oiqVRE2LxPzR/XkA5QBSQu+z9wh4ZKoK4ig0QnGExhmdJN+nSocs8WDcp/9Wp6lsB5P25smR8/ACRI1WTzn8LDaKgOJeihzgJQZvrudX47kQDHSjXWPJyUd8WWFOKB2HBGAmAOKsX3BLgyihRlcxyAoVkd/gnzIQdEvqXRxjxLiv86zdZqB7pXw/f4KhyjN2NV5UxIBhR6dncraJEm+Sy4iADfZItbnX86oTQCB477wcaDov1tv340mMVJ8qIUK9WEA34k+6YAPJFBKtUQmkrJAXJFGKcY3Pa0JS+AMcBCnTgLSH55Kov/mvEV6cpQBxknfi5EzvLbN5Sx/yWkUvwcfqz4G2/IU2ujYzBWZvSB+P+CZ0sUgS6h/NtD3wyhIJ6TJ7yEOCiqxwjbzkdQpInsThr4BQXBGiQFiJq405uYXE78lmLpYeNSMYSEGnUwSpfK0pxkWWxdFfxRKu9A7QU2olR+a7DlgaTL2s+2V+zHQJN9VePwGSc5/0EshAnTs1qYup92Ik6Asn1pTcFl0sPvKRjSmSygyGNwXHynJ/DsCk2KtuokH3RajZTBZ4nnDRawGTw6vVkd7g6I8WxVMhlfS+SQquj6r1KRvkSQM2+sUEIzwif3kWugdxbE2LNJyfDSjZTMYlM0RHvrTW615aVv1JtW/Nm5zCXwmzAK17aCfAttuQKcGN0hTXIohm20SmXLMb8DKi4+/yCOTXmLvENvAmyFf3aOtsM98EKssdkeo+Dn4JLGBe4c8yb1JBsgvQTLO6qqjtuJALntpP5D3oudmD/R8nWAGrSVe2upNLjmdV+//V2IRjfvVEzJdfywot79JjrN9qwLUs11H4dkivMW7ai3T/lEsxhx9UUq6oD0bAA6+PW35hC7JeKC6j4jD8EG/t8Z8O0TW7DDAkiNsMARAfUIAMWA+OdXv8P+GoeWs2It2i5Ph7G4bbnfWY3M46ZhYjmeD+IDECCSYD8lG3q+dWllQ+Vsh5SLS5NxQvzy0S0MUQGMhb2hc40oR1Ah1XOInXvWHkPn2jIqnvUwtA/xicy9vZCy4egjfRxE4rESMnLuxApwTsbQtfEerQYVumjuJ683tca0bQqe2mVE74B8+xZVie0KpJj3Mn5Jw3YJbw8gNhKM8Oq0ZdaVEv9RA/WO8IGSr5CGioHR0o96BLriDEMco7TXV36QzQyDRLu8SiO8MqI9+uBlhgS4FBVjGtY8bA6v+sSDj4LUhjL3vsfYrgQoOFr2tOrVOdpF+mOkeMFGz27laqbgQIB6iJcbZ8RJ2MTBWpEY368qRoCLCHCFYhNgEDPt8SnDds+8Nn4JZnz3yNIvNcdqATJtRSchYmlss9FC//VsgGOf4PvsTJOopvGgR0c8jieKp11DSAyol3AzI8HHprrevttF68lFgvqHLcwu5UJgLACEvG+kEqKtxa45BgUO6KQp1ZWd6BflcWOG21pJkrclW7gGoHkjVjZwD4GoftuKlQ7YfZYLx3thUAX6fk9WpaCAVnhA07NN2p4uNMR9/wVz5acEGx1wGSZppXaCHf/49KYStP6ZfVCAEo9hhfC9v1M/uUUHobWzJas+4YxA9hd8rPgQ/PZBQnBa2W2h+urFRSkhHYBFYqRbRk4aFpUzBIvbu9vKqro7Y1yn9NLJLkvV6v6G0dP+t1EY3A1UBbvdumRfJ8BAZvY58Ct6G50xtg3Seh6nJ4L/3NQX1rD3jh00L2EqTUEqYT+rjccAZlQdCECaBGi7wICmaVwWpB3UBMSOBAckJkvdGg6FJWRyTFWeJlyo4TpzzVHSidOIV5oXRmoP3iLf3YgqdimgghTKo1UgSbCaFbLe/4YSXzQgHyT9jgbmBLGseW2OCzzl32J7mOBJs5Wf6Lhq+UiLEpYbY+zteWBOsdolSzf8vvS7fhQsQn9EbtyYZrLGizgletqiBP/D7xHuFpjzf/WGeDCgnSxVqDGKaiZsJUwretrVIee1gkeFwcf5MUonjGUD734a5MriTNNm8B9pcFi951Xy7v5l56oawzkLHvtAGnnoPFQlMxpmE5E7jfM1raLn6tpcUbeU2I9B0lFxCx/yipwd+mk3xYcACVyK2olpWK9Q4/8YkfSHb2R++LCyBbigevzDM2d7AIJfGJZxGJDtEeYOWRwLskhGYOiQFsmKwLsTSSkWUWEwAaZRYv8m1LIR5QK/HvbapMDbnp4PMaUEilQcq8LRTQk34Rv3uRYgi1hgNcpTDy8w4wT2o9hk0dl/IFXmVA3LF8D2Qqw6iNq+uMOJ/h0UOS/eZci4qYVx1iS+VAqwvmTbUInHkkVpf0U6CHvnTQz3IeOT/2YVG0Ys6QAKtgy0SfrSj2Co7yd5r9VBUpAIfijsIMCpwnQ/ZCJN8SksH869lJW7DU/sT9RWVFqNqGgGQ/mtCZDaLZjoX2tj+wNNkJJQIgQw1TbjimGQTVn0LcDQih1Xw6MEd6EHYnvuJV7x2EDu4Km4WLC3RjQ+8TKfaC9ccTgVySrEnyXktCK6TNkDCbW+iQ9spfV4YCwCvdFsExCivjZzInPLBRFm0trTrNDwUv2/ar/yLjEol3L0tOrqNRS3msWLUuvWghah0JGC+4zynrxzBc6zMR1DT7zcboNYrBItQBtfrckDe+2+v2K23lqGqBDOEPH2U+3+kOuHmoPoaU22WCFuHNzbMph1AsRO5AMUiI5qXvLPhoHe9WCc0dZj0JvNqbu1sJl/JXTqbv7wbm3WNUMb3MG42v+fEO/5lqIG3ef6lh/yblegRYUB7LowD6CQVlS1Zudkx3BypNmOjbIOPIVaN+Do8hHVFzp2AyzN9mPcjNSWVsbpF3oPBVNdjhyyANXPKp9EMiznacoXz2s4mop2EnuhQhgVkZzh5yZwjZWJMq4+p2OR2a0z4hlQm0a7Ul7vs5gSJ4/1n5o9axZB9sUI21rIysVaWcpkpTPfc6Mh9cjHyCDba2l5MtKW8hXv94qShIYg+31MzxA8RV8K206PrpX242jlncfyybA4P6vbBQrZuEJqu3IvSujVm2Mdx2xz+Z/w6ggX2Cz/ZUpGARRVONVk7uc0QH/1od/3GkpNXQWv7+TfR3RTJUbGfzhTwxQ4qz64F2UDALiQ4ft2J3RZPIWyuGjOZ25NdQuhLt6iNR2NDDdj7x4yFCb9c660/gV0vx4Fbe5YX2aGBCqBpCsbwDQWds3iiWAuyL9MGqHqp4SxC+Bb/keX1Yf1vm4aaxcL+xXjkOuPRKmJEg7EwWhj4n15CQ6pxw8colvF0jyi5exNdzaSoDUiU3eJGfkXzBFhaUtv6DhbFexUqidnZ8Bs72IhGNl/MG5VUkyKhdlRS+6ADqSPSaDT6IrPMl2HM2jTmd3hcO8MuWlhgXWyeYpWxw3YVRxeMYUcYGINLziPuwproyxMBFKFs1LG9icG0+TY86Acz5WUmGpJJgc5t3nWE1W29Kz/z82PO6odgf3Ku7Y6LfUp0QOXUXM9e/bDnreq3M+2jn4zU/LF2RkcFd/oc5sexEVgxWbBJHZzzR5bTHmPEmbBnpYgrBvWr5kh2K64vc/WHIN1l77Koj3tozul0m5l3a0ueg84igI/WP9LxwpeQOG9gsJmc/r2CR3iiesDLMyput4nib4oKmmxQaBLelmq5cA7ZULp5j7OPJRJ0Tozy2hXCE6xRI65WC5z8SBFGOsxVtYdh8EbwXafeek5WTnAPlzZWoxU3xaPB39tOeTIo1vKoKA/pACAdltVfygLHg6RYeiQJVweQC7zY2NschHP0KuEA70gDhQHZaf1oN+eyzVA/K1BtNRK7rQDZ353rb5b90UzhKAp/a0PTD0x16zcc5WLJoyj5xLocz+66QISQK7JUfdY7UXbsfogJQRlwSxCfD8xNfqRAMI2oBBlgV2PGIF6q8WqEfnqoV6/fyPQTNML/O6t72rLed/3yyWLyBhaWWj0eN3IDfnx4SDrb3PNsYePruKEhuN8oZgK4664XiSX/uwF7wrdHS1echwe1H/fU1SSMDoyJyw10xNQRqDcLLlcw/vcUrgZj/G4SWFurzh0+Ro6jKCOetqpaivy8wS2UGjG6jkbES8ToT3HeyQOQso1URUIfuTgVgW/03UeNWt7qDXfHAIAsZch5YHZU3Tc0kpxi85MHnCGsIPNcyD219oRHtLCCnTK5aOia9JqOIPoZ5Xzur1+VJWZhBGk2fd52jKNxWb4BBivy5mVtwplIUxv9obxGU8sAG5MJhG8lMBbzF4tX+PX/MXP+AtN03VGY0re9pL4vARASvRBPjWEY0O5ogT4+86yeWaguhFcKkZHZHMKrjQbNopwmxvFZslDYo/1fYtO5X+NAuedI4pQsY4cifL94oQ2dnO3M1/yax+QbwtTdP76O5KH6EFjj9ilnEI87MyzZSgkAhxZqDX/BXcOb6fUEdEyFmfJtVWH8jqL91YmO8V9wWwCMJRtUvpQIrnY8v2HLR6U/+49tB1T6bvA0rJWdSxuIt5lqVeFl8jWgrIrSDeolWvrQEM365dz7+Q+97YiNrRZCHH7PTNdgeULNemTcJJ3MiMppZljsEsFxPZw6cU+w302KwN3EF1NMHMBOTuE9PuCeWbqm7wqq0bub0n3KeUK8VVjlR17E1Pppp6oGTjiR2gM+zMO8TxivLUlxzxhQ3XQNEskDDb28Z3aS/Kidd1uQt2WV7U8R3+PFY7QB/kaSTRxf1JkC8tIVZYtEtGTGafWb6dmdgUbgZV+DAoL9n3OxJsZXM+vhiayvV+H0I/gEXN0nAeJUy0hNuNtfgLIwuhz0FWLQOfrX7w6uQsHufAiEpUUmeI3MQJQgUN3VhYyX6w9eSD/Hwf3bn3gLFhj4+PPQ7i1o6/S3wn+g3ecesk+hEXwykUN5/a2S872QGiFHqEb9vv/+IPSAejMvLo8YmTNpNyhn8oQT+gsUgFhX3Axf0ybWlM6vPbCTXPdQ0slfoFGtkEOVtK1XzOZQKifaFApvFdyOBpBA49MnfXZZy+ALZ5DMBsW/WYVSui6ihlKe23+mggSowC8IaMU64GwvvHR4fnJPBUMNnoO8KJhQ3lELHIKVKP6VQhHk87yJlt/maG5fU9Z8EQK+UUFmmxb9pQCIU/n6BBdrCC2sbLee9u1EokBGzyhnselmnP0CIW9hYfbbG4H6NqgNMzNQgVbCuhuZj1fkio99Vu5X+S9UkLzquHb3RSGHOU32rbwiBGvu2qqHHwpmaKhwGhz8TQYsDOaCdHMQe1amOSAkeuv3EcDWdEmvKcLYxjSdY4Uwa/dQN8rR+xZ9XduRAsj9EscUkALhsfYY2kDkr0gUiGEwzCVpABJVLOzNuWYY3IU1atk302SyM+q95+5P0rQEWCiiEPoi/vESggA4yJuJdHMYENMETzu/6g/sstnQ0ZNjU+FU/sDcZN5StWlwBfhQBRQZFIjVagNoAbkT6sF+nyiBRo8XUfTTR414EClt5RBRTmjOSHkvU1OyVhRrqgOdoAaueU5C127YrccFgWrPO7HrA8gL2fL92HnFjZXkEWqrFeRhHhbikmhhM5NutWHwEphrBrr3QSXCT5RfOiI7lCw78H6NLGTgbrLduboObMiADLr9K1IxHtfkAtErwO0ynNlO14YhtoQq56c2uU3gbmI1dJda0vbjL+LIX+M9qw1gExiNnr97G2rCA4i+ItYTiKUhU0ycNi2o3Sgd/BUxAjQgUWq/u4pI99omDWCJakUVLaTcQc7zaSuQiD8Vwxp6rLZGI2Uu7IfSZNSxP4SukF9YFZt79mRpifY660fnLn71zm6/XDysRYKZinIXkJ5t5duM7NTbah86hWnqiPN7uzGpeABe+WR9dtEFW1J+T5MlaEkGRmGlmBSxGQycpFX3s4MWcTkKFDSrYzL2u6ZjSa8O2y/IzKZAEwgQRhBaqzAOsM8G1HN3uj+4YE9DlV1D3MyqmrIMvr6NxHNDaCmcCb3A9NQ1nYr6wVzWC4aUFUCtAaCCUWMbcYkcvbkneSyjiOt6xkGN945HEQ+WRF0ZNMUCJS3Ufo3vlSm8qWEYPo54BefUuBsfp6YS9dSHxVZs/nImPIaRopSVjctExt4MZ/ZYwyNe9cXvzW7kqZ2R4KUkrr8LuXs9oV2HINonoH0rs3tbazOjmQqbPh9B/Ex9RRUFTZ/wK+HBLt8gZRZ9s2sGPk/bc4CJcB/MlgPEV2omJFyoTF0dhs0br+7gmG3TOXv02OqaDBHIFgtoWCdv+A1e99tHROAW4nhJxiynt/QyTK5CAk2c/7QIizythXwz3bXmdeJ1DQ+4PnqO37nih+E4cTzfIsacdyr4sOSSb9U1p9/+yRpDJqAhj7WIjKLPJL4gbemXpMQLw8ltgpN6CKgX0Xfw39nGc0Ha8A+LwQJWF8mRMXg6EgnyzlzcypKQ+4cNZdzebyGESUQgcXcDFChrv4Lu3YievkbBty6uruDwQTBePBUqChVoq+XP6HBm0havqOmZpUTryS3bsHv/ZnM15GP8qS/C9gG39tY2mLB9q/7qKaN9Q1gbvdKPRE7ZfaleZCYVfIGM0MdAHZZJahsXVoCPgcH7i4rFCF5LrOmAqSdD42xv/efli3mv0AXTaqLv/LXDcgmai/dMUvME+7RF4mDnVuUF/cBBRV7UipVMqvPGti88yAsVw/BVfR9wVIb4rS7eZEhox+bIQs01aWDvLLEfdNy+1Pcc0O10HKbBK7N3DHhzAMgdyw64kKBzji5wGDixAM9MM8DOau9lpATqoct+e2hm+AnwQ8TVyttZx/2M2hkgGPubGFIUbi7uR7Tby1pzLJoXZVGD0RRoFp60+eacKOITE1tXBtpiMkXoMDh40+/zbhCHuAntCfQRJ/XS4//fiuBS7Bg7LoFhX7ZcduKsN2d1eg8VAMrc2Jv341J0WouBip+QG7I2S0vtC4I9zXUGcwTJJ+PpW29+LvstHpzlvSLUf3cdaVPsk3Q5dkqZSCbbsEnI+NuZh+4frbGeGlb+x//FUhCCzxyf24viaLOxsivY6+umNQn390NUp4gV1nU+OX3h9dntHhlqeq4xHaiJhLb5fz1eTPFP1A942cbAUsVWrZHgdkKFQ9gqpF/h2DK1CZaT6+gjAoKgGtgZBKbiV0o7pfFKv7xSi/6xzNyC1I5kCpX2ne4QfzXuubWf15JqFggv6GsB3uDmKIsZA9dtm4CZ4RxsrQz/69lZQPnupGmoo+DwBzdBroWeWvVmHZoib58YFy+M/7NkxAjgVbQ+TmndZJg/aQm3TNXiaChyN9wP+KjNRyPIBak9daDFA4lbkLCM4kVbOhS75H3HPeWgLg3pMQ4I5cnLHilTQRW4RmHXh7h3jqJxEBpl/2RTCDEwiyLNJq5qGzn5pjyB+aDO+bKdJ1AHwQAooN8oXR/8rEyXO4B/kMR8NlC9wnGx5Fq1tufusQogL06OVXoReFWdLcdGuT5QMYE7/08H+ZaAtlnpcUpux82tG17eyb0VW8lmx9DDYJrbBgDxRD30P+vqCXlhe/rrWM63++6Ir5k0fq9ZscPOi73pe3KeAnd0OVKA/XLlQwBonK4RemIWY+fSDBgAOy+45c66nCI4UFy3UMzGTXKLoVNeTCdyVYs9xAzNgBaL5RmDqcNg/OZGbtIgZO/dhA7DE6cT/y9pia815RLh5p1fv5SB6sRlzfNq5NPDP0zNM/E3jjN46GCI8UVNWm26+9rkfYdSkEGTgQMjdV622JplGb4YxkvBdJrTnba9OtGJ3D7l5ZPZztMVCfOBFDJ44dN88uaD10gWFp2lCNgFW4XvOZuNvhBCqLCRoRZd97zJEvYjnjWOWSzlS3UlpjDFJvq9b6OQhGC4rOm0VFVby0hi5AgPepcNYLkxuOPOV//lqn3aYbca1ojPFS7yU/d0v7x4/2jYtFA97GNUdfLLA9tv3bwWj17e5MWtANfXR19yY+rKzzXRJsxTdft2KTuUorwncp/QK3kxmlvfpjZ8Ti4mEdpk1av5Qw9iAzTuoyqyxe+QwQAkY5bkqCq2B4778e1FkYUbxENXcK81P9gvnolNvCQUDad/RLfGC9B5KD9EVa9EWKLvz9il9c+yCJyF2QjuPfwmnaulsPKwniCQTEYtX2PgM1bR2cXwkfr00W9WbwtniH0rCTxuYLEnALyzlM16TAiD12DVu1CSBQgmsFs+KSFN4Q8KzXCp5KuXdSMHlqXpC7s/WNWvPLQZRPA/tt38GS3Nz7AKdVZLtrheMXNHNUm7kcEVIV6gf2DPHY5vVSc1gg0d9RZqkPig92ts+/pmv4G61LfJLg5DYUpsHizWVnc4SONrpUYGDTAGYU0NXh0HgefZSW1L7OUiP9I2Y5ziSyeRGYTYrE3KGQK7zClsaQBQWLBODcgz8oOjJ8WPsK0GCZLHEJIfDWiQpy1M/dixPBjtrQ18skJ9KLNyuXjmwKWsx2xxQTKifk1SWb7WCVbSNchL9leChHqkA4levejOMTgHixcIsVULHSSh6oTYJ4UnRdM2ub0r5UvRceTy5f52veRzl2vewM6hsDtjsrmCzhmUnydszkiA1SvCx1mYrWQJPlWPWmT5zkEdN94YqnWlcisQHKtLTOXLOJMJmSoTSxor/EqJNriBnMj5eMKW1y5EPKYhHpPJU7xBkWg014t5nnvs3JAWjG5J57hrjKauhk+N44mMWxefj+bSOTkZIcTDFo9tTh/5qamrm7bqmigKxyxc2u3cvdrdOBQgnqhVEtpfkqGPRQvRaeZa8M2MtbqLBzR10G20HFtTf+EXoTddFsLXMyvD/05Vt5KF+3EEqrIkvrrm8fFUigksGuNFEmuNFPzz/tkekBB8peIBP7eF5FTu/vya4aWqbcFl+KqLY/pO2ukZjuQoKM+1rSZ8oEpIfTfNavFOtYkSgxf+HujelhQVDex4cjbr11IHCNaACnjkbKkPH7zDZYryfKZH6fDKaczfcNZToERcIOZH2MTFwUfEI75et5j3GW2EsywhO5NKuTtQ0QG68MAufTJBUvB5WyYjVORY2mjqCSH145NguEJRVEsSRMdT4LLwKrLhfQjz6V6LJtNhOnh3MSSDwFfKBjBiM9LHbILLj6BW7ee21yjl0KETBZIA2IsIoIOCA1TxmsMhuph6zAE94LbtKyTiYzF4fdc47ds5fk05r6tLJYJdG4S4zEpFe5B75tEn6MTzPn0GYoKsXCyYKgUJfR5Up1RJo0LpujbKnWdm6kUyC7MpDUKaUDXyvwOpEMD4/06ZzqZ4j5Zuuy8OwuV3IxtmZeLgDiLJLkTd/ac8VTjgvmF7chIWHjOnmkZGbrHQMwBgfj0wvvVTHO4BZalYbuep6yHtfc9p5iJSMOhk3qiNVvSQfgU45PJLGBoq0LgOKUl7pOyDQiAfH+WKCY86kC5KenAC2LQzMrWIiCYebEPjswjg+MX5ChG8TuusWN07H+HePi5gWBykIu+80c/wz6k2YXt55ztzDl7v7SAk65iPH61JgcX+cRYn/SZLG/5Uzii9GV8u6yq5/8b7cBprYMp2lB35AXjWvQ3EA8VO4dIp3w/uTAAIPgP7u0dRjEVC5GmwcvNMFLV4WUZ3pDhqsuIhFTwA/tWF7gZi72cBG0TrPCpK7Sa8GDMfJWaDtnqTDA7s4OpZ6fubYnPmS+GaQtEh7rJfp269V56pM3L72Nfm7uvRM3j9C492eXIyA9bx7jkTTZMD8TNtL3R3BmqgsjBxQe+zeZrycUVNc3+5BnJMCk7/QHGB4RuCYMZpBtooOP5DpE2f8q0sC0aO4Jnha4E+qhBj6WWLNO9js2uujRrPq21cHp+0zzqgI+yYYeEa6bQ8wjmx79LkOTh0uj+1Cf0mffm61BCr8e+oYLxA259axNqO7OG38kIbe7ptdllXp+Q9eycqIFU43t1d5ZrGcRdfYFvUPWyQO+ZsBU0Zburdr2nPBj0JRA9dc2DL+y/dZaR90ZdouP3ARavQfFi5QTRqp2Y8Ple6cxX3aRds3ClTNlZp+t1wbGI/YQro8H53I2I4/xwFlZWVIrL4zvJVK4saM7FQQqAmbB2VctwX05vwzJSJSfaL6SkhPepM7Zx5oWGzBHNHIDkX/Zc8KJEVktWIAN1prS78YO2sjdegUvZvhyyrQdAZjdA2AGQFuXP+CRvCHM3JyAoWdZylcUf9jzJbPyaifN1BgfHzv7+1sxSBEXsyomHtPawkwsUS6dbrTh1Yy+dKikgXCtg0Zal3HTz4UcNxv5kn8oozj8k4BVWTAGaDgsex9KPLcoitYvMiSdkfi0IrrUSFTObhGHlZs/q+e/m0CY1yw1ON01Li7N0de+c8/KYU2X8oHSyydD2nF6RKSRLRZip2DJzSo46E9lCzjYa3vtjkTPjFXgdOzEjrPQ49x2v5YeW9tpDr3Z9+eY+CTOF7nLH7R0CLGt9VwzZUgiC+o0rR2g1D7/xwGBP6TtS5d2+MLylNfwYAa1JLlydou+K/+gQOOuIlF0wAe5EOEG5JIh5T6sM7ry+fwJbWDpKsXB9cCRafo3If3Rbh0cpKNqd5jAD+uLCDyytaEF7PkSYyEDWF1FeT8dl+LhVaq29kQqBcQiFtlz7jdGV2jWuwLCtjXUpTvNu+WLK0yeKzYyfVC3svYTxjPxPuRjYWYphv9EAvf33fYWLU10Cups37TctS3b1WA+2AecrnJ/vvktNahCZd/V+ZEdUMKb5/I3ehxCs16zl72Kmj6I+ELsX6od+CsK1e0tGBvFnJnEzIAhJ2fz23K9wCueaH3zFQSEQoLjx/oquUVUg8FpaU3lKIxRe7L+OHt/lRaAqbNLgWp4rM7zLCzr/jallsKEpHz81FhYgv0zOe40tGULKomjGwXC/Xq3gYYD+Y7IOpli76XnJ6wL900525hdrAElDLh+vIOMN2Q2CFyyqiGXhOVrjGm324quM07OTXf69PTNzcFHY91ZWbTR5LLnRp/WvK+Oiy/uYdx829NEzHsp2++GpudGKoQ2GPqWwKDWlcG+ilTmyxALqM0gXqFQHTBi+TtH+Y2+66X6Uc9FYm/ND2x0W8vMw1gACK/P49jZcJAj1rCrmReEF0jJOsBJ9rVJ80qchPq99NXpUvKNovjxkx7D4LeiARZRfsnTj9oE2YNL80PmdWZwmnElYihdD9S/Er59NOCXkEIonRJl0v8KWNwGkQkMEB/G6NkKpNUA2oPqyGLpltqvp4TT/wOGy5WHJk40OCFka8yIvn1XfVcFgv5r9ksdSaSu8xYAeTxrKSlp/b1NTardIDBzKjH3OfhWQa7JV4335Txd5Z2UzweTcPRTsqlnYrq7k+25XIvuhJKMVqwYtcYPP0qUyC/2ZE+89Xf6aT38W61M36Ja3BZ/0gOmHdjoCtVIYAmWorxDyiAsT1x4NEdzNUltnPAmIaK6iW1pvh1GrQSx4fECkS+/8Zyt8YUxJCynkWAf2usw4zM3hh3QYm5/LjoUAw1jJEvaYImIs3Dic/coKRcTnMRE/ujzlyrJIc04EzG7JbjZDGmzNRk1jI7SaY4REv/tsy3c/vrJrWJrQ0miKXamlumj9IxgEmd/QVW5Z0oaNI2vsP7pVBewMgKMMTsaQbfsoMR9zetg+cITz6co5bqfm/WM2XAy7lQpqbtRHVoMeGDcf1dUPh079u3NVy9Ubf/APXwwUvpH5QfAluk/h/giJm7TiEcSdM4BHso3VD/sV1yP3R2cbf6c+i8vYqFnIDoPJnhZw24lYQOCleG2LFBgUYmwKTijifZmg8AjFdqYLZggIW+/w5+AwWG6O5C5n0Aw8oWa5MBs6cR0ts4L97WGaMXj6AaDw9d0JyIom9LUm2a1tgRuWJMJQa53HHkShxqZpQjE8Dtw1qSeZarF7pvLcpW2yReP7+i3lVmpME/quUkEcE0Ly/WOqj+DATnuDHgULM4xQruubvOOeE+Z6cg32jY7vgJ+7J2sKidUp5if9w+thcn7GmkBRVvc8I6zDfNwB0G0e3FKAXtLZ7Z0joaA9dKFNSB2O6UlI3umsUp5LL3FZC5hVOkMsbdrF8MT63udw3BCY64qUm6QHuTdnY/e96NFirKC4/85ZS2IrbClsPKzw8mXhUecFDRgbceu0MsErPQlNoaCRBWFO6wKyZwuDNBslaXZ0IV289Fo79UWjhwYEdfzhOwzmsAqQXr1EZaJ3zTrxPDrxbkbxjCd94nydPnYvO9O9j0MLFIM7sS+w+JtQC4Bq0F0gRjWARAXy3cMuvHYb7y91AkkpndKqrgL04FY57UW1WNoNaUoyY8aTjThmlg8+c7rJ/Ce7PX1fpkMREfWsZIY0GtPJAxL+DNYpPSK0yS3IkabUDnlAwyDTVwj+czks2cWfE8YkPVrS4g7ouCVQJp26yy7MnRWj/DErvgm1Fj1kvnAfiP1BShFUj6mkscv1mCW8Gw5RupMlKrF9POX/FwiPctF0RcZKBnoF9y/nB0n+UzXEeiP5lALfKtR48iWE/tC8AYg+WwpF95/IyI627B0MlqxAuHWf2hycLftCkWv8q2Li3R29R1XxKEHFmdHmbTrvJXRBoUl/yLZMnw3ZM2n+7l4maP4GjHRpeugGatuL7G772MgK9RN1DlBnCAqLjr0kQbZeUicYMacz+b0I/PKX1KEbQrjCI/q9CV1lUuHb/oknNo3rIkwGNneLvy1QZoSnuu6/NBVssKY6ZXTN2N+FrV5m60VPppr83KEqixMD2itQUNRIKGnX1TUf8lQIaBz0BwkUn6Q+bax0a4QiAAsM75gu83+k+e/7FIIO1b4MbJuHcHJOoDOCbjloXEXFPEPpARBX1++pokAadAoBLySTuMw2Bm3UfPKIBzIv6yK1B2swdLcCJECIWruAarJBhcfZAJfoiCHr662VQMKPfkbxSwpvnzFo4xiPOWjoiX/KqlMnX4JL3EqZKTKhmG6nbdNenKNqJ5/wzqAak0ryuhrfrj4lKGrkRIPBQFLLnZVoqrUEtb3LvocGDe4iJ2MbqCB/77sLmDqfIl6u5lOQn7MFTHEvjNfsIUugJWsdZnigmOxFRgoNGhrxRjnvc1UYLQs9KdBCZgaIs2yUxzrB+GqQ14EWQXqSkJ5DO1PwhGBmCsI5x5FnKkATMQ3pzYzzGJ3jUH8vqJqq9FnGRk+TTqZFENZeGT6gFhUUeDYXB1zmMilooPfIS6R9NVVCcjuDX+G4FDD3iF6gQT4Lg7ar/GF1ZppS0Fwoe8iFdJxiG7Pl8DwhV7Wm4P4mbZIR8F+i4w55rnvwV1C4BF8RCCh4gi7Zh+Omu9BogtRdIp2ekMKIYMxeYjSUATJGN4zB9vOXxQxsbi5OtLLwP1G2DmcS7LYsFBqWsQjS8QnATBgOmMYb5Mwa7RS4HudfuurWAtMdVY8fvJU7dG2+ZXZie5gwR3rKOYL9iq+rznpSBKAHZx104w+QSeuwFnZ8Kec3gFQthqNjanrfQtk6H0TuYiQDuKNld9YvNuj2j7UCG6O6a7btrMWNlkxxIcu/LRT3ImvDaOr1XCfXCbpklMiWKqq85W0hmayZpcxqURBjG32e2Q9TQ5+uh9icwPcoe/tHTYofNnh7lOH/1boIcXDmDtud28X4Zq+BBRode7QuaJOmJ9paU6RheHsKAAY3xG0tzVTF5M6OxZxxcZ9/SXifs+ECRfFAJrGmi8BGVQxkN/PUpgFCgGqdVZKyBcHKvkzdQy7HwHnd5w0v0++bRBVMoAsW1ktw7c89N0+KNO+/HvFbUf2nw5kwFJQshaRnN3ncLBaUh9wI9NRu1uVgNGhB7j/cA3oElFNJVp5iKfSiBmvjiPvsugKWOiv4WVMf6lE2ZjIysXAKa3VlS9g2elXosHzcdbPcOJ4BXUbApVxGWj11sKMCe0TxayDZDjkn7qauM1yJW/eLsq+D0rAFyzedwoiKoJDWeXnVx1w96Yz9IRLv51wIgNE923x8l5yYGTJNO54ZhJy4xjkw+QtjTbJPjfe5ZCaJM0fsggXr4DKBerhdssabjvJAnQkdmfW9hlLv7mgwUJ0bFh5AWsO3tbomrQdbaMvOiv9WWozZMgxQpw7gagf9ni4j3oI8gL86MBT5aGX8eFQ8Ce4laud5j7sNfq3yTSGyVTkPewXjvP61qJezZGxt0qpI36LVECwI6QCxBy6TgJZX/PYxaAMnZqXSafmjuyqiU9ta+RgqWN5i4ZRKWmlYxK4hQz4c3+S5P1BUjnIAssCehA94GEjJO3gIEim7nTgTXH56sRzWDFXVhRH3dJe+Tbf5y+VeBtT73b3yd0EOFPWw5chpvsul7W8BfO8ymr8vICAwd104o7K5ZLgPZkdWxKdLgizIzY6lRj4F5uBHorRFzX02PLvW/plvRMafeBc9kNrfMLlwhs2L5hpwaQJK6AFUpbd7UJKWfMusZGcAxTvfCQZvvYPevExPRr8Hom8/HIjOGn7sCK5cZtPy0zggJrvc60uB0QAHMSd9G0/piswaEz23M7YfaSsRmiRHFLzOBFlU3jmw+X9yYVci+bs0sn19UPRA2Q5mBMcDmS3GM9hGa9Q9FzxJ3PxqumS1aSrNzBAnIjctGu+m+NVUy6tVB1/j8pMOxE6DcBShfergea6z2PiZK2prTiJWiznlz7hs7ZuHfb7RPKCBG+aeoyI7Nlr2m4tkSTgib767Die/rzk7iRjHfpH+5nzg+fGUEKnGfVuf+x/7dVse0aR8iLsSEYCkVy4NF0NgRO9Jenrb0mRSciUMQb0rC1y3C1D1uAMSsPNArWtn0CzcFccFP+01MSCy6/FYCz24Wp7ENZwI8SpEoLZXuFFEdxwZdkxbZAXD2pgITwzO2bBWRTp3+JnoNL3snmuSSoxl97Z6FWsMC2281gvwWOPQxoOHAcSNWGLUm6HLDYLYPkg+Y7Fgm/OXVgCXS1vOlrQocg96s2wVm6XgCNUIVG874r7aM75Xa2zVCMrCsyFu3fnJhFDP+I7ozkgPby8r0EiSQg1l8knvH42Ut3rLQGpf0397gZpW+wxWDL6tk4CYh+FLDMp9CSY39rA4APzPZ/gls4pnLRaVhqsRbGoF8KcKwy/6/rwNmH8ZkL/gUeaM1JBgxlDC7lVj64TuNFDg/03AnQdNQOAArBEv34bnhhFA1RkrfvxHMwzfiRkn//uYK0fnjnhd32zc9P5ECWf9WI/1c6h3WCj3uPCEf+vn0AX4NjiaPpmgGCKDqUlt/bM92sd/AFb0guVqzBlnKtEbCnVSZ9mRgyPqlqYVluTHZ3Tg6aXoLVq7EtFyMzLWfWRAc/X6mTM3TU6L14dKOih3jtHrX+Bq35/7Ugo4K/8lsA9sMwu9gy1AH/RZcHZzEKDjV90MiqaOG/Bs06jAPiDEsloGTR5479p2rLucZQujeV8lqAvVfjbGFoGZ5fX4Ih9kP4lTaDDWIVUD/LllZqiBUQooBxATWmo2VxYqfRtFKnRTEPXHvkO9MsAkmVc+Mlvdgx99bf7wRiu8bCczCyjpud71ymDKkasA/k/x15eQnIzaTA5oyRwyeT5sUdUA+0G8sBtBpDbfxb1n6uAIZkmQyLX+qqxn27gi2SpGzve69fpJhqnR4ZixkrUsFoLYCcsLjBTzivydMUFHIGUtVt1whg37fzORoH7azwXSmqu4Fa3c/Wt4rJEAIjLM3T+s523F6vZEfm9NddDZvawMYbNSrErNuZ/u5/aJ9JD9WhknKrN8nwncIcQuUjvg9qwWwZBKIqIpEzO8c39V9PIXCwVOXchGjhUHVhCBwquUzZoJMgQyMD9/cPpy15+KfABjZs6pYuNOlbiglidYMMqYG3BbhC6dRDfNIFQqKTbxVMcb/Ic8KkUxhmai+2HmY6ENLcqEMn1LkwKPlzye6AssvVT1c3dLsRCVoL0w2+xxzkLEudXzyAWvGfZX6PA7LVGks3Epep5IL9ekRKvSYnotCy/J6URtcXdZ+U/1i/RPRCNzMAh6pPHJLSPnmSDr4I1MKwNR0qfGs6unuo+AfVDIodrTPJoDHIGk/1Q4piCGGfP+JyryoTR2d501laXfHByN7n52ZsvJ6Waps1YKQtnIU7ZuSTLs4gZlqm93q40g38skJSwPiM7Dz97otZ5dQdvFh1aFLDd/FKESOM8UUTVFWOyU/eMMaZrLyInkcALjv/HVMM8koXtrr+BRIapk683AZK/IFdRLBTtwEnmPkmoKB2+YiZMwGf5eXXJHqawQLzm9mCSQ1RtQIvZ9a/5UthrcUgonCzpkVEBflI7EfWs8p8timTNNZRKByP8rdXGA7g1buh5rXFxhqkdNvTY5I7+3nB76CiuBBXm74zSg/YEq/jOe7TfhNXXaojI7XJjm3IhA1hmV9MlAurXJc99M4Vg2xhaI0xyiRMQbWXo4i9hh/x3GKhgQZ6yXXPiZu+9KRPE6+aus5RTL82OFykVVfIsFMtB3IxLJF0GvEpLvkxF25R1mGTzK54CSc/PQMc6O5T4LZHJ+Y8/RFJVDpICjacfVvgEtgfFsvAEy3b47mJEC7zNSvNEN47V18CzHpajnIDp2JddvIQvwE9W6LwNRqr2z0TOtL8xtlDs63NiqdzBvhKbwg+Gyr7106l5bgqXO4VXW3A4DlzaC2P3qp7VY7Fvjduq57VOsReYDcpOgy+EkM1z6bgbeYUI8ACeZMMjcli+VKMml7gXAUdz9z0tTcrtuQlwDddrVzv5jSXHKtR5pOvN3jb9tYERf8wwUzu+AuhqR8hQl34QKG7XeCxTkm7fuJ5HM7pFkrbFWY8yGR7uwddKvynPD92QIv4ey5qYwvz7NDQSAN821hJ1MuCSyLXU2hn7IRebWHY10VyO4aPv/GStehQjJw5z31jXNJP9EJVpFsVsysv44eg24r/AqIuIOO5Ov1QqgX/VDbSW/Zm2E1GdRXEp8ebrq4TA2XearXJ8MpzNH8Y9EdkV1Ilb3d1ZdX9zjNGPObH6x1eGGlD9nVngTTTsu/7zSoalwev9eTSV6jSRw4TgJ3dbhb2ArbBfRuNr5F2Ti6MGTZkQU23G1+l6GttvLTLvF5rCoX4as2J+gPSaEflmosATdFNyMmL4U4QTiR28RZCRY+InuiDL0LrrblqyOAK6NeQ6FzKTJBAG1lWEU5bKBurzf07sM8Yt2A9IEEJ5SeI5xzu9pzQmiuWb6ZTrIK9lS3JaAQpkJdbFB9KIejK+2PLiUYyHVeLcRVwMBnY6B+eGDmIX/ZhpDeWZqDxxeOAZJ/8rz0p66IwxEaQpt5AH+TI0y3eyVqEPipqU/WrCtGm0am90FETVnUpE7dXozlW9rB+xCjMB0Ykl5OyhfbChl7+SNk9MyRAl/osqGOEIFJO4gsdqYkf+3ynjXC2Z2IjrZSrOtQvjOrMywRZx8xwQ7TKC950fMqs2HuLLSZrPANZhmIpHRxIHVfzYOTYiE4e0T19bTn72S93JqlyfLhjHnzWNeelT1uIH02TcIlo39jrDlyOCigCgl1ESo0dlIAynHEewskcZM+hIl7dMhufdWSq0xBoNnOvIN6gnMgKRoxhuz8gnMwlWL1EcmIFoe+/X1sA2mpOBci1ySno4HJu0gQ7TOW4BnZfQyRQ/Rj2K0UUMd14XAXFpD1TWnuqbQRXZ2D0r4ZParPLNE6h32CXPT13GUXMry7UVZTBBxnUIDxrCCGXQ4By4IXWYH3Ku7Ldf7iajwUx1FnlrH+fD8Ee3AbK4inPlCHDDCEz2sQUoOjVSXPlJrTjiKOSEyvzsH84Cn5JTg3Z6GxZr+WZg0kz26yy4ibL+OyoBt2AvTzAJAA67lOIoDDFvVZXHT/6R0D4skdiQ3AQcCmeMuWFWT5HLOcx+wH3axBZNdchPZ9szbmBSpHPSo9UcF3aY50l0f2sZ6hi8Co4uCMVGhMOMEErNXHbvu341JhJMMF7dj/9TG7Tpnl3+ELJ02V+x1ySaWLD5S1akwQb9M6JR/26GNlTQRVhIGhaYpfqV/NOSnCnV5XgG+2BqBi2WEA+NNNaCkRfdEKgP+qhEAX7C+Cz5sIp9rK+CayzEtxGcUdn+1dmtlx02GvTMUIgC/6pPrEppAxhgIG4jHKQ0U9Kl9tW6hQfCymmXxaXCvdvb6ZCV59QdRNrwHclpqK83mYd8RFP9vJHHqqzfI1WUXXUPnEeED54LETL3zLvrTryps/TlUWbZ38/dtU6Pg2oS6HOgraFMv4LqnXLjyqQUp5xMRgWwax2G3VqkzsH2eS2LpRWRYfoEw+vGOKDRqjP1UKxU3EiAO2VHWBHWPLYCVnHQiF4b9wgVz7h9O9+w1Fd1kN4mtau03oys0HO3n050IH6QRp/QZcYbMmS1iSkWv+q/mQGAbZ71HmgLnXEqsf7GY6p5qTJQQjE8wW+djacJQQdxgcWnwtJDh6msa/YvkQlVA8rDUGm+XANJdJqjK5Wf1/YzHPlSj5L/bNGljlzH1WJn320Ld1GUavScTnpozui+zAS+dbSMwySCzlvk32SGQ/1Uq/MKkEX5PhcI8ACf6FDnYLToeCQnDO/mNli32vv33F2wGkJHRBpo9/H8wTw1g+HhKaUQ5lL6U9c+w0TANGmmDrYN9c9saTFGE7CIuhcDfHVkky9bbeHlwuR+vA9aRkICfjuCEy1MXAswdWLynCG0SFk7vT8LY8kgC4nPBbKyNW9Jpwv+LNJnKyfqCBbNQlPHAyUE4J/PrW43z5vY8Fs2UZ4/GJKJFnM+n0rQYOHmE2xAOevnL4ZOv1U0CVhVCMz4gS6ju2/w+g6N2QsHpblwBnpGeufIzycam3JSCp3HJske88aVApSsS6XAR/z3keL2YmUCOObfjXubyMVwZ4w3h3+Onk0TKkfEXlyzbtxdH3RxXoyiYrRwXnHG0BoRhdbegjhtxtxa4HWlgU5E0tfjtltrv+rb1jSEcyPjCJAoejPcNNqHMzhIDyN6/919f9GjIKPZNLnuThVyKIu1Q808ofNbGlY2A7ELj1U+SyU7mhr3vtA4D7VorZ2niwDuFSGaCAf9oc9hjIb2tGXGXq7CHrJqXlR3Mxhj0+HSEFsme/zKXdZBkRAFieoDigWNnbCu6CyFBDlMrnOx//BhE/NLbX1o9aHjtng3EVF3iq2pHeTmiLGo0I5nJFzVjkqvXX6N3qZmsQX6PwKTGJra2USuSnUbCktdkkuHL6fWawW3JjoHXpNBxVXvWz1Qa5EzaDZHaR50pxECrBClxkVhDOrtvnc3jiRD57IY3Fff8ZnDNPD4p7/TH5qWqstYslwFn5iL6Mvqtbjv3rvX1AwpK8xN8FdbiW5+0je168NljZNUvWJSweRedNyohd2aMkxSblsyVb9rinrKHIWPJGVZhWQVz6Z1DodzhjfPwDK4apLsNY636Pznp9fkLlFTU6IRkS/OdyJyVxH91RCaW57HD42Ik/gPDyMOFXwoAg2SL7RK3ZujDJC4V/dm9ZZYAdEs4bQdMo0cPkxOLqhOQ3P1MR+0MyzMNBgf4einnW/U6XZu2J2z9wbEUD1zc82zrKegPouaCQYWaZm0yoz1HFrp95LFGFoIdZJi5lkDvByV9NifPwt//CDG8wKlxHrDUmeVUHWKpd56kED81nkuS/zxyvJfJKY+EBJ1c9yIb+4Gj8pzGNu/sF2RlMqomIkCnAOBgtB6dptCm7e6clcPQSgh0tkaQZSIdf+zshVJ4QO3vFYMyY4SsJTwcnodmCY+cSOJ703OTkDQFE1lqEtX4rr7qzy5zGoTaIhHW1BOLjLUaflGu5iFBUB27hpiXV/aUrwJbTUBXiyLl69ZGHljyH2/DsNXDh6AyPRLT5eNqYmOZ8dqL/IYQ+82e7VBqYC6WYD+vhK3s6/y3G3q18jKCO513EHOGq8nxLIr6/cO1Wm6NihYPmzBoWlmD8iWpQX0/Y2b0reJnhEfOawYwIFedDzB513Qkx0OOH/4RMUTssUW6qVR7MqxDFqgRjTBg9fuCy274r8+nX4W7v6lmPval5nvKnlK7yTj6YYVVJMQEQLD7Uuddj1kf+fhZLJmZBcjI0zeGbkU7GQzf9Y652pqxTuOL+C1hEGqk8LbXxV3iaNlj29F8RXCgSk53XnvwFn+xvKTZuppsKXrvP3EMh7cycAkCKHzdL31DnPSdUsvsXFSqX5nncVF80k/xls78JzONrhn1wuRRU4ixR5dlORKMYpcReB/LfT1IJ/VXKXGNMLFVarjBccwOX0MlKatBO+yVYtvBw1Q10WZupXKe4iKVTS8Kd7BUmKBvhVKHt7YdSBhkEDApBoU+ORt4eCIFJZrGCKhPOGFugCDT8zKGcs1SzhvVFx+Tehr6lGjQ7VTEMQXbXvvwwbuygtWxnok63aasFVimcN7ZUTnc1JLDy+PijWIgunFwspQ6IyG4pXKptbCA1d4MH7KFG/PWu4LY5lIHx8GWb4t0pGF/tNl37p86LXMUFjZWRLmnv13mPnb/6/NvNQGutW9ypMNiERqzH58kJyVIst6ov9zzd3U73Fu5ojGmrpysS7n86X/NhChbLvcfHMLm9hmvfqsAdNKQsHtN5p4bMKhig82pF8JJD5FXfweRy+76MnkHZu1sBb7tTrpntc9M32FpyC9ERNcWx1KNwTyIjUVytnXiFJ0RZxi83jNL8EEZZZOlKy6egjwTakuF+48mg3ycm3GExCiMYvAXi6h7Kg6U9RReMYAIeekEbQrRbs4pIpdetaIxC3nVY8OU9U3uh22067yomlwYs3L6es6XsxCZZMrMHHswf+g4kvqTV0ObPlzKai9C30n294OWmKTeVBOtnh6umfHil3TugFo5oLyfWtGZ5m2lQRllX8M4ssVO+Wfk0qXrzsfyyEN9PmyLYkLm9iYV0y8vm7B2/SqIwPQig3h4Cn43IWpUQdq0of4DKtVimi4C+wYDIEwOldJ+ZkPBGjTJi3eB7mMdCmtea2iBIbyBRVOjXlHLkvG48Q4csq4MjauHRphh7rz4+4UfvpyDyLXeHBZrQxpyHpVWWlcpV00msXdJRdGUd8ESAwwz//bsuifI1gEUSISkrRRagax6HuVYo/pgCZ7X6tiuz2nAh7ckL5ab01BlFTzW7+UNlKWazJQz2s2H5nyYTczVemSGEUDZdSIjfK40XYoQQm4hf97eDg1fwIYtLtPkpNPxANk+Oggu2dCr8lMo27Vj+ylz7MSodlbztl8BtPATGgrm7yEDb7n2+Owl2CVXUVWUNMeHfbOviVsPmyg/3rO5fHw93+l+n6zNzxzoRo1c6oqVEEy03H3KpSpf+oNQkpOZn9udKeHQWYbG+M/+7qC0BizcmPxQjoMW1Zn+x/W/PSHMYpJmBmCLpwpGt0V7L/rL7wbrOdXM/uRnzSuGA822keUssUndwILQdIKC5vRl0ESlbx6P8Sdq7gP9T1tBh8G26qomk98BtfDEbAVQWGEI+2xJE7a+a53Os1WDYWinlSCHSwS95zXTVktOLbVALdt83GVw1gVoRnprCkA0S1NzO4Rxwt9mMei1wJ8lvDvYySmyDrPHCy5s2l1xKJWg4dmrOBuRIMFk1YqBalruVfHsrgXl257QqxzrNI5zVGUGivFFAJIW89CB0Owz7KBCGlGCPfQA9QL/qEJuk9SybdJuIDJTeTFzeZRIalcrLsXQVkaf9wLgY73w3U9whTG/Gbt4jkYuJ/GCVNhKJ97aM/EC5EV9xDjKFrIunex3XkmEcAKFynMOK278L0AVwJPl4BcM/vMcIIlQpEJm3fai8KnTb6c6tq7Q8pIMJwxUrqI9o6MJegrbUgx2p/2N4HXV3CnfydjE54JNg5gq14bt8QxLlA2FJsRP+v80+sc/7t5x1DW5Decx4tL+8kuhssfG9ecjQk4q4Olk4FySy81lGsJIU+QHHt3utiFrakGaPWrqoof7v5U0UzvebUEBWGfTBNcGjbk/URPzZ7XEKBAW2b1+EmQlip4aR5ym7per92Kxr/Pg5zKV5+w1hbsXsykGDtlfjD0kpkdWh3mqEANF282T+R2DhEc+YBp+JE+GBKY17quHqJw7eBT3n00RlE5oVpluE+d8DuGSQbr4zyl3zHaY7PKThPlzRDwjpzJcjIeAB2XsprIJO9o2A6Kz2bgw4ClBAB86WyIFV/RFlflarUsLDcajM/tMckUIjb3xYqdQVECDU/DhhVE0EmtzaJKsA8CDjy15IWtjLXseJDRQuuNFG3vqGj+WsBg6GjZpU9U2hcTI3bT5Thef9Bxm9wg6oj6cyKvHYC14lbDy01gMVnpnLOmRwoy9sRy3rT4AtiJCArfvs5xuGgj/cywGYhB+pkc0bK6HW77/AOJfYEanC8bSXjRvIPvuQAua6GctDMcmWY6Bfjid6xV+jWahdUHDu6l3q5RsPKi8MHMG2vt25efFMjP9ZHY1EO5uVQ9eQ3LHtgkhJ6y/T8XmYJrtFR5h+PmWL+/4tHL/5eUlHc2IV2jp7HWZNee/5N8A3CwsVUHQc1MZ5rkMOajyRwZ2F0A5sjS5HArTdL2x1+lF7YUfbq/zt1i6vjRwrim3up+v8e1JIh1ysXhvZLrmcRoxurz/TuE6H4AxiWIo+iSO3VaBAAuwpqe4UMzXbh6stVV1oGwU+nr/zI/UtHj91lRp1T4wTznl81uXdnsfgM297+yIvf4cTPMvYI/8mCJkQSUpZsw1/Wv0GVBWR5N9glR30La4NiMYS4eme6trIl1V3xiSZci0jeIk7Toxx7tlwrgUJk6ybhXofpS16Dl/AS0tkqKoQW0CQp7GyGcqDKN6O57i3oG+9/3hLtrKuuOGDT41m31DmO8HCKziXi1BmhVAArcwkeLAXVvcT/VZL1a6UVNnFRJUIpJ8RXtK4DlbvHdElQzMipT047fD47yFUQcT3vr1EiaCZwQJ5qMUafijnBj2hltPLkK0VH+oNwX5gHpOe+X28cl/qJwJWo+8aUrz0vqPyoLtUXrZ0B4br8aHc1rnaAO9vD1Tx8M/GpjBZCz6QShKoBlYMamQs6utdd2seCd+sBECmdsmM7XKZ4p38oZIeFGAwZX7K3T0PfmDB8ZXYP9ZpJ92L4Eiyk1eV0FQGX2qMp6/E7n6JsLuF+y4F8UmMGHWM0rwyueG3iR57uo9m3SPuYlq6HCXqpPoTo4NxMV5AN0A0W8/wfNTpeC1VWLYX9AubR5ThJtoQ+JbZN3WdcpiFv8E4Fr6a3pl8zpxsvZKTaqFdHjYCUzS6BNHtl4JBQj+z64ZLzSAh4MiHLE50/N9PC1m9XL5SwMaij1bxtqivvsk+EXSlpc8MgFoZaxXTa68vGp3zpe13qGM8L6DzgzqMyX/9UasJ+Ur5Kzs8Z8jkhBkD2ssGIEzLMCgyP/8ExQq/5lORFKoiz6PSOLL8/BdhIy/dYf/uuBLsEYZQr6tjE9wyj4giZRUIFoIw3/W7A7kk95DEiXK838n0tJB7Nlp5RHms3jMgXoNToKJJ+if+iGVeD2nzsnn9oeNSmyhGdhGBdSadIRBACY60SQ3YR4NXwd7cAyUCA5hDSzOHisRn6rH/JsR4qtyQ/lgq61XGFt+kKzMCuOUN0xLPbeQrNUxbeYtI2i5phyxOGNHANFpyM8sFYUoJymXw7z9PeI6qOQXLbpH2PNqrIFGlNrDpk22qLJg1hKIRyOmUfWwi2WN2kqKUzcwfvDmJbXYBLXAxB2dVwUch4ffLk1lJp3XSfZ4qGSO2/1Mk+WbyCgd9Le9T8SZY+Mo3iLr+S402j/+IAGVvu7dzI2uSDUe2qzNqK0HpDzPNHiD7ysEAS67o0I8WpgcitoGD+31yO2bD8bM32ZhA+6Tyr/p9+HDKiUzcjCk3f3RCBa5awu4kH2gIF/ua2JkWcqX+CrAtMUEGCpoizWGNpoQlpxLvX9R1B6Q/SpGgtqpvj925sRMkTTElQ7bCwv30Dr9Br9rmrK/h00wVTpYD0dnggMs9D9geiszlYAQB0s6f2QsfXQgCKRBmDQcvgGNF+bF+sNenbMwAfhi+Gfwz+7NUdxGNPSSZvs41rdMgN+PZdpMChwmDBODsRLZvCcgbFtniS2hgLz9GfTFgHp7mhbkLJu91zhAKeAOOm+7ZGf+ewZXU+6C8TpHhOp9yuTd7So9xaTr9FDk/n+43ETUrbR78j7/tSpWmrPvUWcF5SvM+VaCbG7OIrAoMBC5v/qPmVTdCLbSRKC59n7akl5mU0iopM0eXhKnFcA3xxxxzXdM7sIySvX10iebiWJYhvfYpjTIkg6kAuOngsoUWl+wj0sScwp7MpRwhXf0Zi+Bn/S9BGPY8t2y6PZ1hAJkQk1GC64xYJWuBaybpszLFhFdMjJeARq8A7wioInVMdD+WvS8DO6z+O/BzdZj06qmk1LBfV/thoil9FXS0PokWYYJ+22c9J89pSKxWeh6+aaNZOqy1ynAa6aiDAlfRVCHTrPeGb5y0ZcugodwzZ3H3qJCu1vZiyVF3eUNL2CSoJLFJKp2eEPDU5SGGxyCbnZFgAcPoKa22o5uv1e0VCOVbwasrJd8My1oLhDxNh9zbgbqHJMuaU2SQMXW6AWpzRd5nNwXdKjj0Ti/fdPdrB/WRgNRkYweOWYSJy6d+YUPvAUNCtC41BXj3GhBFLrsLHbrnPWUkMR6LIr3uV9/e3ykQ3Ob0/Rqz+o19+tXRgPeXPwzrLcw0ujX69F07J+WNxgQqKhEsZAIBy2HmSzn1CoglsgLpA2RUFa1MhAYrpnVyG5+kyOMnaOrz4DSa5YMDNHU0sKrqy1k0JP9QVJESxpx6K4KMWjKv5sITEZgY06PRvV29SNbn+SueA1bqwTodwzVqAP+XkmIMasr68UMHp/XlPFmTbrELFjejA0uiqUAF+2jv2SfewkMvZ68irX6QEAcp02otwLHFlg0f/XFgsgT1mSJfxj4N28620GBVaVurugzE+VRJQR4OMp1RulfZSpMCESozyAZWfZmLffMvK4ozHh9oWEkyZkieY924NXObkmjBybQZ2H+KkQ6+2xmHnpubp+qxL7I9yol/uSK6duL6ucb4lNLfiOtkKvREfnTRPwE6u2pkzAjUufB3829y859F6lZQXCskWTg/yq+kcIp+GU92zY5eODSj5qqL3fnxDHAUHlkJl8Arzj+m1HlxgRHGJ3S8ZgacbCfkO8pQznHjO5ZrNnRENyK/g/EUG1m+GoOW6UWe2lRi+M/OBgU2YSrL8HGWJjD2CJipnb4AnO4jKfpCJijvi2lzaWCtqeVelgg6JVoxPDJOI2VXN7QeeuEBJ4Yjj7OF1i2CoAceLRyZGDUZDR/W1tzHEQ5NC/sUKYFM6Z2qixzB4g8yQG8aceUdYN6R8KW1hHq7KIb7s3ZTbPP+Idn3uG7RwHY5iUdg871Z7/JK3uEWRsbTeKCkTqe8zVqUduQdf/EE5E2YtCYtA2z95n5bP7tAV8F32prAAWSUFfTB/J17rF9kXGcS2zBhbJs3N63Iez8V6T3ATgjx5668S52jsd4JXEDlm4e8dzwvPTBPo7+zLZZdGpG0Wg7AvemFKeWmLjCiIVwYNX0/daEwNxkdqbV4Skb54l51s7TZYRUOUxqq7OVCFrsrndsmG3eTIZp7vYlMWvRVLkWuEqT/f/Bhu6M3unw8S++8aQQhtlXwrcfuSfheNAd3OKBFLlqMn9h1aGt6Y0wbPIKLaOcqEWzOEJHbRhZ5mSCL0R535ARssdIy5QWgoPj8bnUEO4YcVdubusBnGFVhmpASVjcvraS286QzDFcytT02IOHNz+EQ+hbr/qxbNynSm/5//5SS7I6mI/pM2o2XfOvbdAW7DEXSor3pK+KkoIOMLvCl8LBZcjr10mQ+2ijfRc9+YvIqlLkLfvFNmixLALUtWMHTVcbb7Q88WiVJ806eB5yQkB35FDrCnebmHeAywSoLCqO57eZhZ3FylyGiTwV6s9KiVsRXa1bOLhwkywkFgWcpxRKcbeXSdpf34plU+zAwVY69xn08LKmWiO0NIuNRRsxXmC9BVJ99w0Ml5ZggWisVNE8zO5CBWomky2LB68LnbQCiTMips0XKyNpXp/66XksorQHDQiSYX2hPnJyj2BNnB+2aCc5ORYU2ZE+SH3exL9W6Dq1N6hd53iDIbQc2MIpfsseYhXsXzEaPbuu+dDqRItVVlDV2QrB+qB5Pulo8AZci/LUKrBfwWpcIDQWxK/7POFbQte/5EhW1/Hw+SC2b+41cvR/y2SnOQbA7voe2NGyRlL5LOzB87cdmX/lhtNOqK7WQ9kX90zUFph/a4Ov12uo7Z3eeivKSGZaDWReKY1gLUcP442H1kxM+L6ENJ/NAUGjtOrgNGM+uqdhJZAXCTS9I8MvK3MefWpWbeLCBMaFDFnPKL8V2zEg3z1sZe4uPBayfgacqBlVtB909knstYNWcNQdoMtfPjQGhW74Nv7YUa+43sR+ZaumJhZxA40ngA3PFA8FsHO/KJ9ZUqw+Kf0zEO4JL2XTpsg7gWTSzNkv0PoEaFWvJQFkDg6GeMJyxQesu/Z0srteTstZnkPGLNLWnHzyREx6sTmt88oVTYB2xGycxonsWOMKb5YtVrnO6yy+V/z9AsxUFUqUuxrXj2VlV8XclqoX5JxUe+uS2y+hNMmDehxu5xg9GMGoy/JSBGCsaq+RVK6JLdH3jfGDU70Y9S/UVnh20vA0BGjxlAjGqOr5aai+Oz00pKD9+CnDMWTBW/4MqMJ7lyCCJjLqZHB8GISL+gixCxGJ6shTqb34ux4cg0u1wlwATugWOsYDxFEsriq0HOI953XnBHq2gUKY3CwgGsvsuAHjbsfOoCl93xtQd7nhnosG12A9BPAg3NvdVRckgBU8AmI1WWgd9A/2uGEIpgbrwXzmj+tM9QT5bkdYvnBB+Q1bV5licF+y4oAnwxmMRSsikDhLwrX877SVQryYV/4+1B19h+86qdiAfAmSkS2u9bBavXCZWDhqDI+PmhkVkRnAb/UfiVFsSK7GUtbB9e1TM+MegnoFueMMW3YY6NUw6+1f8LrbgS2rb6lpn0kV90kqeIM31pjn31QlVv3sH0VHRA1NHvyw13EZLMdbUFJAkj89eKcoRam5IQcdQ9J1sX826RImf5ezZl7u0VzN2S93nYZybsD+83zT47l/1ZWH14ftYkIrYBunR2rYwrOzPmnNZPqtI14jmvle8j/wY8zJwBfm0tHWPj/ZiTQRsNdq7QuoNq7nc7YshYem2g3MezQPgxg8tmNLsscgqB37aFLRslpvoOF+NNdWUesU1hpo736aJCpQDeMLTYG+N0ScVctS5NDdrJc0IwyJ2uoWGW3RsXPaQN/p57gwJMzC+oLZ8UpoNnnf25E4ovImnhgnijnbBMHbCUyhWi3WjjLQnzlqEPX+Gyk4JStVdOuvYgX/6LXuxQuzLNeyt1C+pVdIn7MGt3Ti1gF5Dqv9pWldcIHa7B5JXmJejX5P5W+82HtX/CIhl4Z4UWZRqSIIeS1DGkDSt4e8lH/cyKmztxdpFkGFrEKzKvYxrDgl0pGTCWjWGyMLrD7DLvMk60Mm5dBgS5R4aZt1j48jLKOqwUMHG2IwnTW7mc9Uz0FhfQtUgQOWSCArfRYbaLURcs4V64T1hijPBpBr19m31nw9dmVTRU9OH4mW8SN/Jec9LY3lJwTagrBPvDN95w0BSIYdVWyext0DmWMc6COUk7RjSnWfB3jJnwGWUPjiKPKsVfi/9VkyZRp6OAEygjwVs5OnD6K9AdAZybpz9z3awhZN/I8HcRdsbptr5MikGn6oTkDcKuAS/XTto5wxnleWM8ovVTFjIOvw+ei+MQyscKH4Apy72uH5H5ZhlU2KuNGG8Q/EZlP+1goyeXamdaAtD4oWqbbBE00+QqrzsLarwbONLvnYI1xtDRanuIGYt6q8hll4nF95k0jyx/STOJXWELUR+h0U8w/yd4QWM+VnKspg1kt92XytCP/wS/dHwYXXvHWc5CfkWlvmxcnanJLT5sOoRZhfjZEBgpRoJGk7cFCzR6IwaX3/zxASf6DMPrMlbK5eGEVriu0po1364fhYY5SIZ4P1sYnLpmVvYSvFTIy5CnC9qYcTQZvD1MqyLk8N9c9Q1Qhg0KTAWr9Vh2hdTeEku8PWzJIagVXUlaPq2b3khIJsnAAp90z7zQxu5iSwmuQTpxSz3MbLZ4+PHFEBXp3cbHmGnC6jzMMOL2VyqpwIxqkt4TGkIDf83Lw1oLao8c5fut6waUxclhcvgAzysc8wHeRsWl4iI9Kicx6MRmSgjzqLXVQDuCWrWYpJykI1MOn0vQTR89ufd8yiHiP6Uz1ZwrjYEBFPX5NeOv+4pM6ifJPeFhobzgY9VrK3FACfawKEMGOLIY9oYLEWgbNn2QmSd9NWNAmpdZnBCaLSL5k9mgs2I0+FcqLqGr4Pu6vkZXk4hGduvYOHPG6HUs2ADl4bNIx4x1qcjhvuU236dpC5aIFA+gGHBRpc5wIpLVMYRqIrPNOQJiyLuYh6pZgOokZlZAOrMfRcgdNWkwXU3nhRXGOa5UqDb7JndWVNG637KfSSop7IHU8X9PWk2NXRNXTHv/1G3vwdsJySuaq8nqrZW7ON8zKgQ0/DmVaxgbiFI/ee5bwATIYO3XmS72aAwoSy+1E0wNUZTXD66OLZs3iL77TdVcqrqydOEtf1dweRInXoPzm81m4jrmEWRUdU15OUeYn4NOflOCOvHyGntKv6k3Dc0GYgMh5Zg9Qxlx79HsdhcutIPCwN78sEHzdmtuFnNf3rDhbLqipJcm8Qo0YWRWTb+3od7OYTDcIK6vLCdwO075w5LOue3OOVQn9STU60vCDOvrQarAwFECy2ErJWq5AUP98tIit5j0utzy/WOSVlhGN0PbidEd4oAe+5qqHc6DU4W99B9Uz94RdRAdJV1BV2LrjKiWG6wUgYB4tBYreXD+cRH9k/cbbJYiYuF4PwEADMiLWLjRFVcJtKpOMOmYZJlCmzfh2STRnP1dk6LvzFSqGx2gOiByyFFo+cL0aC5iKRO9K+975AJD3lyFGNhQlkmQ51dHSJMagTyqu9nfaSYKzypPydCTVicECFdi4f7I8Jl6eqPIUu44sMsxWjQjBivE1Ba/8Q8y1QaZEELkNwnoxJA7ltZ88cmItn3sXqydUFa/13AuN3xdP6a6F6BrHFTtwmImuA97SK9kgrAQt8Pq4piq0H7ZFwtJNigUFJ82jCHUn8IbGeFHG4vklTR4nqipvxCZBDDvQsnoZxGtieG7Wsa5nYfVzWWMAsBPWdrjfO9LNNVpk+YV3PhJIhvouTV9ux/DiEO2R/iWhIKxqH1xkAdYALlk4W8Bb3ySLeMJ77jOkUgH2WPApvGISBb1oxpcO1VtDl+IHPkX4OjYHJE1GZF4iw0QrcyrwlvSuD8mtkL5gzbd7kZVLc3odd0Mb9c3afkDGb+yxVZKDaqZMt7Id6DKY0DoEFc3GS6ET7RALHfr2DOUXnVjY/J1jUsXl4O5nDu4W30rvfuetFiH8fWXrCyqhCTTTrUEvGjiEZfyckyNsl4RzLFBaewrnYHoQd1FVJQCDuj8UEuVEQbsK7VpcvyPk5nZhTq9rOEG5c3Bgue54VmcqeS4MkFN5CKqK5TI1s4nAD8hPxKLL/WdGWfK5pZI8479fnRp6dNUbb1qARBhHsYGTfhOD14fvYQoZkGRR0kJQxh2fRwj6I0TuuIqWG7+5B0DztOEHCd/fftC9Jg5Ur8EptsVXE12zrmFjWd9HDYnavpOQq+7SLn0Tsv3gJxyE8qMZIHpUXLMl7J7ssysd9M9GxZpk3kVGrt11WMjpHx2UPMQa0YP6YkzeqYB65A6JN8zDQPle7MrLnvW1H5mkpYsEXxNUVbDmhQ18vA+z4zOPXvbzKD0eWS7MI39J+NRLjzIoog+uDFWHKDDw2gIW82/mZAU6ta/iAj2zwctfqlrrz26ky9efrj78RnDeyVFbL7PLF3+g8j3n6YaePBCyptXxlrk1ARCQWpwTM79AqtJw2ysNGrDhcRabFKpEnvm2fLHagU7e1oWKDE7OufJJXo8bJv3xpSh84jDPwRn+bS30n2RfzHVopu6YEV4WK90F864lKGvaZZdgkdFp8ddNDlIfFfTteZGD5nKAr0bQ52nG9z7ll/dZ+ULumNDA5tA1MNnKmaNhB0D6I/2Px0ibp2M1J/oCaEIe2WLqx9iOgUaAxqhTTTcnxPGwv4bTICd8yu6x2KCzHzfZR1nEqPv3q85Bs6ZXzF3JPF+Fxj+Aq0VGaQmG8D9WYNg0VLOgeQaS8ZdZ/AoSSv6YQyDAj2vIuF8K68j3wclIuuRgUvzJQGgV3eDi25aH2cmWmen9TVs1qq2QK+zBc5YcDxNPNwtwu7M2znC/B8Rjh7XRQ5xWPU+RDUnQ2ksyJGm/hxP6kUBz5nY+kjr9Fh81Xwhkshquyp6oI8Wf4rnxtWkzqV9hWHmUNhwdJLkei6ZVgxPwNjTYIFSTa+gCwesuULZe/pi8IYjeWLqNF9Y0zzZCxFJMEvJo7re1fRFpjDZk3w2e8Qe7J5J16hGkrT0axNuz+YmmQoLnucKqIvjBZbntrylThHkKOY+e37z2rbXEVRzGn/O4k7xRRmyz9yXRkveDAuBsnPn2MTn5fv6bJtt3N9mkR2vvgNCOxhWfn7JOwVzsSZ2A+lD3FeiTF5ILmIlP0g0gJeepOaSYDtlFBGcJnmE/0oiWxbCGwJjwylfG8S1K+6YVXxUskklmRdQXMoIn8ULAmLdPRohyc59v05KMhkz8V7E6jBcnCotbwanWnoOwl4cv5qyAJ+b09fREZee756cTfEDfUnUWNT0Bs6T8nzI6zmqt7LnNY5K7idc/9W4C6/pRK6zXvI1xIF9goJcEESvLleO0oDz5N6ZgHcp14SLhJe3CTt1winDsgjp/uK86r42nDim35Xn1SjJNTT4N00zxTceoz3NCAGaFXE2CaLn2HL13AD8KYGAsUmjBPIggMNANC5jX+C7te4Mo6XFhlByIWYOkx7YHHh15Se5ZyLFliDh7sOvJxtew6nQf0EySTZKwjOfCeChuUTljLT9kyp1M+vOek2V+iGBMZ+A2XYExTXul8ExGQpto3P50cYsNEzIxO4gYgLiKt7mAhrsVRy8fE1LzTYAy22GGhLSyh24Rla6rHyh+HzPCCAoWFPDqsde+pnSKmKI3UZNqUIRc4ZbFTnnjTVje/1bg4q0Ka4tzgLz5TPDZY8BGRKSHE8jpuc6cNNUk90FlF6wrGTczVlihQneqWNCTZYadBIl6v26nVoFnCmgw5dRkSITTDd4NsLYVPjECnvpoNB+iKLButIDWF8RmeD44cf1VKMAHnRJVZ1s282ch9S1HQoGmv3wAXglry9VGrU1iPYGajzPaDz1tyLqfc/KV6zEySdsCnLVA3lqFEdU50uM4U6CLFaq/V+Pap3akb8/bsLPEZBfEmFKpfjXWtheVqvuyTxBJBAzElltABl/29Y3OZ7iBOSUsUd3cOJTGy05jCovhCdcibrQufXFdUoj29nUhF+1OWTwd9si5azFtgET0GmsRRXJ5ygA9MmeDwdKV8UY7YZd2p6gdGFi9NU/269tIdU5oMw+71qtOkWaanth0q9f/sSBcWUcx0ZVX2yxxEnbSXZyYFZh5tHv5PVtkn/AItTxkMNQYcTjWJUd2MNEaEChn/hUdGAqql2WdRD8mdHxXEz5t4gqmH+Om4aEZ7XpBDsAD2wNBk95Y1Yc4qt3hJaoPJwrFJiwl7K0GUPTSMnsfFyy4gusje2UvAHWMIhq/ch/98lyz7a8Ms8Hm0tybRfTIiIGBbtlEzndyw6brOwvY34CGu0WgI6K3U/ovftz9CWnyk4eomPKgulT4XAWWUjmUFk5K+wL9sdF11E14OSE++llS2fiILP2oBqZMHDFR0x5O8qael3RLjMXZfA0GGrMXpitjc5u3u207ZqXlQsLAknbtSm+YnrnbbW42HDmOW+E7m5dfuxRMWNVR3PMX/HvHK2PhUIcMynUVsBWjF36DzXhDwt6YXJAhVIBbumbwJ4t/2VjS89Kfy3PfT3ehwiR17GESGwaXluRk9VOPRgXQBTKNdSjbsovcd0rkDOI1zR4ci8qQoLCA26vfkMx6dKgQfQ6zM12CqwAmSUFQw9HWEEXrkJ7igynLc4bY+vZaTZElCgPiRojznQd1ddPLPrKbIpnDquRSShqmQruX7nmP/krBk3CNWgTtYbmuuvCPk7NSFca0o96fa8+ePj0MaWTw5vCiFdzPd5VnQZjnVvRIRl7xaDYbGNkWuh22Qm/xoMww556k/mSd5+7/NmtiuQIb0lkbqfA9sDa5mL8oSCNQYOfTGXa+ddUcizkNOXk/8+CSDys0DEZzdCom+tr5Z59NA7vPCkwdUfhxd4lZAzJHc4gLeqDPw5BOunkA47PCCzr9NFNTXjaot+Ps8ljUDpfY9XXFVatdEvtPl/mTNXinFQpGkAqd4+hsl34KtmFm1DFOoRMwCncDCx3d3d3JohQ1xcITOrogXZusug8PESFwt3iEvdDBwZO3sBjjIimANK40XCEy6SzZasO1v6k5fF+nm7nZpwlpU47yCHJu3GZBFz5wWO3x9v0dRC0AQtfQFTJW6VrW6rfRUAvBaKluy8zt3vBPbEPb6o6eKa61mzYiDw2V94N5LOHjMsVf6Xs6ycYCxBwRjp1wYuSQ++ynr2YT2nTC4VQMtV3Tradn3pMhMH+tkCIztOvc/4QWwq1WFvcdGeec13mhaiIbJyAxBq8JA6C51ljDzIqhQ28uEh9IWkH1c7WkXYaZLAFbOXpB46NMgYxR4LJh5vTf64jTA0hr6v3sHOXYEo/ZcSAkwuGom4MFZwqVSi0i6zo/cTiWGn7SQ/F5n3YwqBwKJyxeXoVJ2W7/pMb9IFLUGSQU1gQEBDyBvPujMb+x9HAUdw3fAoekjZfTPDtcroh4G7Y9uEWqWjJHAi5x7SnzMom9bxVW4wQTXQBrT4aZ+ZrKCBTV1u5iO5MykwmolrtFQDTmvCJ995FrD7bMxPCuc8xl2ooZm13R01tx23wXARKf5JGWIl6QkQI+hKqXqd6fTl0UTlJHVIGL7wL5JC4Lgi6cdqXWwqqvfNLCDlk6Gxb+xIbDA5f2W1B+nZnmM3UrEa6Bewqccm4ik7GQYTLUIiUIDe9YxbMy5KURJ9OdUTDX1FBO9oJoZjNxJ1cUzSV27YCaE42AE3nU0+loLm4uRTD1y6ca4BooUwuJWa33uqfKRlJYP4v44uBOvTGVR12bMEdnPJpg3jfK2048S/S+YWo7h9bIqvKFlznsKftWr1zpOQgghLRk7D6MyDGxJz5uk5cpvgz9EmPwudse35jr12P6wanEklqy3p4YGHU+JdsE0wRcVd+ua6vyJxSWRBPcMPjHsfOHIViwDYw4rN0l5g4R+LFXv7rDMlpB8OPWPI4Sya+Rm9mGVQL16yfnP1yA9sTVyiA3+/iST8PGej5TpIrWXmmrng090Cukw0EhjVihhZwzSnfgAd9XTIMZ+aBi7Fj+KInqq9drKTTHINxXXX4VNEwpN4FiYbZ2/RksTOECYwpI1yx8oZiwndclYE4OBflGZYH3acl4TWeJwVZbOyPzNisVLqDIV4bCFrdNAJcvXFboenYl4u/hMFu7Bqwyn8WfWqNLLBgxi7ejEpmFb5oJHZAkMxYGdbBW/6lcJnh62KHwVlVWJribzpTLDx1mRRXjSvSwXX1dWRFqHohfBYXmPn+50jkY0RMH0XaT2qycU6iVSYNw3K2f9e3lreR+rpngsV0RpLauHp52+ypHiOwev6sXc/vXkF1JORkL/PPsKEMKobgWmlXBO65deccMuqM+gmr4xKD4yf5mt+CfZXfv69Q137KiGTs5A0Uo93UC0/9Hi0i1Nm6cY/VD0TQR4N5enIE7zGObevM5QtvQQOW/hZL11NLgGqeCV4dJUF+ZB10cUkszmttyNKLYM/NfzBJzK31IP5d0ovF4Fb6xqziG6rP3dW+jFtkp7ofnmtfYB4xQqMEh/yhus8hNqmCSNgBXB10W15tpJMFFp2wh5VBlt7K04VGF6doy1IaAtFVaMo7FmButygbd6lawLRxSYiK/CVPvVRJQoM3lrRZGjGL2KEMldjCjaLjk3cpnEPA2HK7g5jHj/xZlOuQPsOGo9tY/lj/X8WzlqN5+2OiB3e/dtvfnk7yc4eJDuTdy60Vl7XsxcWoL23lLuxL2qlHuNY9GgMV4qZQ4HIdHItVC3t4eJgQ/Qdlg4RuGDqOsXFWX0FkxU7lTfKoK+FvOmWaycYDptzuJyF6hhW2kCL4jp5XZbBVcQ1kIPHI2ZI3+JLwS6uZFfVew/AEBtrgatVR/PSTdhNkLvWdL6RqrYSUzVEbm5lXIT+6AePFG/8DEgHsgyYLYMFaT6xw7N+rie1gHJtqR10mENJXFeMFPx3inna+Qc1oxcyVjv4+0ebnCWz9JdNMY+oYp7AvjLDpg5FiKd/gNsp0BRRIkyd68esMkUqNdwhY1lYxDCzpmzWdCdf+NOZG75e3qGKdXqwDAEIKS2HZYOWEFvJt0aRkXE1G13xJ4miGoL67HCO8/MFXQWuVNaTonVf3BfGO+Q8dFKLNnjqx3V5CBxRVMqZfnORUgEhkBaWfJRltal9Zh3ICUeXPERwPgzO79cqGe721m8hkFSycE5za5AhDJtMQhgvZ2JeHXvNx8KBurrBqKyMihH9m9cPXKm9DLHwZsYEmho3Dd+VLffY+v/NQ4hjw16jiyAeV0u/TuzadvRFh/9sohkI2OltTJnAuasOW+ZwAkZZIXPSO2OCFUTaXbnplly6jLpOmPnfpb+eBGrOVOKkoN8F+SpU5+OzvBH/UACBz15uqYhTk05HTpXrYCj8dwL9VxDAXFZZhQvVQUPFbtNpT1TdDmZMl3Dq6jlIz9x5Ivck75g2/x1I00PwXq1z8mUaNKecZTC+V3BSNz70ZOeIv8X2UhbnuhoZNh4N6xgvstbBweJZt6CDJ2OKJGAyydYYrL75t+YCwWv95DIvmaHEZSh+h1loCeUG8RoEXfvc9tcWDG/r+6/jYHwL+Wyq8fY/IpN1RLova85mlPi+up3XBjGTkZevh9mCX/RICPeEm0DnGEx8aDe05M8201Z7TqAVWpiFPhyz3LMQMZWs51U48sodjISRTfJ080RV7S0HEC4MnZCJdI8sdIZ/EdPvtZeyKvw/X752StrKPXM247vvGpLdzbPUQJoEX2He3Yj/fDd9lk6ayiELqu5JJHCmBl+0BYOM6q4KtE6GDQkUDvxy6zdo8/mYbtYLIDBUMitrp9e4QdI6ob/AX1fhyucL4/GxEfcQbnsQ0eFd/aVDRxVc1tIoS86SBl24vHaFjnxUYXLWjGx3j824pTqzieLBZKRuTM0Gwa1I/j5fYwFwj+brIOQ2JbxHR6QiwjpRkDstmQ06CSZ/AuNYxQ3mx6RkTcRTm9uarf9xPRPGND6AdDcr5rGIyMdUbCAsXFiXRWxehi8SzOgk7v7LPYSTfFtxO1RigT3cY4MLnjs1p5RY18/sfL1orfrQALlazD+Jhf4fcKjJgnP2AGlW39MFp0z1BchWO7zCKKRm4Fs4fG9nVSkEVhFCmBZ5Ijm5yN1sY3VDGLzjDALL1G2L+BKih1+JGnzH4zx9DnTLm4DQ3n7ShrCAWwBREVX0FalrEEKo9Ro4kXCwNbLbAIpuFNwxM+rV+b1TGU/mAYg0h6Fszb8KsZl/UJ0DB3CzAiB+jsRuPUQsDXIqGrJJSRXDG9v5X3Zc8EsmYtfY0/VXcJT5iHfsMCg/qzhY1rJFMPgYwW0zGYI+fnCPCD1b4HUEEvwJ4l86SaFdxL0cIeGVlafBI23HPQu19fjruTjGLYxDvqfdBMprJXDymfvhgVWDtO+SnHPtKBcMroMXepU0zhGh+uuuMPFtwiZ+7h1Z9Q/2RZSsG79Dm9oM+p+MBhApHUur54zZQsDBA7uMPz/4zgbp8SvMrNSmpwzCG11dXDhqKyTH1i3Nl/EC9bbhsqImZ+VSGVFqMcXVuL/YiU2Q8GoRnQTlqnwYtFd1ioHmvLJBFCguc4as0ZYAiMGVCUCE3thphptE+EEFWrYCGeLxpicfxFQBkoSzXiMOvLgW229taTh4pCQO1MzG2+OgwC9DQTQXpKtgi53hI3SAHC0X++tfySqz6tG92btAl6oRwx+V/pq2JKnPNv61dxo2xN7jaXNqk0myHN9DiINXNnJlCENPq5PEM/6k2uSxz9P00l3j2zSWLo3Lx0Mt7uG7PVX/L6hCMaX2KlanDwuD0s6FaB/E7v4amralHcbJerNWOU8YV2dJmyyhVSqR0jWEzfkAMpxj78UxFDYLcAE7yFRwi6c/lyDF//SAUbs8awgJtwYmv4CpkhcOcplbTjkHu2If200wMxS6aQUrCcII8SPrCsPKSqG4QlEOND42X5NmONPpi6yEICDELYnEelpqcIEuUAhuoX13yTaPul1QXZSQj+FXQBnSrZTOrSDsvPouyx/Es0zY7cI73WCkmGw25L07ZUYWxIBdTMvQiZHro/9JnMFKzdExl9aVXgdvoOMr/jA/SNjPIDbgvrNWvXkIqR3eoh/4nEiRu/vGbV2VIRyhDqOMMbQJ6ZfOIW2hsu9SAQH2x8b5Z5wVhIQfFMQERjN6wwXRA4mnQG+cnaPj2kyeLuOQYlAf1A1MLNIDy9J3NHOahk7mQyMBHBbMJZjtwDKMmNvVa9VKQTCMPits9Se9whkp24IC4vpE2p5wNlRS5rCjx7vv5l43CEPO6IU90vbGYYXzY3U27T0UqBJAsuEJetiOavzjM+229V+TJDxCLkusc+bdwpkaqKXpvC7ffHMVS7z0yZJyn9Jhl1CmNlsvXako+lxEfWHt4YTez1XDJEgbT908Jrc8hDdQOWTnJR0Yjhj0y4aGSWInaSMs28zjyXN5czVT5mKpSLVu5/BlCdhc9spdmtptLQ0SfKBvd8G1p4xAoutZvmlXEjlNXIr/QHaO9J+4t7nuTJmqudlIE4f32ErYtL3XrCcgkMU+ILLnZThyJ2N8i+aLiVItLCMAxqAK3L1Af8t0C7U3N9pSlQjYzYDwVw6z1I5FZ1dozA2N2gQrAfqONHP7DAUkWs+wSSti1xl9tF2VV+LuU1EM/uQiBgfQyYSQXxeCaQcSLbmMqQjwxj0FyAVOvSBsan31Gg16CqVTB2yR+f0LXmBaJk9yc87VIt0igH6pWOY6cYkXVgJD44Q3kVEec2/Rvrw3hshE6awTiPRZ7VihTzx3juQLMm/+PXvngd5QmzhDU9+yWyrIEL6Al+lit2q5nEdFGDpM5zHVnq2IDtE3xag8ys+Qalt4zp7zwwRm6UZKN+ekBrmcvtGVaAG8JOiPKMgL2O68w2daeHuFnw4vKmANxZe8vpcgwCU66QjqrBRaSJh5QdU1fCmnh+easDqFP7oUNict8Vwn99pQ208fU197hcCC5IQrg/kAzTUdaMttU745IOdhhh4695QOzLwulCt0C4QKDFJKoxraTexe6xrpsZvgFy0B6+gbEgQVrW2sfEBteU679Gl5UgDAIqqBaOQ5+oHR0+JBhTUXV8g70N/0ADqhX1v3JwECRJb9Z3b/NnhVhQ/v8urziZxdM6zn8JMi17LqbmmRopUERWn57k5wDfSXfFp+zTfNLZFRWS1fWBCCVY75z5KerLISYbfZWbiPyIeoWdJVw8fSsQVCsRZXcIbfCsI//c01lwmrClgpy8RUhHY8NlFtILiNUmnPKY2+drAuy9lH6gacnyxEErHMW36bNw3k4G2Rj9snDMshCuuXFsdQMHPysD58HJSOAEZopAwAAG1v2/ody/viqpcsVN+CB9wMsmvIqa1vY+NuTo7ZsQ6uvh0/gpQYZnVBr/Hv85XcHkJfbXJr9910wlYklYHOBlYsXJTP7GwRAhWAcfvJ/YnBPfKRvZJnK+fd+BnDj1QuZthjMduMMX9u7XNsZxYdwfecLlh6agXnSpi9WlW5r1tXHZYkAaakWzGjMvzg27yxNdIENzFydvPx6ZUmSbjUF5LX440tQaCnGVkbWod9GPteyZrCOn1utyi4erzxSfvpBzm3aN/D1klUX3Gq0vKMllZLhdRV39Mw4XZbpuS+xL8czGXrJj2hKvDnWqBIAbion7BwJTis44g1GWGmx39YZFpxaJEfQvIDpewwnxlWEd/SIC6bEhJDdyeqHxdQUpzy5+bu5FRThL7tFuOvvr+yfciuSwmjl3ycBXz/MdwPGxvB/4CJRhgN+V/LsAMzxPe+VwXMxRXk4yKNsb/gC4RXUpDyNEHWQ+ClJxdIBg3O9USXCnvF0xCpefKHcCBKUo3wH6vvlwB2krgNpW8gc6BBBV8CuZhJhjDKH67rVH5EFFry1KPzwzuZJPO1HTi4PZ85h6IdijSJbFhbgWVmzxxdqTHgJO7BnHbxNWqgn+IxylrG0VOFepqATmSQyAYhgFjD2POzGf8E8IpuQKvX475tGVJfDKJwQMARHaQot6HbxpIqjp1X5QRcsS0PFTHaxZ9DzCVpNKzoE4FE6EWDEqXexGGgul1WbO66+gzkDTlDTnMc1vHs3fdQmErgf9e3E2t8ns9q4P5UF5ZFUxgsD3TrBKnbKxfRn385zSkyCMB10T61OzUjnD7rk/uY64sYPmpnEvUEVaUBjPaziE/o50Z588qiggstwCqErfizcHyIAIis1zCi6oywOXBVJRfCnM9KwmuZ/u5hIzhm7KfqpBJiIiMv5Yd0Kdw4Uahsi9GjC+w+abpstEXxL51v1Uys95GrmWqEWIsARlRb0EzlaqXgNdUhDPWPie0jLh5TzLh2YPxFwdl55uNv1HFOnlZSg8uRkqmNUGdavzgND9PHCT73V61RjyifQ1LbdFRmwbtZD6+27bEUsAekdv97LaBHGcTZdOo3n4IDFC5zH7qYGpZtWbvWNcNF2WdJL8B02VBEDvVzj/bch7NfC0mQfvQYTbugocKUBbUAIDWFDC4wSgw/ijeddvwpy2yQIcKZCfl5HVASZksmG1KWzlpYiSURO/ZVOLH/K5Ft8uJNzjEBIUJj6DeNUz863ox/ewoaT6o9blA1to1m6aUFXG0R2B+FK7I/vDxXREj8jQy+RTQMM56Gpfe3sGTFkWx9R55xFKhwtcl4jGcRjEmF96rRsUnJRNzXnbgmLRlrey7reIsYPkqVOdNjmcvt5P1HRKIci/AVZjjOWUumWlcXxRiiT1CApwPFUvJ4guuWZ7WBnU3IQBUA0MdGcubsTf9IbHFym+2lgHSi+goU9WHOuiXqxa3TzHGVrWZ+46WiHaVkWIBjHbAQt5SitkdTLfB5z1zFWuJnzbzoJc/v3EbRwbvKAMRaMTCEbZVjNTW4BBe597oKamXOYvOvCOu3yzdLvt+b2zUmhBxYs33S0ckTpR+8vkEUZeTeqa8Wnl3JPQUunj3xyv9eThmDBtavxLCNv7yyUj5iphkq4I7miVjAC7LcGNaVEFgRqw/vyJDD3XFZngTCAMdff78SI86iSdsKM7juc7/PI004/5sWEa7gzH0/+4W/7Jzf7slCojdRekiy71XrhISz6C6iC0CVr6neTXi817pHkw0cdjmH/DGvbChS2Gt1FLSdUOIHS8itRyzY9rpcMLctsr/jq3+Hb+CLIe9ycB7DuCbfQKWAonG9EMZ40sZ+sNQRQGtS3BCj1Fq2L8pLv1vnMQpNU3MG/14iQNI2FpNZjQq1PSGpqoZFuX/TDQChnDmhmy5jGwji4OWOJ+AWDoou93Aj99l7znifwsx5FYVYeCeD2C/hTHp6NMxyv2wW424iipVzGSZFZ+CQF0vHPytnGBwFFk3hQKArd6d6x5m50hO1/Jfb5OSm+DWnRnOnjJ6wCqEYVk/jjBAWhJGLpyg+8SHuvssEjXy1HTUcZeapdBANKGMHB3b3TZfVrCuT8O8jkfPrUF8dLRvDkipdtW10G0xqk7+nPSfvxZGMdbIuPxaMrFIPNPjEJOEBF4bw9tiYha4TSDKC8D8YP2PzpMOCMV6+u9ent5Wn2YrgmFLTXa0JgCUHYdtGnMkJd9skMCCQf3AhluGWThBCPDoOa0m9ehnfw/JBnVBk/uehv/dTe40dBLTc56/jJpnduUEnBfBHFIMmyG/G8TJZw/1l4vGMivqdFdZ/1sfs2VQgiTLBtgs9DJxkgu1KYUaG7Hlvxc5JDFprQl+SHFZ4s26iih1iXhdEN0UaPhd9sbDN+H8+nR9e4Ef1OZoZHKgHPElVg5Tg+rXlkKWMJU7dWdilKGsiJdFQhlGrIibUDj+BOtECpfy8SWzXz7zHRGgJrseplPrAnzSM5SQmfDIOyLvbs3SX7tevcNsmjAIPSVpAI0qgpS0RALkdLSg0Z/NOiZByMFCIRjEufe4vmAYJjXtF319K6Vsai6j4NlZr9J9H1YgxLJcThw+nt5z+JLEW6mgzksgC02kULP6antGrt2BCHO7MsoPA007FE/RdeAwpbneqv26dveASOYJJE/yHW6OkDv4IIkOE/sMZrRBtghuW3jG3ZPBuxrzlA+d71nylwciLaXUH44wMOPk80+MV/kWtU1sgv3XSIV8M7McebU39xt3hGRUTqs44mcL3LRbOW145cfeHm27wQ9mkx6rPx16vBpXWzzcGxblilupsIJZz2eVJeojcYpu/pNnqg4wSWpb+BUyFuenajzOuh5MvMcMe+TsEB3GCu1HPqMkmzOC2X8KPAweWGC3pZq1hJJkgQ4Lnian5GnUq0F6yMNN5MbQgEQceROsWTtPpS3srFbXpqRPV1F8HoYPPMvUZPlLl+OB0pLFOuA9npLGXagsUwbsvpsZ3tsmRcKzx/IiI0xiof9K2tVeWJZWF9d5g58PcIoxjOk3KRko22ieRR+D767pEoSLefNI5zHYm9g8O/ijCW3VQ6zO8C9ZHCDg7X9j0oWCcOrpQ6bpXYPq/rK2EzCDCeHGyH1gH1jGvhbdJFf1ZLNXQDLQQ/iHKCoZKVvQye1Bo5MhzXicCda4+CKwy6fXDOJ6Fe0KsQUMPmdNebT3wb52wXmV7n+dkATRpaQUj6jXEtgV0dLsf1yDnsTBOuiuDLHrVWsKX1sDyEqfJRekS034KVvxr4kx1hCmgEitAyP4iZLLan+7ilsbbKhCsMhRLYAdC2JUAR9BZEtRecKa5DsVwOkxEiPfq3ZcxIg+dEiHI6g3CoOzKvgG41aDdd0EvfhxGduIvu4UqFA9wHAqYBiMDCmslvhmOHBo7RxnpiyfFkfdUAWUVG8aSe0EgpWiu3GOeSk9E/6Ydl5MgOEXcZ5X12wql4Qr1SdKeg5K8U2GluOMTJycfGNszDii4KG+4jcmXpgGd9oS0vryh7qpvB5j5MrHqXSeMud9KSVwZC3PuuT72lf6bShW+3Y2qJcbmz2RO0ISzLCroa5qnyywl6K86jKtgrmzpPwPPKZ2QYujWykIiaeHFGr84iio7g67NySMo+v2xCq2qHhSQ120p/Hm4VnbHn2eyy/1+D2nwJTEDKYL5qq1NoxQDWX6KAuSSmcrJ840rbvw2mBCs8P9i/QkZ6TX/pvVpG4WmjWh9DD1vqyDxhNODsZVrHaevqEBth04JecwRRMkDihS0Hjs07RKYEO4eiPw6rH5QQf9GAln0Fy4sIKic1R6ZtC1xJIi3oi3dmfgr3oxjC6f+2TXNIrApfT3hOb9W3Nwi54bbPsv0aMJVJ3Asz8LRY2Uilb/nDM7evzB/Y7Si6CrHomfOiXU3Z7mAz6+Ib88u2F9WsWyDiTz7Pr3NGc3hZzQUx31a5u5BPwRz47PAuljKw9rsCDtExU/9yC1RWKpQnFK394g2dvtJpwuRfYR0a/d6NPQ+YmZWm+gM5EThTABcZURecBHFL+Rsss1voCSAd5hRrIbDSdygiHu1yNcfDOK0erSTyulnxI08X59eH+jVtqgOu3c1spUvGFE1jsMH6M5wnyFePWeicaHziPzcOjHHMQX9mjffKZ43RzAUecw449He8tC5BHpiVHg5OXZ4kC1z3aEsA0CLiP57OrWx0HRRGxg7n28diLD4ICNKGtxNGBOEANJ22d06/M/c4aImikJumFLjqPcanE3u1ieROingoeRcngtm22nxzKyAWLPaPhDNRawvZfy/5bipXT66SjYAQabu0WbUvCEvNRR+BY+NT3GuUbQHrDlY8iPCPEa8k+mqyLg34LsknPy4zPnxkCU/5XXSIEguY1tUp3bxZPeUCpuGI5pZjMgnkSY0qbEbESY5ccDYX1uzCVOw2BKrB0K2s3+a5PoJYaiwmhY72SDZ0RwwLUXwXtR7MYXbmvPK8CtoLy0DF2JlgZY3AW2nntB8KdDab2SaQis+jKxcT7R3F10LbwAFxHR7fZ9267kxtF+zxCSF4iiWYgq7ymx+MWnAvCvseT3ifLcJq7AhDf/zZxVFS71bbIuCFUt3bhr3hUPaceamn+AyYIdWWVfP5lVBvDOVES+V8M1gnzqf9a8CuXxz8p+cXJNwk3+JMomfyCbjwltaalThCR2fxBWllO44GGRBt7ecCzn/vgwjeFcyo0Xt7W2B6eqkcnSrPqE02Tw9v9IOb/xwtkGRo51unRyUYxF1B88mKmwtRQHe5XMHJ91C8p2+2AMkFKavaR4WjBiXhQdBTEAAE0GbYbXopaTZIs8lylokQTv5+tZF830Yewhx6iHPUk3Je1kWATXaaf0Pi3iVLhYxV9ua3OCW9uaqxZgfBhwGEFiCWAYFW0VJaPCCH24fl+xUBv9yZHobCx8GCu+0OnSPLPedvDltKJtdMpS0kMd4IQvt+vsjwj+Oozta3xUd2FQfF7rMEgBIjGCUJYjXuJ65krvllUzEvb1i25uaVjVYXBZOCXHwaarZTOJEE1CvdEQUSw25KxSdHMoyRu0BwZxFuUXI1rW6XcEtXmMPvNm2FXFKMSjPuNRKW/aM4QQxeIH/NI3zd8/wOoUgkKlWxQ5YouAzdgiaMkSUuAWQcG1QGQgPtaZ9jwW61LGV8x0WbEn9PqOtuW2lQzR8dgL6hVZTtGArn5bY2g6OrAYhTkwGvEcl11gw5CpPkNsNeS/0wNOMIhC2NDxzr+DpjTiO0dQ4m8fKCWO2kC/gWu/74/U4Sca1FdSVJagOngLZCVOUI+JVeu0Zn+Awy46HFReN8hFTAxOUvqxOOHiEAWiI4nCIdH/JdXxJ6EuXzFIi3vgZ/7rDt7xVuMp19LnmkrslFVOC/nqkUoDnFLhq3Tc2iAn3EgKYE9Ox0fr1jMRxxqGtVX8mFOILoQDjFtfuueWV2XAwNuf9PBIo8wZqxqFUw5Un2MsR5+Y2SlCQGZe/ZNi/br4Jf9H96Ni+4ij1pqZ5hpXuAl62L/qPXW0pyR5P0EMheFW+ghMbAtwbtHnfI7WaYlK6PG2Wp71HXFQNzwdYlsrUeEcAFtpEl/N8jOSuL09FferS/CUycwnwiMcjKHci6mP3KLHx6Los/t3F+38yL5ubQ+e8PPoFb1DU/BiA0EpCB8ng3fNnzgZHpTWk4O998zMkom+dzkuou1jKDvJSA7M8Xo7AYpI1v+614urH6Rt9EnPIk2cKaQOIzG4XdbiWv+VB68j5W4E9VlpE7gA+iHKVMwb0ZKwXYaewbBoXpsR9TPmNbH3/DBSVJjMFEAxwJVuh79kpGpEQXx7edd2ARtSaAqwva8qyZfca62B6eyYVDWCGtG2pQHlHOtkT+Wd1RStGksDGdQBR9bFRFLjMKy7m24cz05rnmc3CkLOIaMgiqOy4/29HVXyUE4senNFs2MrQzn30wa+3yqIaz1LM5KOIhn4Wa1aLT0YdwsR3KqetZOJN6zyXTLm+uqaAJVha1JOMgd2/22DroEmfblqSxqVFyN0oOqDzzz7sXWz6d0vh6aTwumSSalbWC/y/A+wa21HsBf0FO3D83I8EvpQORON0MFrEAy0V8BsUdPSwre0VyVMX+Zq1JdffZj0V/NGPLACoqEcFT3aKrzqomezrvhAAo7SKqHIEovoPKuxC2yqQcxVbz9nVzuCDEGi6CORGRjmC9+UZSz8ou0KjYllArrE6pOSyM5U7jw3253H2uE41i8xs5YwfhGbsyU3xkYYyHZmwlRYyBDCmypmVdrJaSsQztYd6fZAkLk5A3ZGhuZl+7XYDJ5LUnMJSrN+htJ3jDrTER8yDfzcp7yPy7X1OqLzgjddbT9Oo/y7sIPPIwIbObyx70nZzT01RPgSIBrKBAfNfD2nny6IGDCh5+K3nhY0zSiTFkZRj2vomETUcabEuPUJnm7v4oSVZlygoYNOEH6Akv6jhkhZHTaYULwzoN0i9xCFNH2FxtCbvQjiomrdhS86kG3La8fYSYUnyQXD9v8tAYch/UopYjleWm0ZpdGVosvZagg5vg7IZmzJo6scTvTG4Bax1kDnKArRGrRTElQgjNw2jWnOEz4D/pVdAc4e8l52WszuixwirvkaeXVoBBVPZCYapDRvamjPpGEuRsQIn4U/4yA5vh6k1Rth4/m96n2RPsXVZ9uEgPRxQG3wDLJkn6wCJluh5hQSqwN3l/RYtI6e/5jai15mJxvPYpFrtCzfh5spra98u7uz+Vs1xnqzYaS5Pr1fnsfp4xIKI5nT7vMKBWVjlWucroAIf37vq5KmpcRrsOyed18i7ZsYKNDIW0iCLs0brFVeygicBjK5pqVF6zd3TEO4XnkmdvNHaKpQTH5r7oZj6XjgyVoiluvuIuR/Fi1zghL1OiEtsKW3Q5j2wf9T5IWqAwWqg1+yBxCmvVqf1DJTRlNgwu68JHMO5gYMibcNuy2cj6pVNFg6ofCGOlxDeuyaOgSlqY2z4rq/U9xw7DD7NV4AkN9xC9Tm4hiVqc+dm3aSBcPJaxLdj6rx6T2Cxz5pX7DAa7AENvk7ig2SC09OHNOHtkYmk6jBQeQ/V0CyYwePpT8/k5bM3Pg5AUPhP1Ym+pUpMMMJ2vkLoUsMUsJZPmaQwo4HQ+bMxIpCN9ex9wuNhoJndDQhPgGzdU77+jLMy6SmwAuG8QhAfnA7vHMHRRkWsUwoD54vYSbhAw+BUd5QP1H2hk8weGFgNlbKzWejOsYFvbu8T/nlpkJAgntYso59S0BYWK66jWpQ+4alit4TUC/t1YW3dKsRc6ZEyAanunHfXgtGsYJZwc1BHroHvNcn8RHxgcbTiPN9wDjfTK8hyLmmwNzI5ZzeOIehvIPOcRiLa1tKI0EhrHKEHV/ZRaQ1Kspxo31ky9Hd3vKC8wu1k8ntCOqbQEnvpSr3/1WND1vM2busFwZTKI53hWiprBURbi0YgdLpA6jHZEvuHJ7Y2PbzwkVBRnYmI2nWoJe6TrkxlKjJEo/L6hA+2F3BVJAOIRcffr4GKpEDPokp/9E50PBNoppmL24QnK76aLBy87ahCTPOp9UulVutg4cV+NTswwd1OF+iUzISRwc/qY3otV/UO5hjn+LNPi/VdSKXxsQEfktJzOTPTEGCKbJVzbQ+CcIddIhxtrBFXtiJU3N6DdmlrcaYog/Irgj8rL0vDptZjeX9aaJL5vRj7KxHkDMxBVobhPMaxpeOY++8uGvBL7qTErFSKudTVyiebVUG32SLlTVO5mLpXMFzcWuLn2b/aoZ1/P2afHeTwfDbNFsPGU43EwHvKyDzUtKx6EXnvEbHemuZtT8BScwvxHVdqNZfdPrP4m2XotKgPW9+fJQB32bbY5WXdC3ceSjFcmvkG1i1p/KC8VLg4LdoAfE4F8Jgt1bKSKx9roQqOUHTqbGfLizVuvIiOCg59TYXWEIjiKfyaMeZxOTi6LWOy4d7LOT2Z3nK0i1t3DWfVWch8UxSmV/UsfHmDWZi/tEdvYhtigHQVpl4hGQw7I9EGTRG2kJZxti1oNFBfUMraPRl21zioe9n4Huspr3HectLhgj9Hax/i+iww2x/sChICxe+LSHmoY4YdTDV/0/u56Ujjg3u3ziD76g8D8GWUfDx1xqmp8J+ezE8FNAryK8jIuz6iW5gLWSMrgD7dHyKTm8wsb4cY11EV+hUnQQSgP/Kf/w8qlgHbliUYxy5CEe5DGr9gxoQZhiDhBLOnTotSvGI2+Hdq/LJDd63D0nWWXlOyOR9kUll/0UhwkQy1UoNlbQJojvFIOu5M/tL0z+ZlfeW5tdpJVA8zUvKPNS7b8b2n9S0XE7HFqr2mRI99FAYOWg9HVONZZ6acoUK77y+vD7kAgFjE/h7ZQ6z6cRvIeS80G+DXxbVp+NpGL85dAMDVV9AJjv2ywcaK+j8qMRgMq42QixOxG9jnCxXgUdOCK5lV55syI4Eix3+J//pYFQdZw1e4aeXFrN4t2sfXMc8cwAxiSeuGnChQSA5/JaDwaIyu9gpPSKKNXTJj2jHQYFlq3/NNQO9PZe5bRBXbeDp1I3kJGulWbi4W0Ge8OOyvQ7i6wGcDZ/1mq8d919BQux4LS3kcWCQ+9vcfUdYccnMFwJEEqI+TS0UOsmF2FxLhesE/0C4Xt8dBHdy/02t1+sJK4RB8DNgf07+VvN2bPocsijtkhwtmHD2uj4DUBJbYunNAWrYVm9RqTVnDTtnAxzXu6ZqJf/YLcpKtQvcPrkr2MNAvljODdNo7rppE2HC6o32IMzJyPbw1A/z42xYr2R2sFiR0WThD/UXciN1lna2Oo22sn7/H07u7q/MmTmUVZD5sBEx7EfIauyPm57tNMZoQeTHrI2wVrJ5FEhOOXBBx2+i7tK2v+Xmvxo5fqZrnd+frWYyD5tAqguXBCZ9/cXzIuu0inhc2qhcu0eN/6L46eEYXu3BDnlemnMzyQ1wiwnLE4ththJ5ZyzeobuTrC0Twn5vPaR7Am7iylC87LtlQs8m1yMtUTLb0+tZRfkAS9wwy4FpF71EH5F5sOSZ/F25+fqNmM36rYFwsdzPYWDtIXqzSyrQuskzmdgVo4mIfY/2HxqCkAVEXMbrjNg4DJgQw/fkWYmSPhYxvMaLW1f2yI38anBuwbHzyFqRQ+eZqPgmlB2YTQFzpndQQPlVli+eDLQRHLR0VpUR5oQkX3N99Qj6jVDLozKKtqks7Lv+2TPuLHxBLL9GIXv5YWRzOuGnU5pD27R49fClSmH6e4btY25o6NUgn7+PBEdLaHZ4pSFHOiOSn3onXoOfd6i8HoM8liut7PhjFtg9w/l84/ZYavDc/H3Jh5eKQ+3fkCssri1TouQm/69Y8xeiuGcWhpA3EtU9Rzv4FMQ8dECT7kw9v5nWDVtewRyCafvEtoCNS+zFcTYE8+CNpglhwRQh+bpwJjkxQ+JOs1v1DQAwcDRr0kdRCvqdxslf6RZ/MQgQWja0xXxfebM1zsaNf0m4tCm9XPlbKfLiJhmG3E/eEYvM2D2rdKPaGrr2sV0z8/+SH/zPaXdhjREWCRJ1uvEIZyI0MSCGPQQupP5EC4gECKnyzd4mqeFTzxJ3kYd9Zl/yrc7Fp9OSOn12yxOOdU5CseZ8M1zhp8+b+N0Av8dniQ0cs55hgLk06ZLLQzRRV3Xg1Ed1LGrQOAC/Ofm0iZcb1kKWvaWIt3E1n3WUiIoPLsEcxyLvTjXHaISESGVkdi92zf7Vv+ZpudyYfLjkCzJL8EQbd8XyCYX43KVPuznjNzqyPj+X9MrWz2/I8SFBFJwNyVXj5B6d9e0W2Y8ifCCB2xowOHne//+FgRn5LgfBB9lwlSU1KBdZHb/KvZS/WoBW5Jx6w4qnpu9Hr8C83KLtKG+1VukhFxblEaDQ0KcIpfRnU9s8y1CrnP13PnHtX8Yr2ZvGBEXkyX1qUA1KskC+xIZiZTqlgdfJcSw4H63MA39VZA4QyGnmjKMbR4oeRkKOb79vvR+UAFeoA6oW6V5oCeyzgOye+2sCka93TWyzNzrgYxsIi5vmt1eqSEgfu8RK1TI5K0kQMfjd4eYLszO2KYACrem/Gc/9dIXglntOioLZqP3TsgQsHAZbsV3Xjt5zhxI+XM50VRjwWcBp6sRtL0cXySxb874Z+CccuhmDgL0zHA7enJUKOW3/WH7QUcFd78NYNFqqMZwme+f+HZacbG1FfEY/vgiP0CbqkR3fsdzYq8btEzsYcylsXZBYjl/44ZliNU9H6akbhBmQjmQq4wJSatYzMz15lgNWqGxwZ+sBEY9Kj+HLfYt0hwPDPk/npz50LRQNSlovZOqt5dPR3u898JSzrSLE4jn00LklFs1bx41PIxOxzPnSblMkgO0aXvhpU3sc4Frjv0g3xnSCU5O4S+nKBUhAe/DIln/3NmVH8oDobdhMOv4YySlRvcTYINASkQ6AOQU2A9Hn4zhHKi/k86VH8nNz3kbtWkmPD4ZaUZHra9Dtkou4ORIDB8GP/52cd34nAI+RWRh76//YHac90Ad19/THT3yXkcHVxpiQda2DsgvA4Dxmj2k4ZmduVvt94gzROaeGoSKN39JYkPTTRMqQM3FKeWXREoym9J41GxrMuTXTCFQm42QNwSGyRRRlp4DPsnO2HZvy39T24eYEHHCYT7JM1Nm3HerO0WaIaC2bX2ZCh6FGZFoVMEkBpGQAphRir/if8rPzB9w2/zpTBVXudXlKwJr6zhfApHzCEuF+HIClGQoD/Ko18I/QezFmS5nT8dp/1WDD+3mIgNGh8gPbpi1Avf4V6htBMM18K2yJHkPT6YDTwLI8mGjKaI1mOuok6l+XZNiuAcYcJ531bYcB7cF1qb8xPnojLEDV8ffR0xeSxEQEg3WPkcx3GrUs8oloSrzEKkt+d552gG46Uj/TY0uuPt6xQHZ/F9gB5sTqSQNuGTO05BAhx1oeHkHc5iDh4zUNnZgwmurCM8SthUu41sPFYBRhvXPdMAhuJ9nHNRgk1Raji5+UXo1itknbgmK/GR+RJ1pEj7iQ5d3+ac+y+0zJ7We8Wk+CZrVccjn96gKUAUXz9e+DbhkL8w/8j7HZfu5CHrvbrjgvqbatZws74vjB3gYX0wefR+Ql86R11JjVP180GCtgZIJ+WzWA660uRW+pCSGrDQ6SCK0KigPrdGpRi4qmXWd6J9E/SKDgP4CX0gpxthX00FaAg3nCYelNNN7SK59hjITke77aWPZ8FNucJ5YqUS49/+LU7HY9l0vmdJMAE45/e6Q/+7iNX/EQUI9or6YbmVYVtkyG6Z9OJozCwEHIrslBI5IeB4eSCek+qbjlJdEXaxOHJOdqy+fKqK8CndNTWRhd+ONTXV3/L92W6HdvvnaQFGzyVrOCUX89cJpGMOal56NZ7XQWe2WjtLx51GJBBPijVb0ynuXeJMbBezn3zsGKR4VyYOtG3QOu9jDc7gBISpaUt7lpbqHvuGp9JKe0nMHtWyBGzorVvcNrGHVi5jAesoQYFgEG/gKQvhA1KiOTye1hCqJpJQgH08lunC6yquhgW8c0BaGYRxC4gwJU+mUh4RaSvBspta7WMoi4TgAq1lJ/lYdMRCrT/i2fy6GvJ08HNtzdLjOC3FNGUGC473muBeYYo7hLRjUpYz3CQABXoovBeSbtSHJz9LFA9XoascYtMK7QGAM1FO2Lq/vk6wMXiO2wOlx+RQC+YVp/pO5RF4HodRSKGzkCxupJipAMv9CLzwG/K83JCTAADogpb5z2Cmj7/yEvEX6W+C4GqCL/+w/Fdu4gyggAf+T0jv/PgfIl77hCeXulUbOAvsDOwg2Qn9AZxyH7+HiqcC9RlY8AorWaQA41EHkfkDlFv7sCE0BAX6vzTJ6/toeFXxFY8lLpFGt4d2x2xhOcJoKgme+HbkZ5Vu06WD7CQE9p3wXDxdCndXIMfRzot1/1odsVX9KzmsjFjyUPNrp2Nau8Hs4vJ6ICeSf9EYK5jYBDvAwHiyStWz4WHxTaSarJTmCOQBHCODBFmlRlS6SBVoR28DgxCV2oZlkYQACR35egvDw23q9T6KvHFVnRICMeXwGJYmlNwg4yavM9Cdw94xWz1GqMkdS9R6hO0KAOmISn9FI8GcxI00SuiEqUmJh/tRnNmX14t5Mt2VNA98Ojtkq0M5s/Z64zQv1wb0K7GWd/ti0cH1fqPYpBJYNLjT8JWiiUNKAvYeOKr/EPGfY61MfVgK0bUqBI9vRepJKTgpGolGa3ytRgugowkkYtHyamCWrNljRLases/XobpR/GJDKPTw+fabXxMrVD5A/BNwzEgcH/bbico+e8yynmm6zsQcHASTjYMaGqVKS1Nd38TpXCaKUjPMJAU9kmOc2nlpZQAaR06Ruse37g7Ao2bz62tMoy/yT8UHTeoWOWWspjhi3L/R3sKfcfB7Ld6l15yjrgNT10n+mIbO4ybT9HK56jAup7txiMPhwPf7lYTVTYtxeMAzlLKy3ozVp91AUhB1DCUBh0k8YkH0c2MlKLiPPnZ1+73RARGmKjZzPnf2w/o/OxvMeESUrz+jSX//mzJFuFHb+opemrgBResoIDVSKCaP8mytNckb4KXqpH/R5/bgDGvHGbsab3YILA27D2fgrHY0B9rzNFJ5fx9FyDyRMQddZJLxSHhqhAyo87N45RvZLuGAWZ9GzYRFvrDDukcZUowmS8vhPv+rY7UlvL7TzjX0hQMgplnpL+uhEAz5Xn82Jtlm9hFoPr8w/55VkkCRCw4Ut1elyBnYrKh4nkS1On0CFyINAIM8yOOwAI50p3eQW2ReAixzPdkDIXH2yd1BWukFUTDCpAl/Sr1FX3H0sZm5FuTL3VK7kFslhgD9IKLc0+Ujf/scqe6BWfAGlokxfYKj4Mk5l/qHI9X5m9YpWvIT9VufI3DdgLiN9JsWXh6L+4kyk7XRgr8BtUS7xw8SgSzQ1Dk/2iOcsuV83c5yRNqYgpojIjpvVua2lbnbhsHEuD/i5YW1OSt3/GHuZ0JYy2yCfSNBHadtnKx3LPWUz6DHGvDJK43q2UJyyqAtE9R/IohzXJgF5bwDBKFXgsF4TXwxjzKrpYdz+VInn1uWhwQ4DJLHP2opvUV5CiGTh+qDvjMxp+ZrLeDLe5Vl9T12alJvf1x+KMI5BFKF9OAiQgnLDIutuF+KjrZ+sdz9i1KIA3APQI8zxJTFdS41LE9OTo9T12V4YFfGfceWtqgSZK8Ca1Hckmt7ijNcU5ggfHmoh6N7EhW2ayT1bGq9TThJ6xQGzW62yme7gV7HBOKjXLi58RY9TbBbBYWXZ6XO/sIdofntmnctlcZ5YS8XqSSdPWpJ8Y6uafQ8drHZ/BeEdKhfPxb9/8w5sY3vuMSU1iAB9EaFWVpSRz6YaeE50mdgHoIR8t/9HLeaoJPdmQ5RceQDSDIa+pZr0wsw2y8ZMwNFoovj4rZ72W9s7rqoeHXAiMpBwiFvYziz+UlJi+qikINLeurzBJ2qkr6KRdXJzYiCLJHIip7FDcsjZT0krYkVtb1tKlE8Hu7LlYT3kx9WcqatqWH2Kd7RR3nZr5pJ8AEbMAkjNgi7XNVOtlDjydQAqm12ngTklJklb/nGE6JF2QR9zO27VUW9Bp5NPMSmVvdNmIuKl2D4ctQumUFcZnuUDLGHwMgQL460+yKkzwd5kI93W9IGHUQFLQ2K4r0CquEaDYsEM2eOcVopYDPpPOqD7jI1aFsYm0dxJ6qWLXDwaJZyd18DIEZOZ8xkn4MmqcABXCHrNdZGlfPSBjMyF+/2AgXjzva7xqo5OKkhF92l5DlxzIBG9L0n/0rfL7WUlc8QST+aqaTn2qyDm54HZC2ayNzTDlwQwRgCU5BFIPok0gwUf1aNfBYGlNmU/9UrUqEAjAmbxJk42kYXaaAyr+GzXGh+gORR1EyPKMQa7N1CZkB/aoFwib2zjbD9N/T8/X6ktjYqa/x1MmCiQHFQ796Mt+DlhqX5CT55Nv972jWlA7JKFj84YPOSfHBEo4Bq3Ru4q4dQ1KyMBR2/iLHBOOAMGf+jIIsKnlWiRBnkyP1L55TLujHn27b1GyLywDGPHMnaTONU5MXvKIhaqtbwFeQtUrA9kkCY43ETUyFpCPExlX9uTeP1J7te4YFZZk9Af6BDI9QJ/DQqGT67uM6szowUKHU93cFq5JsX6AiaEwbglnUhfMfLVizQvZPRvhNzW2RqMhcnFd8Vd6cLeJxMzl+EAIMMGHnWGsLo6oIwBwYGVmNCCd1of6Z+GxVvio9IhdzHikMwTwv8AFRQPkCf57rkrzirQyW3jhp56r0H3s49fv2OhQcld6L9lkTaH6T8jvYWC+fyO+KRkOPp9+kGlzB+dsde5uuhd0psIqgDGLY7rmuLUm7bmLx6BWPx5LwhjC0WVyqoW6P+wbXUqLw+JMSZhlTH3t/6aie51fbDyhw3ob4FEe31kdJ0ORFAqG1ILxGix8Ucoi5kXaNl0ClYUn7Spll84ECZR8Qpm+Xyh+MRladlP2xoaTP98gBjgj7Puh2bvOlejwyhxVk/F3PVCn7DzHjbSaK3M4KM+IXkZkLQ0ADdG6pEGWdTzotqEHS+E1AtG7NhmY31k8tRN4TcNNWP/R8Qj1yWeHe1w7D2CnVdUBUJFrh0fKnkF/yVSTPm1iZb/8WvCqEv2xKdv6B20vHNAMrTgPm7F3nKfumtrBeX0lsHCOn7ZvxvektPppL7rrtBDWMluy/jbAHdBS6QFHL937gu+Mh+JMS09iUGV+JWCe6VNBfssLNwWOL2/u0fBr6XqAISkXxfhMHd0QQg56vzZygzdo1AULtyWkzbM48Y+sMH5LncvZbQD8ykvKHROn2COREYDOzTPH+29AGYxrU5D7tRZrPmudVk6XAd672I438B7YwQNYNjlOBf31dfAyOl8Hfj94xaetNd75R441B3c875gbUDJXfcbb+azKbeCkL5EJrQr6BaaYxpkzh6euqbJeqVf0xi1uQ71jZvOIj/KF2Q4Nxs0DLAwzCrglcq8XpBffcF38eGh+KjvFMx/azP2VAGkbeoXxN/hx02seyt3jncjdupnaJ8EXoEVMx0GsWlOwpEz8ujXI9Tx6OO+8yhLLshLCAmMn+tHGlKsspGbr6+wvKyOo+7XrGo6dU+Q2IdaIZLPC4hHjIxk8RN9yxyc3xqnpjloBfcFwkJIiFuYLhF3XQfoE0xxQRRiOEGnbEbaRQvSeQDUfJvKXOjc/mbteUF4AsPyXCTwfG/Br/BFNXcTLq8Ru+nXQH1u1+XATXxP+XAhKUn+B2WLgqdZG2+DgyHJIVvHN9J/vz9x03vFFaOn+LVORKLve609O3W3HYBvMovKAq3ArtFYq3fuvIyMltYTNZJ2/A/+4cqCB92kk+L7cAxGk44Qo6InAyIlVNiXuXcS132qKBuXaMru+aBaiH10/O51twGaKHYZhF3npc5g5oAhNut3+qXYm4aTuLFMI9jeYV3L8wHbok5uwsUFfeU08pFTBwIKkpNdPsQvGWu6Y+0BR0PzS13KMZNWz9ce+7BrnKN+IpDd9GBQnGCnHDtAivZk1dJrRu3weigYBBbrrJy+dGJkNNXQKDWz3j0PrriQQBRu+sHY05HBSNTf+hzmx1Rj6KWBHmwBMy/bwAWcu9ppNOfjsOOW8rqKCbOYKvmumP8D5HbZoSaCecx7sdO625GtB3A42Lw1Xq1ElV27F1PBDY40+FRUS3V5MMKDLZHNhUbz+qKiA/3A2QLutISTJgcb8yXzj387nmMaup0GE+aFrnGD+jSeVOlI8FrI2kxIge+f8SrKR2B+OEzSTb+q3ykkHIZZb0G+fluieuY5UnGC9xgkBSrXdJXGn0rj/a35AXt1Hm4ZzzUf0j3xVRXLPUBBazOZ9c1xdcLNSdG/IIGkQbEMBNSLJYHxmXTmtRtwxTOVgIi71X8y/P4ElGp3juUOhi6JauV44hkqCd/Xdi3JIvY7rs6p5n0X6JwI0r1qtPo82hzZSqjGdI/mbuv8O6CdlAPK0W3rUuVyVqFFM1gQ1xewi9dmzVcgK8vnqAA2fVHzjr2GCMiZp+pWbnaxf6xwWNjECQ30XqcE4UNh7VwMFtsF/Dd4ks1sJYu9+q2NjpyRXbYJKsfgZziyy5xQDQbmhkN5/GWoRp/aqgsBcmt11B6C8wHsi0rwyZB0rIbL9nQdZxTLRQqO5TIiMwC8rIDFyzhNn5w5LBXkm8YJAUxo1SQ/OCyGckDwhO/PSass4o7zsiX1tK9/SKuP2OHolPfh2+tjdAB5rMFcqfkcWurvqZLJPzULnJFvLc+AILBdbSdtXomDLxtaWGNQfM/9Etc5JWP5vrR/7iVMnpqN7suwiVIN4B52PBmS3XXU0oZrw8FAWZIuVQ9KfPbWhizDRiZZ4/y1b6GSQorriBdD3CAFX9CJisuzWL7fXTzHrTeKUsnhmDQAX6sufyXuqbg8SngznvbZ6IBfR2odPf1JONb4fuvVkydJyLwktgl09NGGJphVLPXLLwWM3dw9Hk9Y7cS8oRB6xtmg4rhwH8d1FQSNxFoNk1WAJ2rQLgiKG65IN/Q/Xz7MiU17/H8kaOc0MgvMoTj8TmzECSr0+YlHxXT0+Nb9fCgAAB0qJ2Nva/I1FFrv74NwuRCEhvJim7uYLuGKuaM2LIo/KXpNWyWZArwIfgpq9dfAhpy+ObdR9N7qjvdkLC65mlYuA9BgzSsoRzU5wO4LeC4qMUWMyUMqW6FgwX27CVrg6qh8go84OWG55Nn3RgzeWvDWPXJweBhrwv3Ov9KviGORYADeq+rspdgEXcg3lKEMA8fUrqyZN/yKjJbQ/P3GUF+Z/ufFiC1ZBJEx1/ElIp+ZnaReX4gPkkli2f7RjY9mBPCHbQfNcLe8WILrKrZ9Fm6SWMM2FygcE/NsKLA+X0vLN2fxLmuOA5n53S03jORJUw5ck6TkyPbPU8z6tMDf/EqJIflT3dL+OMl02RqxlHS84qm1P7rC4aHPDG2gF+n8sABCfr+uuaPzXgDG0ZgekcTbY81ojRpadQ3efVSb75XOfEtILmY1h/1Ik+j9v5JovxFHoJNS5qxebJdTrwA9mpwlj65qJrDZc8h8G0UBjKbloxx7OKhYQve+DK9kn4QGoR6OfW8pYNbH7cl9UqTndWqXUKg2mW8StKuGN0cJOTLlyCWj3E+tHsbPsLBQw3xw3dhncFxgo/MDmqLSWLJEWGCXM2NyiPpk41VrtxqTvimEwmeMlOZudVdYOGdnaMAL9iAmRRnkPfkhdM7U7a1KZyM8Ks+8TRAtnSljNIbQEu6wXyiAyP8OiOxwgi/gM5DRFI4n03sdXaPhKMQPeCUEqOaf+aRQ2UvSL0KAlTK27TZYIWEMRiy5kEH+t0pfu4vbEenl5FClQHMzUFfQeXvZqvltm6JuPbBJN5uLsKHf2w5PsqnDEyA9MXM7t8kW9JtUEjSjPXgyz7SnmwCBXMlPf853gU7nZMGowt/VDa9RWPWZq+3LqN+GbmlkepVnkvJQ+yAib81T7GPI7MQSGeuKrCcFEqR8GTG4O33wtPaz3QC/4SJH0lp9ukX5vv7zqUBF2odto9HSs1OjqnnSLlLzJKCfmLNCMaAP6va9nCTrtVoMUF80LGYak6TrXdfQnrseWgWTg8r5NT1nxpVnp709VKWZvzt7tADv+YwOeGqi+U7+V3IFbq8hLaXksipr3RWKQP/W9A1UsS9K6XSKARjowNKE0fZoJcoopJ7kS2euHDVGqtkvobHvLzifUPlgHRYjecoB4aYoAKD/E744ZNM+fZvcJIj7833POAHG7DNjQ1pOzDv3PnetNqsxURRMxhVHO6MB9Fnw0dVxnCg2z/2UScbhNXdbxDr+0vThxGs1syxPItNMS2zypsmMIfMexOnBmNhcLamVq2v5+ApDk+byoaxSLQBEm0lujzg92EGljGCehxRBjscLtY2bADzdWWsdvgxZHHlwSDOEHBsOKk8dIH+B6jqOy4Xjs30tjoKsjFJUhAa2pzHcv1obzS7wFMvoBYd4Dr3lNX1OiQFt4gg+/cB/FJrbm31gluKtwNtHUDZaaO6Gcr57H9ewonI4l3Lo7KAvAspeHxWcwcAjIuz/nTZKk5OYP8nBzI8iVHOdAW0Y0Zj5sBl4WnWKOkTmm89rMHTKKxbhQA8M+HsFd+zLygrWDRFff+dKNESanZgAi/widaplr4PNggH0hwW5ArO04xsIli2HHgrS2Q4QpAZ1l53wixOPZvVCge2gI/gMpXD+89Q+Ywzjqf8lbokW2vYgA9umBaSXDZY7oBphmOqJSGYs7Hhih2/mkf7D7GxanyQ6eUW+gXHL7Iibb7Piv5HMfyBxMkh/qv2pNd+4ZhXFiuopVcRcLz0Cv6NYjDZqAtjJs2wzJ47CH4N6hV8G+RJEQuTf011C2vpvzlL+3cFhwzBUIhAgQT8wmYCkX6tsG6QA/XwnVXYAQvXUhwfITh/DM1NwtVY0iIIJBMrYE/HFRz+gXmvH9uC/LSAJcRK36JwY1/c9ao0iIohezPz3ajiMkYLMFcJRHx49QAvfjf3AbOoaSayRRMdsxP3sylM5kZeLUwa8rc8C9M67Tvzk5vgrZWVj9LoRC2sDyOA19COmc/gA7obpxyLPEIHrNdgpBkiLmNQPlLOGaWMwM9NA6cf+7NWovpLYJVZFJCE+P3fFJEeDXDIMYE9XfjOJcdnKRyqjRG8ec1pOHu0ItoZokuCMP48G4r+YU4XFfbBkdwvTV3MxHGE47vz0eeRXslEMMshU3D2Cyg30yag/OuZMoD3ImJhQo6FFmzAmSLdlSnfX1Y+OEd3M9iffiGVAbvafoN+ykzHbxkhAMhrJgxfYYwjBK0187ev3Cw5pb5VG2ifVhOImMdmamjSl37rE2F7pvVAEXa/L6XgLi6oUI5cWEi2cEe68OLMr9dKfClI0OI/TCPaGaUVWuw2VbkcBe/JE6xSid6OTs95M2lFPL5SDHS9F24YhWDOOMIO1OryRutjboMumTB1WMCntNy64d6h+li6/9lvY9ji//5Yt5t+6xt5SwE6c8vpQglD9itjd/X8uqWnRec+beHxn5c9snauAO/85d2ZNhTMqLMvq8DUTTOS8XA7BDidt+1gYBbuFdg+SMdbeG8D8ABp1E6FF8SA2yaHQERSsvamMX1VLR8PYuMHH2zI5GUzpR0Fjsn/7o7wPRHdMveOiW86F/+UMtVleImH/2Wmf+kIzLDDnGAg7Ut5yFHY4WIWYwab7PBkyOyJ440sGJnSvgiaNqnyMzlHRIdrkTVfI8VJ0WtYEaQikQXFhFXKWwwy1VaZYOUfltwL7Bk5dx3v1DeeLvUXIxr/vKcg9VtU9WuT8uqRXPjZdcliAwFA/83koXDqnZncK0yIEUdZ2yPYp2MTAxJv2sHnYXwQC+jMI/KHpXoPDF6Cee6mp1i/ISVsnX6F1R/mm+QK4/kD+FrVWAL5IRSwnZdlWKY3JSfsvXViKzP+iSwkRYsBmKEXxo54d4jZap7h6caNLHlnc+rtK0U2SojYa3l7aH9qZs10Gh85vNRq2DWmRJsEZuy+J7ppXd402FOKpbMo523KAjVnjkKZALlvDOY8hMD6Z5a47fDfBREN0LpoBl4UCQrahUJf/2v+U7pnNBh5ylZ1yEsmvuKT/PCnT2W/q3MYcWolGZQADJSG3xLcp4bSwRFig/EtlAf91f/xqqBOTt1tgbgjtVExKv+pp5Y2+c8IfMukPN/r32rdcteLhRpgIFIc72kk7QOWgKB1yhs30ipwAonb/JKjFZK8a4Lw7+j7R3s6vgQ8Qmh04EgPrSpKotLSyUU1Fp6FqWSoGZl9Gu5BIGaqy0EzxPQesXuK5sfVnJDFI420NIcl1CGOYVIqLjWsHJa1Zwnfu5Dy5KFocLVAA2Wsg8KDdrqR637wiKbhVOhCHfUBW3LIK2xwokUfsMAJaGvSXSQIgnKHKWotSlYjhoAWDxyQ1sWrmzM7TqUmKW2zVk4QMe4djNnYRbSoBbAvGNIdCiAHtEVIAQy+qHD3BrwXYk5+TfDjwyiNq6jGmrIkfCcnpkhG3YZ8QxNQzgCjtWf9oBU7mF6nZp7xWAbznxxJ4Hj8GLlB6QNkLHQ9fcEMjZA0upD+OxaNiD0SEGuhncO5BUjs5XjEQ/sseHMfeqZok8+7MlzW4hmGG05SGYkttl1r33RT58QHU21I0GfAXgmTzj0fjiZxNpCoZRl2Sd0FQj/KN2M8U8PI5aTV+ItlPi65wBgqRG9pDMICI1kTDdmu5545zKpl2kcoiaNBDRuZBEmIjY4fcBpA2Z/4zqdLLmMeNAs64o5Cq+A1xsXMGrj6rIU9eHTa4r7wQiEwE/ampXzSz4uHAhMbdA90FCLNuI3j26iq2fU3OEzeBoorVTmroFIfgXFXketVQnmFHHInmBZAXTFgaWAY+BoY9w+G67JQSbpSzVPFfntYoerGbnO+7soK0420fennrs8owFcT16p2womaoBxcKwq8SJKkxLPYtzwNVfp7V4xYEPwZZhLruS+N95W1Im++ajy1K7LOyhmwYUePiuX4NvEaRMoDJh1VQqVPbnta0jN1ZGaPA9m034baj1WaIfW2Zg8ztZgyXHcNeAEakHOgp0qc2G0yBn5JvSujwidPkhZmcH4WBsYyWY7lTVPYdNRS0USXxGIRq/wdO9dBoYxfew2gVWlurYLc/xb64xuD/hMdZDJ1MtVNDv1NwWnmFsNQstfT4D6kzC5ahTeRtlFp6QsefNsECQI+rqVmNpPDGq7G55GCdd+heZE7tw/E4fY9W180+/kJ4ppkSLCmJO9Hxga/5GtzJVg2hoNyBNNSVfTjzXzdEHNpeoHACfKyNqdin1/9qpLftIuE0eIlfXQ/sB8JvORItikDj2+2Ug0Cz7863xDqXPNMbq2eT2fI9lsK2z/fvMX/TlnEEpVkD7DjJ+sO281/SX+dP+6HYCB1r7TzpBbLKDvM28GestkJ71Wacg76Gqw+Iq1hz/3WgXldjBNAC1yR8cEMSJ4nmDLYjKucOW7+QN6eEOhmRPsFvcN+JiQu72IhCwSSn1ZrLnIxWNQ82MycyAGhP9TOJrigZJgdKTMDMz5+SPwIpn30BChmwK4y9yz/EWxftSCcqDQ7L3vS5tTYx9nyzb/sElU98utsHCeVCNsq0qOnfg0qasMLQtqZqV3tx43bI07B2JsFJw4NR+NF5p5awRP0kEF7p8Uy9n/g+J/ublKzsf1TjrCNQQ/q/739dcABftjnqgmxcZy/Hn9s7pxZJl/4gfK4b7/OL3QpIQXnpIy7Q19ZAO5GDGMxJm9zaNe5+FYg/Uqn5P134JESnRSxbNaj+Up3QuceA/n+swtELcd9Z5u8xp0dFoEUjPV6tqHDQ8dPFGt8bDI8BQsg1B3OxcyvtgY2OB1EVlyW6fMWSYNIe+C2S9IRWxZ5/qXIuWw9zhtQN3r0jXXcFF10HE3ueFObUaOc3/2WCTKIgrSMvP7PBSz6dhYf9IldcX7QoWxyNrnp/9tCgBiFoQZG2kk18p/qIR5tcakzfYSAIlG0cAxpfRdo7oAAPm441snG3Q10L/90I9Qj8IZ6Kugnb8UD0wtywGn2eI/rSD60QgeHayTSONd5lu++GXOLufZztQvDlcTs2IAj59rqUiarMnt7Ls8iNOc66UGfZ/CGxYdu7Va6ERh4qVbDC+VZWXc3ih8nILmAU60QwuG5s8KfFxajGQhZdkvjZbQ7AITqZhPUiYT4Gg859LZtl6PzWfp2oKeCTg6a1pxEiAb/DIuTMPVasAIdeAOk1Eo0KHZ9KFUQs+o7nPWxNAShrCVMe0wQqmZHupYU/RNw7X9GGSxIgB4NYWVLbk6DYnQz9XvIDUY7Ii2SYt/NhYJd9MCNAiqVULTyNXpTTetfOf0g3v/3r7pbv+3aG3AyMYUBz2kPjeS/n2wErSGbSchZgEOy6sVJtTJWaDuqtk35+RxMjwwSYMH0f5M58sAexEvVszDvwB2+Z6njFjAFVi/nb/qbxGXOLPglHe4VUxMbICm7PDeEAzSE2FJn5ORqVNWgyeQ5hO54XE8fpUnX3fCU3OwjyG7BcJoc1PxnOy81Qm7s+O6gWh4R4Y10IyNuaA8zLirglmMvCT/sC9PXq12DHIfcy6OHUDVxUaQwxdbmRyEG7i7bDCvERG7siNXpVcJf1Ixo4aZdWeOSb7Kv/9xmUypD4EUe2D+rTG0VwXyuJkgJbWFN+5tUry0YDA55iSOoCVrQIJm/V5QoxdcHBRHB5FefOBOnUDmdu9tTQcfIfFYuMoL8u9fGuT4unvJj9PeDZYLBGJqd0z0joAvaYW8DV00LvamPnuVQnx+azsGV+0GzAawNRDKKrk+9WQvxNU79nsiAOkaJ1ZkeODiT/ObB2G1pkATdgdYz3fDgftDF1RDHGyCdus2VTeGvgOD8QPsZopzqTvFi5LC8qb8ITyy1Ana7JaMIb2BwVlf+a1oC/AhH3z6lAdtryPc6pMqS5RkCK0g4v612aVH3ZMX3vXMgNNzHrY4B2FPEqoGCAhTOtbDzJhLfZiz7pMcjzEeBXQt+Q8J3Er1V/5Ov4tmEmfAUMaQkUT+XbcY7NNdBrEnCPI4E3m4oLxFDaR9lpOvymofRQGu7MluNP6LJ8w1HY5O2eTpsdvq7FzmCS6t4EC0zCD31p5HcAl4d+kfiqQFXLnFttsW3HFT1hYmoZTam04G5xCB7/fFEWCXlmDBhQd+YZvdO35snqO8A+7hkZzeLQd6Zgij/0QzxxXy3tGNgc5hAgzkwmLx5wp840sST54FZjOcZl5RA7tWFT0Y+ibFpYF8f9hElbFGH7GinKNaaMn7jHVliqby2iaoyR8OhanHnX8Ojv9GnJNPjrVPn9X/SI7EPWwS8gpbem+JFT0lxfBkyZGBg2G26Ai8RXGxgVM8GsTJuNcvLPULc6B5gCWB0BhJA06860z3BlGba0isI1m5esQxA1PJ/1iysiu6Q0bnsuszsSU8tSJDxpoUudJByJa2nZgrYQmVRDlCIeHTjbhstzG5IuIuYg8tzSK+sFMldoSTb8miyQia4uiiWpMJyLCSAk4hYy6Lj2uUgW5uEIuDebcZjrExRyHw+ovRTKmC61hBuYHuUBX9i3xN9nEeUurkqZjswAb+bawHMGfBNW1hkoOV81pCPaYAxoAjFyKjZ8EdHoLzAlLD4z1JLeLBwch84fs+qpb+V4yPiHBjgwA1k8xKgyHXBbB0mQE0id6Wr/MLkCnIPT6OzFoP3rVLGWAjaaJiYWFdPZZIYa1KL5H1fkYKulzETDmtOEIz1L5sdhUqql00AlR05V1DXAYKOOUoBANaQq2GJJt798uuJhgs16gDcQtPvL0DlV835B3h1Iw1EX0QyN+v/ZNB1WsYbIwmcrapQIjwNs9BtVDa2zFOm7uogP+o97SQ92k7FgkkBwmPex/Scn36KLikdzqOakbn1biYgv9znXyk2B/Z0fzKZQnD/JKa23/7B6vu5oIDJzaUsQQcmNlw1jrgw7Y6R01d/RJ0QSu7ZeW0QWVGddVojP3gPvp/Eku/1SnYOli1lBsOQpi9sKTJiB8bO8/1IKpOHYQGNnd5LWBrgXrhGHfOcK2NmALiDV18kiuReaWJlUeHcSnt+j/zNxlzc4+ul9Xd6DZoKZ3zo1n3grKMf6Zi6DkQXfiMODUOImMpMFct+4S+e5zuwLkmwCgPdxYeZODgno0fbYuAjfHa/fl8P63p1GmLHizvB/Q/TY5VljPFXFiA4D/dG1CbyE3AbjvSR8YvUlC1jSeWU6IuejsKnVT2gk5rYjo+DsFIvETd/GqtMrDLwXBOI87YY38G44LSSNiva65UwFc0cB6wVuZfNbIVxqZWfhtPaGCCZSuT/yVZAFFNd+FviCnkU79b2afkqmsjaBw/NL0homaS+29vZTQ1wapv3BQjscj+gDy2a0kC3oEvHQi6rS+I3+T8yJJAx88Hbm6ijHYQG1GGgrhQCmsVVOQrpZNXvcAM4dNFHeStMT8Rk2YzvSiKV1ozA8OvhrMO3NjRDPc5EyNbsKuAFvN7PnhYi4ASwdL+7VYy80tDIkqnldihVaemm67KcjER8EUS9AP/hb9Nuvq5LI8OWWjtqKOo4It9265RJ1+NnHzc5BgwVSejmWTqmwzW6rmZdHj3MaAapkLQTH8eTn+kqdbaJ82IVuwDgXZOsBvMwPxwrQ5HUta7bN/n6XBRn+74A+MXFvxE0tEv392Xsk8Hne8NARhMFy1LZTIZp5HLc9weDnOPbSl1ALfZbhLTYf5lkm1TL4oPZ8NlCbXBQWNyz2QFdJ8x6PQEpNJfEf5T0thJELobi9IEmSrg/uCtmeTNVcko7XhKSSrtW8eIytdSBlhNpmwNO4Jft3O3JwdllOL3nA0+TP0Vom+TUM3pDj43gKZJDmJnOuitxPyyo/FI8B8qPhMfk9Rh3VTvBHCl9EZl58mCxiWCDs4088PmqzcgJ9BpqPh4H+Giap3noUwPpTSUIdMdeDyBPAc+VKLg9IZNpjZjpfSUOIBvGbzetb/uRAYwXQyO/xCys/JOZK5ZFGLYuNuYhaNr6YtZhpRkhRhvjFCewjKHhys74agsqkyM3M9Ij6cV1AI3YKhL9bIImSeGUnyx7AyK98aDkvyAKPLDj8+KowxxSv5k5yk8WlNl+XmihnvdWBHWudx8nkqquvmhDf6Pfy3xe2paNtQg96kGPgR63JDNBHmKDrsN7Rit9Yc5YN9gUsM9dZX92PP+a/URXw0lQ5UByf9issrets+m9OA5fHsM3pFBzO9W1FZgoDbezoBQSBfiYO+s7ji57TZBQVZtn/aa3XyqBZVJu+Ke0NAG6sKQOsXtBgE64N9dsYeNvUL946K0Geb+8msWMRN3n1bPalQDeaz0eyvhMFi7qbCOPnS1aGANwE7InSCeNi0H6AZvZTtFOw83+9yLu2FUu9iea6X9cp9H3j6cHy37sy8ouDNawvhQYJ6ndrPgc6x4Pt3q1/Rh1DCLZYGnV1glpbOBaTWNts+RKAdcskRBvk0iG82l8/ESRbWZHOnDSAgnfi6DZcMUlBKL9RJObFfGFZjd3iFDdJpKWvVe7Y8a8a5eaxuEaERxwD/iR8TRieBkUWxdJBR2b2r+NJu7qPWsiCSgQvyb/5G3gy2edHw1sLFkj+1YVov/K1tQN+YGanr2BGlGzjA6xmqvaAoZ+OaxPVtDba+wfUCpijfqkCOViK9sitnAPPh4eVbH6vblFlwusLatatMLmHo4uz6jUJsBpZ010tn4d+t71SlUXJXaQx/PhzpeQLPr0NfrE6C11xr+L0Q82WPj2HGs65n0lL0uh3Xo5YkmYLVWbOKrJhzcKUYboVktl/r09a+uQqXXoypgJgKLStYcByI0svYTMSKJHdCZ9TbpoV5XjxBn3MMK/HYvEl8dV8J0z+o3d+1/pG3CWHO1wOOQEL4i4Jwi7bw+3s/yi89O7ivaaFCNGS+X7qYE2QYbXMT77tSdNUH+T1n2rEgPryo0JuMorGAlvh4grK6sbCjgwaIge/sbxyc2QazQrdocVzZbOVFILxNCuyuyZlxyms+kZL/NXJYVZD/dWXG4meOBDZ11Qgfu0vWWd//0Muqo617RQABOfrO79DmrKU7oq+iQIXv2L2kPyi9WoxFLILpp20yj5tA55cQay30YfKGim7GBER5k3TjCePs05/YO5+ABZ56qM//5nr1XcWkJ4996MLGmSCmlNsXAeE7d8mcBAQT5ZmO8U0bgxDO0lB8kglK+g1MaGwVILJmjmSHmDy2itqGwfNJCraOcRw8+KXufZ9wVBjY56Nhxt99NROzhPaqYKyoH0DGBo+eMwRHSnCYoZm/wthTH55uKyC5d9dhhBij8Gei5jMuxedCDZIDq5sjgcq28/4nqHKhMDQiEqupcLgiAMatiwJaHMomfYfqrdmnzFu5ukM5jMwC6tQSVKIC5cePRaxo1Sk+BLNXPWp4WxAbYNz4hoGcj4m8tpDOPYUqlmLphZZEtmtLHmByApdHLPAhK7hEQWPpFZocT4sgBmH9FOnB6By1EJjOKwvZb8Dyjba2D3igemfjCoQSvN5P8jccZlAgiCZwZ2O5yy1+4mTmoG2KEueQ3kKB++5EdBGbBsjVz+LnLtCTc9OtNGd+VmxQ2/MrKi4DxPjWXW2b5vLKuVXduUdzMsxr2zkn8mm27gFoQz+pomQKzQbrAoqo16jo+rZHV0Y+3ndkxg8lCS+6IN6dV2F5F8U4+DpcYxuDqxHc9Og7Xtm2oDpVaQiiyRc9Kr7WLbeO9Xnl0bzUCTfCv1qfjdAwGK+BM5WNYGZ5gwsKZJwtIl8bRBrVdoEk7aQscnpj5GCvLVnDJqeuGcIt74ifQcye88XCh1bERwzcJnT8msJIcGuiBpWX1nBDZYOKq7I2OLikR/obF3bWXxy7gxmJzuYYPDOSh72y8rbm6EAH+BYDZdgLS90cLGCyzW9CMAPLSZlhu0EHRZG2prbp5k5NmaO7IED7KPicK4wEuvRdj3zPL2/49i5UhJq41sMqvePCFRL5mbT5uR+gS2vn5+w4zw0BxfhvifArWjSNc1U/ydP25LYjAJPIAF9T3LEMnAFNYwD6ZZv184nGUnTdWoqOC0wyFUn8C2LhlEo5n1+ceN/VW+86Gk5lpWJuBxPJYWx/eZrz6WGfbonuCAjRlysz5nSgwsGiCHnbuL64LvCxIVxLZ/nb8UUSxQS1UZTN1jLAXZS0x0Y4t1XrEiETCJiMspZAhzXwO6Urt6CQo+fVvdP5ZGrhynKRgdxpKURgsPd9TDsg6I7lQ3sGKsYPV4K1PodjoR17acPGwGDhCpNWChJNTUqqxJ3IvS0HSyRfZbyM3efwMZfWDw18d24Mhsx1RF6D1TtZtev64Y24oCYosts0bw3EMjrk8mJyMrnzyDc1qGt5lvwd8yVvOt6mu16WXlVfnHox7AJhYzitd9SdCwMaWc0sD/0tBSzTQq5P79RRp8DNsavhlhz/t5lkRQloqHAcrR7lzIug+VV8Sy3m7u+p2tS2rjpdoNsOArdM43F4gncEWhUel7OaPx6JmfQkuGc+CZ+SIxl1b41QzM0Q55NayRGcHKFd/84s3BPQdsuqGYXJ6+8sOPNPJLfcTr/JX5C2E1nFZxGUeci9Egbrj3mxGUYyEFXqga+EtMBW24HpQLq/cSnH/HR1eaup5xXqmgQXlcEdZNQPK1zrcxklIIA9AJAMVbIqqIviZFHfko6dwSF+RhAYlFprh5PXd/n3GDUjmTRL7rUyblrFh6qAZsCgdV2ZYo4N3KIterBIzzSsA7i6sEBusiCqXIGtDRK2Ym22M9Jx4pion32UoUUQfCZ285ZeMqTj1ckKGZSbvIKEF9Ctf3NBMRmQJkN+g/HfzElII5HdLNBAYGom1PjkbjHj+iE/hXA9QP2oV2ArDCuhX0LegR3hBYGbaOYMxtwAzHBfUS0UxnO0SWT3VubVqNwuUFG5kIJOhgWqu/WsLu6dHb+RzlLQwVOagPfenFrWoChBl+rxexrQqhrR5GxJ9ZhBgMULfdwooiZB0BraXqTP8LgHGWaUjMW8mXyx7hcqf4A/3+Dh4V6QLEiJIIDHOmHC7pQFE9YVaUSlAKyvA58yl0A0gRwlyGs1+/nozJvbKGyMB0wh2/dcMtZ+ynci/U5OEZaiG7qo9u3FCXALmfMiQQzsoje286oTt5nA5FnSUYBXYusDYnbzstQF0WgZtbI2K3LQr3BXS3KyFkP2qZPZmrGKo3QF+7Wqe/cqSoAH2oPa0WMuDLPABoha5IcP++4m9haP9EfYsFDOIkHeMv5FiN+fA5fTVpRxMFEyo2F64zb3KoMLlK11eVIfHDmKmJ5tVpsxa8WTXOHRbmo29xkLiJxKu8dbekead+mvSbOajx+JT5RIo0e/uB/a4sziQRVOi8ZxaG3Q9h/DTgNdDTa9CM1gy3Xld2WxeyuRl1oj68Xv1IgRh90dstqB/dAD6cl453ulxJPqiGQ0pNoI8AkF2uy+R9qYULIGVoaXGVg0TW16XM082/JqATvK3VDB7vzvdQMWnT9A5p2+RvtRuT6fM4zboXZ78Zd1+QUxBmOetFAEV8O28o/EncXgpogodH1gQORHfFc5SjS1A/1FjuWhwxZtDyqwt/3h3Moxkmh+EA2L84eiXxQ7NXgH77IM6WEkS3b8h1We4xBVjQSSHDeYGxUIV+WfjWGlaYcfcDzQXbS6EgwTbzLebDhmqQqeV/x6FmjPjtuBccquwlvy81kimsOYjGaa12KXcaw0CpEw+xAtmOWwRnqnWMpOhHgBc3QO8KEq0a5+GU8fw8sTtwtbY2UsaYGB3jAZq79d262IPQCON7apO+Qa6bNyHKOuOJCUCwvianGInXFjJEOQBNBZZ/443pJaqIYKJ2s5CmWu1SQ+nND84swSItUjlxiOxNCemkHeFKPpt0Rml1QXey8Z8UGoJyKUAB0m9d/G/+uiGLeDVck4jLVfWQOvclV1ouNO3zbQCgHOcsvhwS+tRQCSmsnQ89EvcSfvJJnnP0hKxwTs2sACdsVlYpSV8OdxIAqSPiXDA+ZItvEsA8v8FpPJmDFkrmV+qSjQncdTpS5N0RBrDRUKbHqEV+Ko3hXYg1YqawTqLYvqLH0BRrpssMTt+ojVkoQuKN3F42Vt8uBbZHpLvHqK6SFlMaggh6KbsBo3HX0g1RSVJWcpppoR6j7p4DgpANgnSYApTeMiccQ0mlNc1SN+l8+sW+iWpzHKDOsILxQRoyjhhQP2tcMcb56D2v8auXLRhWZwM5STxbxuiqzTUdW1awwwpTZ4SEpr6ZFYhEnrV77UCj5ICU68RIyY+7XSFbBUg88uO2mB54ImZlHMXykTWZ7z0zrhzbnN1dVKmrlcny3bMH6GQk0ZnOt6FmhUi0eFyJl/SUY3KsMMmOKqX9zDPuwRoauA3+AnHH9jwSnb5iV4V5or/HSt7uNS2kO3r5EebYkq7WGv4HyDS2dbJXhLhBjWI+sJR9FNfz0j9bagrOnz/LBWR+d6bWciNamsO7RkhJfFBrdsSCOtKs0kbTRozop5BUPhVmdute5I4fJBkP0rQ4frQn0YLzVhucmmQwYbNqaf8ApZcos9/m31bwInccJEe56pAbarH2Pnvk1sT467ozHTglpB83pzO1CAffosodUYPbwhfwiDbUnrMliW73B0abE/3LhtS7jed+dnSXdBM8ZnvWpTWoFSH4aixR8i9YdL4noSNpGsuPXFaOhrxfiVRkOROIAE2BixTdvM9Wsj1AHrM62dsqW0ETo9JfHqPSSGa+KKIYafIfLIfdJ0Am0uWOoYitYg/ihILMQ7EVonOY4PfmkAkIONAfVXoFsUU68X2sEq1oOSVYNJmthK4/8yeIcQSn8rqeu2u34CN905weXx03pKNde/kXZ0NOXt8+c9sptp/aoMm/XtiKLmErY9fV8czAH5dsZWXx6/dF7TWKRnwnYF8g2Xl1RfZTkJ3qZMkzmbC/+QcygcP6LFMzglxPigZeyqykZmDjYZItw4N1/8NuUFOMLc6ev3e+TGuLOzrchEgQj2iiYUlmLKM95KrUe6ZCqGuuKCO/Voz838yNiG9aHIGGJ1HO06H8yBBC27dxaBAoQbNGOYex8J7rcCZ8dqGa2MaPV2n7qaUS/UDLW1JunrjyaWMnqdoD2CZlPaD8MswRtkJLQEGmuvJf2U6KZCX6+fvCSrzeIf0R6N6MRrLV5QP4UWo8NBoTGemHcKyYntv0AJZp4CXrtgS0bfXnk1srGAltwYn5BSbIGtknKhvysyx4LZzoQIkhTK6MFm8ymsEGbAah7slcjB6Hat91Ec48yqL6kgaVDJuGopTi0h4Dr8uusDbw2BkMJc7dWBlACOGP7L2WxCDkIJgWymEDDApE85J9uL7fRBcFH8cJxQIacYg1gUBNntLn/ef5Wc6zRSpPjqRLb638+K8JdOOtGY9ub6A2EkUlWya1FA2KrO4ndc8f5mtDX0MJ0tCrHDWRO8Eozm6EPktkCfgn6ZneN3G/PzxU0y69JllyrOlxNOh7VsJb4e/EG5xf+xgEQDtaFjdByq5w6qu9LtliGNjOH+L2TIkGa4WQVDBLOEpm+taXLKghx4vJ6pZUGqnLWphKvpZ1tIViLTCa6YGTluhlsyWnCpmdey1AoZ9gO/0fosgQZ5ysC09C5xPzjM+t+1VWTT/zRItpwzptiS7OIVN0STNK5EoGSXBi6Eh+7AMFVRZK5yk5+luv7ST0v/sQJ0e8L7ZeT5iP1nLPKsepukMdNt/D8X4zHw2wEVVTcRYT6uSzNDj+RelvKrJGaMQwO8RDbtnuM4qZMWQ2pQcDsZoyLPc2D+C96osq/gxGyf3sajojf65EMAuPINy1MiFLYCdG+/PNU0WtJEKtzhze4OeFZG64ohZHWXrNqU80pAXq2/8M8hzHjzcYOzUe1TFFB8UDpquxrsWK1XjiFaXMMIJmeYJ2P8MKBeLIHXjhfXL/eSPVOSk0c80dK5c773nInnZ1QSAgac5+iYQb7Rdmtt1HZ4dEz9Zz/ZzO0gh/jtVqUZvbESpJEcJb9/G5fYg3UBbg6MC1VmJ0ncL3u0OlVmrj0prjTh+Uc3Ef8AaVKmpyFdKAvciPu3mLoabK0EQ0zlLXGfl6mA65Ay8/t2oyw7480OKDg3SipCW+XQe3YhOGyO2FEO9a/mNhg0kiuuAgH63wVmYznyo1HjH9RJsY+eO5s+iXXRBS0djjvRdwAq+wbXczh47hv2V4gnJL9JUzmholAvw6sJJF/aNrVhByRWIViobubZkugrjAKVdkmHoc485MRRm6I6U5iUQonQfXh6uzBQKVRm9eZ7YssvRLLKvfV46XjhTNfT7bQJZS/yLAMGf4JHpG37M8qk5souCE/w+wGI4R0UofdygPT1Z0OZYXOBAnT2b2C3WCVe5NVeeNNab38Vo4tAs3QTGwuq/JBurD9mrcM2ae7TxLIrk5zSgUgXpZsKq9ml8PjpW+m/PT2KSggmH6sI9F6PL2XktkyiPIeU1nx7nVLyv39UKWmYweA3jW4pF78SZxsnQzKej3JYeDKz4eoCmNJXWFrH8gZakcq759rdBeD+1vbzXR/xFu6z11i5Ifzmq0/Q9BFQkMOikEUOMdB3dn3dMK5VhyGp2GzpLEEvZuJa/mlFw0VA+bcTQf/ItjHgUEQecjAHaUDY37Hjdrc7hTeoSjsUAsKEVmG9JsahLtJDtO4FHCKkou2H8BYt49k9YK/VnbF67U1OMp6NXroQQoBGd9TlG8TciSiCQj8eFNqluL4qAvNaJ0YgeG6j6AuLU04hKXCXvFOU3ID8pSNIdd8mFjTg6aZmRCSMZZj6vSOIxd1b3r585xsTekoUUB2EgvV5mU3lLfiPyI8M8tfkMFWTs+P+CSxDac2eK34Ilul6dju2g57SCwWukUMxf3hcGghBgM35UKAfl0ud5aYhJAQOjYxvbYxh+8eisEN1N86YOaz6xnpuTVZz601ND5u1OvHIG+xKQxV6bxHqHF+jTOhui5raTI6i6eSAGoUXZoN8j3vGMX4tUkJVzmYyRGCzdK6t8dV880vu4/y08uC7aNrTGbbf0At0+fOZfxK8wlbKplrRAZ9FqSx4Y84s1ZI8sSTj38iIa1uad8qXf0YZzfCN+7o6rTawUCrSfczDAalKst8ZRsOjiXTokzymsnHWhhOqAPzbKDZTELtmPMmJzmpKt9VMOgv54oJXZRzOG2Oj6oe0dVK2qERMwFvDFW7XGy+RWH8DbTmcGYbPnyB3WRLxdyarujca5PLnbGg1PbSRHFndWFiiPgPUps1IvzwIX59PQxGPl9REx/OlPr4g5t+OjvUkteEYa2azOnETM4bEEJakG/s8xs//uNIqk3WVYnjisTx+aniVUoQSrTx11ZteLfDVvV/dswaZgMyivuqeod8TSfxasxg6Ikleh3mRnG5GP0k0qOic/+0WwwzQNw8ki29llgDeQIhtF0noqkd9yT0ijJyvBxM2zA5JGsDeyGEb/GnYCyZtd1D7GBcSPr3M70j8m8YqpZ1fBrcO2VCjv46CnDjPjA1BNZHkBeyeYIPqCcUmNLED0ccp2vYR1eRN94qPNaQQNvs4w/n78PIpCeOMT+pU7sbg/h17Z1iJVe8d26cusRkM/7eO9cb9nMt2irdu1sKTFs1oE9upihO/BzLg3vCugxHth2esDg3T608UggUfn6QTI0TpPWyZPxFZcVCuaEzEClp6wY8x+KUHLXppszF9CIvo/SOeXHapAZ6vUJafYvYg8nJbu9w3rQiVx6HC+Y3Vxrz+V+o67khcxq2O6KpuWFrUlQwtkICQe7eZ35uboD1ARzMs3E7X4fVcQm8mj9VKv1bYT3H9AgMECCesN6vHGnwwR355yMNXJYd5PHRTPAJuvB0+8NT6gir5qiUMd1IGo6XHPUxApHt6VUhU373Hol7d0ocCKVoTuJAB9uT/reyba42tWVswAnaTiLCwPI8Itvz9f/7TSnQEPuIpOZUK8aP+lm93xwT9IHHxK2m0bX3Qa/kHHQf4iZZ+rvNLowFflGHUdJkDsl3gxAsSfP6i0QOSgRJSISfQqyCcmdn9Sx4S+uojulPMjNt11DH3almE3+EgZnZEpu2TtBX/EiB3oRVzkD+twZcq/06koUTYMj/k23AC0XLMgGPxv+zwzHQgNlZRuzJAFRuOmiUQ/Y5uLz5U/4Z33FPxQQGXjQ2HlxaywrxgXdn38T/Grkw1A5sAVJR/Xc2D8hg1wi69JXOcRZEa/g4fDXNtemFkn0N4NaAy415CpP454fqhNJWjjmCqno4qkpML5bnBTqvAx05a721j9Phfi1eod8KXsyO0Ctei5hInhoFBK4U2SWAMkM7S2Bzi2QbqMztDgm/yBtNxCJOwbI5wtGn5f3kqwrZSql708R4hGe9ztYbgz0ltPn3oebgXtjKx5VOnJ5XX7ZTuAOhh5tY9vIPidPMXGtAeq16rgSbh2/1an8nz2oDGjTeYN8+SUhElIeoF4tAify5VxY4QT62cdYNAJXpAY8sSAIslcAOfHRysz6IwAAA==	webp	2025-06-29 15:09:54
id:88<>type:webp<>width:1200<>height:480	UklGRhyGAABXRUJQVlA4IBCGAABQpQOdASqwBOABPjEYiUOiIyEiKJIqAGAGCWluLcC57fZ6WyG+fvubCkDhKgN4moYc4Mu+wFfgwnMf9PwG+9dLAes5r/cp5uwPtDNn+P5HOT34fnT/E96f/6+yDmveWbok7Lq/yOD2+fn5Z/hft/5V/m/vb/2v7lfIZ/vaX/pP/Xze/tP8V/i+lfjz+df5noI+0P9/6Tv+fm3Av7x+RT1Bv1n/6ntb5GX8z1C/1D4+H+19h37L6i26xi0yDVDAM57/omZqsPdqjpHy3VmuMuf24Wk+mUAeZ6xZLIAImz8aAoadkKvf3YezZuDxxixP/wpJFL15a06h08JXsxeppOHYaQzvmDyXRbyBvYG7Bbw+hY14juuUi38fKK1C+kXqZaLaH/Ubbdthbta0yUTfQtPi2GNO4K5Mu5Vvd5yTImtObYtj8j+IJqUzH+tF20ufyI4bjftnTh217Jwor+bhtKxhEl0BQChO110POgZ29H1fFi5C/fFwmuVDHDK1zsfdlrvdGc5CVNwiK+7l0ALN2xvDDGpbKTQWwpWJcbSQA5GlvdgU2PcJkrCMlhL2LtJGQAuW7qM1+xnO3BiJ5PDsEg0I/6XL0BiCPe33Eyix48870JAYViDGfo+jtG/UfrhImTZs9aX5oF+i/TYkny8GT25J+ZekEtdgNlVYsV43gfR7CpaqpBv7tMK4YCYaeIKduTh6yVogNYZk47FL6TG4sYd+HO/B+3wXlonFpd2YkaAcowTKv0Kl740/PYdO165sHToku2KWzPhYYlT0jXLM0ZvmC/SuRxhefnfZCvSgm7PLDJvACqxkcqCz2SA0vZWYQxeuDoxAIoRPEz+vFr1ON+83G9q9Vt0lT+HVYlduJs2N8yUxjMaqA90X/tdTOv0IW06RertQ9Zj2lpnEfnnY4J6I79U9z1xT6IoNg/ZQbWcjUOhKkcHOmduzIApzbflr7y6ZTM+aKDiczHxIrD5BIWqJJKboVwrJ3QmrahLaO8t2BeGc1EuSxV/IcWOPR+EFZWWEvyXp8JAeK0uS0m34uBnfH7lyRaN/ACjFNsTEk+MP7vpdx03aZRZBPNoggN7a9UChTOrKXg00LndTsxYOnOvVf+kmTqj0w0fmQv97oBpy9+zgW+XspX4uJzKABYwLLwDdbIjdJAqoOAr/GoKEGF1fOcS3UVgsWcNDjymKHkg71dZgiIqJRt01TiebRWlcKwx7o2oEaY0+YLMUnUj1AHUExOR+efkqeaeKWsSql5M1hLo6rFBwKdw+TgcB6erGz6ZJA55Tl2iQbdF1d7OtYH2buTf952WqYVBQzzua52rDlNspa2ezfMw43geT7cngmnsWGH5MSGxaUD65OpGcWd+IYnn+2g6Yhw5lnzldjTeHEIcyXO6ETppH8T417Dn8C7RVll0nO9SZApo/MnkupMR7pNdBXlMgGkrTBh8HPlS2gKHp4DetE5MBNC2AeLfP7HnJ/rl7XZCY0CPyCAtYTrsuQKWO9hSbyYvxWMEJZ/feZ0kHv0tVJLAJDtQmzC5Sp83xs+VGfknBvPaWrszyV6T8SC0g8IZiZIYht/WF1gIt6/kdFRF+56xe+PCHzuAt2Ya+wJVapRqaKxc+mtgwnVYJ9OadWgx58uu9Y511iUxR8sJesKvsWZxBzEeUNGLyvU/3L0/xObwTXTcIqNR/zZjXlUsIn2wPLE27sw11Qo5A3MkrrgDrqampN8e4grYZ/r3C6131KPeGgrfLtq7R0fiJcglk56dEQaREgjWW9SbMOT26HgWQNDO9SXwRD8RvG+mKgGtTDLYyc1Sbg4M8t1yjNlmsMQNKvZGWgIA2Ltzbcqc75H7rUtBlGUM04pYVckwH9Se9a4atSB93UazKJkTN0NQXxtEwBGhgtRt6EpWi48ruQbktRSZ6x5mHFtaCVKRd3wUOzK2hH5wfjCNmzolMmKVcY3PlJ7+jghx3PRrnoKDGcNODssNaJulV5PT/N/Fqtt4itjqQbTRRL/xbBmxmZ608UEebKxyhGJqnnxcZZ6DGNTIwOiawPGYJR5DMQueTXqreySQP/2AcMDI5TT5ZyJAVfwQElfAexpXvJmNtKY+lNDX4t0BPVzkqexby+pblLqlZsrDas/QD8wMUwIGvqXIksE9N4qTEJwVrF/d6Ye5Gjw6m0cAIrTJXeipl4W4jWF0/RUIBkTWPW7PLoecb9pcPgfm+jlNpZeQmxXBh2Q9DP8zTSXvwDwYsWgoZ3/e9oYWLTGXcnhze+gfRlBQ6viswRLw6WqxdGdxxDcJlKM0RqVPvT7oTJxJjbw3qn6vtmD7XTjD903VKAf0BOe1niQzY6rkugF+O/dwzkBZrLuPx0LBRS0NPW7nercwIKQ9w4O7zc/M6T9Pv3gkbMyc+k0n7PLK9eKC1yMBetWGG3OoEzmVgbyuEVTMf1JhKavFHW/50+Wm5ulsc5DCD6P693mwd1EXPwdmtermoHVkJTVO7ZSMxo5iG6DilLSo7OxqZgZIvEQAsFCUt2JeYX2IrbIiTWpe7sVdE1j159f2XpDVWYEIsALDoeLFcDvwq1E4QsOlAzyR3yowfjlunwUVQzZbfpEgdC5X0YTLCSgF1Ej+iRDNXiBiGwZtt02N6U0KQOt4SkSA+gQYH6/6bYBQIEA0DnNeakUXibiOoy6Phc6DhMbpg0ZqaiUvY12cTlXoqtGsT7RrJEDlgW1QghBpJn0yRe7zTk8Q0I62AvaIsAHRb4Iv50H+St3PNamN6RWx7ujujblDSNjb9JUesraRC/T0ETeIhxugi+lmpiwJAwEObor04fn/OHaTqF0TEi4S3sL59N30hxJHcn5/2/3wTAobQVIFtdiYnE29JjfrSZQE7j1faPoZ2KDq//QfxPUb/qgSTuzQDLCl9kIPGRCIoZb+4Qsn35I4qicQA3UHPM3rpFJsi6yGAN8jh20ImlBT6APaeHIgF8zMHTt6/mOTZ4nZM14wjA75807l8wHq669BXNaqiC+CiOafVB0yywGHHsaT8f91xpIxjwKd/Xv82TKGiPPG2vIpjtgo9x4aG37HUas8iTUNrPQP8BsJAKAP6i1WSFiU0xYooIWuyYLMaDNOju1ZNmQ7zTiHQHof2B5MoXX/ogfYTo7Rsc3DltqF4G1nOX36r+Z63/kdeGUJ0zAqoxK1JIqMjLd1NOK417nypeiS/vABvqzxPjzt9QC7Kz+6lWntHLvEZ0Pit3SKGBXls/40C82v8wXTYi9ci/Zqr7BfNhTLVn2G3nA3LAMV6wYDjGH0/RTRMJAjd1KDHDagAkRGEeRcxC6Z1O46jl3rbxA7/SyStAEcBr1d3HdUi4OOGP3oH2Y2Ii/e9oihSb9kmKcCgMe4Vc96E1eBGCQ5lSlHM0j1OAnQNIs6uLMCdQA1/uaMfu4sNym5fIQ9/f7Pc+NqN+1ZhDeJBBRoqdlIWF8Dr3rniG7DEtST7380nRhWp6+4c3FUmwLWEQDClera/Nwq1nmWY0ObaONqYbJ4EFmOFTUi+qWi2VijYzn+nb6d7wfJw5713o8e9PcSXP9HZSZlQLyk8BHyFbckknA+HgckD8x6UDbQk3YFioiZeW3yJDvLjiJb9yNjcGbWxZxUJtZo9FKK7lVCb2067QTj5z3dZdxDqJZnZNOKk32DLyPOyF7IRnBzCA77GUtBCoskfbbC9rzq8eL4D9kIFiHRR4o5svro/qLUczzs/xvJmUd+FMg/7ZrxJPXq6JX/S20OJ4J+Am7ESneDmJvBFUiorvDvk81/aiBAKsbz2cM2sVwMtYdVmukFUtIipROpM2nVUbe6cwq0NE4GoV7WZnEya+lXxPq3wYyrPv28LgCJMTqgZ0p6V1p+ztPLeKJIwYk2aNU3TelHmgtCCsTfbXNlDSVa9NoczWIv9hGKf3TTDHIykddf+qAgqKYA1hnPxo/hmKHxADH1QPkYJ3vR8Ostk3WdLttmd4XDJTFR6AaX2Yuaqb/yG2s55kXcdsuCY9IITEieJdUamIPr/1mFdkOidWtkzbtTXVVpXUialIV+8J2+DMaUG4xFEvpMgKwOunS3IFPne91PVuG//FN0baifxn6ncVOKMu2fwX2pSp2CL5q2Z0QoJ27KnDqsTvVrC0xsR8hNN3J5vQ277UhgvZWdL6H5lA9e16R1yTtL82288ffAcGcY0Exgn0NtvEMByBUxmtmRLa0dlr0iks4aXuFS6UOqkddXPAaJDt8P3uXH0jPhAWjfaTk2wm7bIR5+zCf9anUnO709dio8he5WxZU8M+ZJv2L3D9SNFFHYQxU4RQtrwbFTelGv5dUlx+ddncEpfiRHaNMikwjFE8B+GSv+Elzztlxs/akRJEedGm7aoBF/3k6RnP0QJHe6IgwzASiuY0r7DGKBvBIT2dp/BxFnFPuBGs+QtfL5LwZ/2zzHGTc4x6fI95N3iL9mANgYMK5NS8lvLSxL7FU9SLKHVb2shkX8Kv3y/TmJpm1VWz6CyEuY7/g3o2CrcOp8kcrt0F18aM9yjhn5dYxfxI60jQjMPK+y5S5kRW+yRvqOaumJ07Hk6CsuvEHgWp4TYXVUmlISNpEsgSwcCV0+YEhXfdHkwNCZrYERuVFV5vxSWFv1wokKRUzYE21vEV7GU7WLgQK0JMzrCoWaUfq9nOpx4Q7M4NqldNiBhz1jJk3LBMt4Kooei/p3UwBKqMoftNABgx90a9VSKXaVM87sZX1DYDiCFUy7IeQtpmawOI/RAwDzfFHyP53jDXBOImOfpbyWH1B8kDUYRlQumtyx5/JfQjOhpMfeJUM2gbeKaZWrSJgfVMCMRGVULE47rbLG1I1tVpcR1WENYAuBTg3fRVvLGBDxAN/Vjuq7VoqS2PCX1y0b4gOj/JNRDhIxYFyx7qCsu6kRrxa2IN7YIAoSexRT9swXEoDoBG3CWdGYAn4+GNcG+fBoG4ubs42UvRfJzBZTToxNthmXCefEXRxuS7v0aqGdxwyQcs98JDimoS8XiKHXOcGXuhva5MS8omFvL1wYBOzIdx4cBgi78DGbTzv19Ku8j7VjzLcQ1KaHcLLktZFlEtvgVbwykc2W1EK44YjmfT6pPU1Bs2slUJgxNUXufVXoNLvTCaJMb3zqmWhD3fwK4o/wLjwreSX7kuCYBDg19E45MCl/Uj73LygxVuj3l9Fu4w0+vlMqru55RJJRL8e55z0YsLB5H20dvGx4D/LeozqQ0EEs+h4Byg+VTRswcZY4WOu9HmlmzMTzYVtJs4iMr/kIqBiDver2QDyA53yHmpq1ATlUsC0nnI6UVpWy3CoH3zGrD3k/cOjH2aA9ZGTgC2A66Z45WygrWp36kmXpZd8R0bQExLqi/pQvaSgEje146wOyY1Per32I8jS71Gzebqm91Ia28NUtnRK6GnJ0Z91fvKb1N5CV+IwyRyAyPHyAUjGIHT+nuAw8nyCuC2+6QfQxZbwXBuN+MfAZTvA4/Iq5Mes33Ru5MMxAZZlShrq01rm/M2QWv+09nqKZNKmY90LozCBLtKqsST+lZdnRH1rw+qVOTGheq/Db9BfBoLkKqxfTZbGsXbyFE7IxReFnNfqBC4471wEovoOKioEd6CN4fsnajnloSeYn/r6UCBVpLHQ+bjMpQDZmnmKtS+YadwJfr+r7UtYt6n5XsQdng5Ee/DLlNH/1SACdTWeEvsWLYoDDp3LmdeTgIl1TiCBjXkCVjcROQkuATOJjukC8gH1DCjSf/5VjhStCvI0cA4jTBMDgjeAFw2sJbZsQFK0QxrY7vByKjIyH9RlmedaRdZrYeHphs/V6r5d5Ruq/qfDErM2xAtFcGiIoblB0JaU14xRsi9SGHPkByTeX+zeH0YPhZbhcpCiYmzJXrHXXUMYxMn7nOnNwdoa5srHHTfu/R75SyaAs0JkvgbKmxdgfRHx/8fXCcbFA7VOLG19e00f7BMN+aZS9RJkClJwmiymoBf9+QfNZCZeOuR0LFj9iRgtOvzrw4pi1boMBC1aygnCSUdiBjfNhV+YmmWecxqn7EokKo6gRd+bWqnR11uqnLyu/GMnoHeM0B645LZQcVo9hwVhxxgL3ApbPcjMsGdUSKndEIkzkakRiKbb2f902iUH/Z+ModRRKL/hA5GsNWCH0DoTOmkCRgSrgXKXA97rJK+Dv08P9zGnRMsAAUesBshObmjyOKaX1xtR+BmWo0fIjcHuC5IkuOXVdP2/adHnVhwobyJ6yfzKPFCKX+jnXq6qrW/at6YXRxtcWiN+IvFXh0PaqoT7XmY+uYTkKeMHn1pzCOqGABOKLTCY8YDcpqiDJrLwRHSFA/YHT6GwIkGlUIUMS3JxCX079OjzN3FkKuUmlObR5kPM8xZvFPStBz5s+U1nGKyDbDbzWrzpZiMrrD+fp4HJXNA/PMk/uvp4xglFW7UPQH56f7IXOMUwXAKmxHVGVRiHrjPUHEA2CTyzyM7XD9SMRMSm8pVztvl+CshJ8V0DK82IBq7EsVx1SRwoL0blAXo7LvlSLPeGliZY3z8qo41o90GA89ZAdP66ocTUoxd0qa5QObC0BB2wwYowRZPy8SKgvnD/hqxHyfoSAmzGoEDhINEIuBLNdWryQsUnWS4FNciiRAunw2IGc3D1TK3Ic4H/mg0cXIY2VhSVwXihjzE0XqxgP1FIbOGEzrfC4DP3afQ/69T7Bov/CggPHGp/jFjcVQkxRQsybnai2bdf6TOhO1565xwxwbwfRP38043fRyQIismfl6hJxImdf8pa+LnF92MWQacx4Wok5FVuLrcpVLmoFVDgf5e2h6ewnh7pTmpw+1G0USIwYTT3y1t5746K9lv0+mzzhLTxXcUSNlZn5Tqua3LoKOvwAW6ZoSjXrv3VZJtkDKnDhY/ZiaXbS/9FG56VXBY8Hq/WKQn//9N1ggKgAYjMeF0W9stcHI+MQlFpyk0Eedp7+UBO4qA/Z0jlvnwvf/7+UNjb1XmHQJyle7wpjclBmLXCTQ1PwxxIc67hkY9BkLruEqEdugnmSbsnJJFbgxlmdBTwPT0NctX9Oa++4SRbmKWU2uW7GgiJmHGrfGxtpNSfKn2jjtNDIyrklPIiOrcqj7fnlWnTlzmsGLLZwfNBHcJ2ODXprdgBH4r+cHKVjgr8sNbSuDWZU7EfCUV8PmPAwkoQOsfn6BErvcdikyrFttIlHlOWmozdjgcYxZ4mBCZAyrWi7g1Qgl9TbDCnC+Kurn1i8omsbW57wKGFzNRJCrLBltiCycZlL+m0XSm+SjZirJO6pqVq3SgtLZZwptLnq8k7y6DlHzyStPVlUU8WXaHA69QXvnsFXLtMbsRSdjO+0d2pS/f/j1FxaIEpFSkCyRmPuwjQF1g1FTVWwd3FfdwyA0Z7YM1eBBgM3O8iIXuHnn2clzya3+80fvChw5pniCPlN8T/YlhTzWCWEW1bPbs3jvCAtO3sBkmIm8htGD0kqVXjGwSyZHT0gqmlqzv3j1R5E1ji5IgvmnHwUUKpc72XRmUdNs68Rcjyb9BQXLYrj2g/KTKtqic5FddA2v85edhlyyd82aqKgL43bKSH54gZaSjbonHdfHM017padpauCbL5QRvfSUVQopy643w8cox3615HPGt3sIQ2vMlpE3Cra/yRq9EFPI2DjBwr89UENyS8nQar4+Ogc2bpWAdWqQRzJlWBaxZL/tctbRvW91nZzvPlBkMyYh6oN+HgC5E+ULoFlMjm6+Z4QU7nT2kbjxOPAMZXwbhQbnJGgoVBJ4Jgjo0nJmSOubCPvlS+JIJ/qiSEzjeF621PoUnZcMi6PBrsKRoaZXxUTJ+iotpg71wI3gtUvNxh5xb5Z7gO6lK5Qmtaw4soffGz8jRsXH9tZgRDA65Enavo9YDaSMQc/IBVTFQdSK2lKj0a9qo4a7jYan+VkhXLe1j3lwDSzEEBn5acXZmeUtKNz9DMcanKKbuH3h93yLizCsodrVyVjCIPUd+sS9WqSMv2pOWPGsnSh4vRiKGyd0+lYgxwXZzMI0LQCLjBACv6xMoFotXhE8BPg+9RI95y6e5B3FUFanSjnbyM+SUo6/HxDPhay+YxOBZOcmqgi72I11EHKZkAQmTHzWmX5XMdzqJR3cxeIm1X5kuzCC67m0pUd148ZsTjZi3DvVFCXiTIKFHWjEK8WAm6iLbjDKNwZ9ofS3C7anLI9+jhXiibRgo4+ylr2kMwGhCbyzSGk/sEM6zBKAlgp8/YpY9GZZWHrwLTmAtPX85hUf899rcIaIzFpgo9XNG5AakxMHzmomqJxwb4dAyFTnbD1mwuaBxm/bUIng3+zKZZFi5yZClXZ/bHfTc9YAs1F/oYBlDwfMWz0SHHkv5/dTOU/pXpgMpBMw4ZjW70b1Igihs4Pk7WgvszA1fSWYaHMO1nKfv9DonB9yCib+LenLKv+da7RWP5NgmWs96uXrSh1Ph75Qd7MsELM1lKyqeM7gfuzZinQ8bzuedMC4c/AwpCSWwb0u40RFTAru4iD2VR2yjaX37quA8VzLSVs8DOTc2GtprlRMaC+jEF3bDpQsf+9Ns4B7BtLHrZqNPIIOhAhb9n0s9N5wTtz4X3Eadxwty0NL5DsKQTmad6BBhpOinOhqqr30gNtt/I6WLKYGHWkgh91yC0LAcCNOQukxvad36kU2DZrdiUEtgovIOeYejsnCoZk0Yn61RflUHrEfqhaUfN4X3d4dGhPx4iK2NHPa0ltzN0/tLJppiaHRQ53YvKmPQNfy176MTUO5naykZbztI53e5beyb9XMIa6SUMs/HvNsGqOJX5S6VaNQDTYFv7zjx4hmcgD+keKUfjRjaWJcDGUCZ5sMLmX52ntG6OnAAJF3P65/bUEesn5TACfHziXXlb3rGJc6d8FvTv373g3Bi4wdp5rRL+Gf0cJFE5tcYZyOFeT2HmrOyew3D1yOKuKoAdgJCr3Ej2T8LRsEZkr3gByHFCbzDu4YDJjZjHa/kZ7vCvcRE8v1SlwH340FEdZih267O1c82Oz2y0Z6uX1oefSwLZCFvVh7M3oo3d4KTNljejM8+ShyR3gPIbrzcewfnEOAWmLpsq+t7Sdl4kcZPpTQFhJ9smZmJ09JHyoUaWFvsVf0VYosh+Eny/HAzKnihQzA7w1KM5zmgDvFrSFtlI0UkFyd81CkKWrz69iXSfBmnjZPtjSZQtlejgvnzEOGI0lPCoZ192OJFdh/IKd5rh0U1Q6JdR83JojhSixNwcCsL+KNZG23wbnj4ch9dpp5HcOnCDpyScr3KtppQJFaeagyyWLndS8Oheoncqy4vMOYxwqMQTCvZt6ZyIIQieP7oaOcqvd9lMQPVJUdWbELSpNkPyiuADdxAgvps2cvnaDfJwob6sWSBzcGr7jcZKfh9uDLnsfbAEHApq5RyB5C1BeV15um3dYPgeBCIu7z0Z6LAQxYjUQpkav2K+NB+/KpdMMttwKBughhPo6pEVbCgEsaY5XJXkdUEHqNcaQyTdUFKATcZioaZxlqnsfRp5W5tn/0jtNf5JvdYAyOCqynsfk88CEmXlzrg3vC/nc6fBpNzxT6jeBa/5HHcaqHRnfTacOyH3wLzHTA6uNTvhPr9DmjDtYBdNScdRy3oYLEJBsRZeM6VC8nWXVWY0uL6yCg81R9CjGKleTA42ewX9kzxyFc9s/Au/x5GzxYZPChjCsdql8nSlPYGK1vW6V/Iqk7PyVviutu4dDR+js6nnv/Qohm/HYPID9IQGRGx2P/zxsooX0rJv3a9SNZYsTpJP5OFrUWmQGNu+sby9IDCJ6v2hepvRA1qygWM9Ix6tHUGxv3XGENypu5w18bUj/aY3s8BdeMubmyVYQ9xvy0jdpvLGFy+TjB8DzgXYrW7f0KlPlWhvIhEDrKJ+/vnq/UAA6ohDMUqD6QOfVDlJdf3BB8ngpHGQRX3yo7cOCQSbRrWoUewNMTKNp+ise6a5JhR0FrTKehK+DR+GO/LvnodvXEICJfeAD+ce6k3itzwChgCJn2hvagGHnL/yb4p7+kzjN55kGVntSC9Kzh08Jz6sbIHPMdK1/HMZu4XSXIj2viW9079p4XSBY95QF71BBeYEOnDyLYPtzULeieV7r1bV9i6q5Y35LZ3Vp2pcnEVj7g8vqAPfXvVP3ARuieIywRqwqXCf44uhMDk8cj/YXDB/ACnkyD/k6CFodr4ohLDZWPqOpC5wjKc3SFKU8UkObNk2MJ97QRgmsuzVdWL3DESvy2SjLv7Gpi+C+d9OemH5n33qB37G2IfzYALCQAJdTh05EQ8dlZF6QNZBeI2mKe8R9w2cHH/9IrcnNqHyFEWih74bDe6CnvGElResX9ZMBje5rBnoIdxgmO32PB9TF0kCkzw4qTXXqdvjcKMaac70zTMBdmWWyQ6dcZ6TwQF+CCY3eeWupIcHWxmFHUVfVTf5ns9Y9b02NqZmEzcx38L6MQW9yryAOQu638I3XcLVn0utWNakcEpsNtSlgmmso8Kj/wDJzLWB7HQ0XicC0lK6RlCjmjpxk/Zj32+l2MR+eo39BsVtU9O6T0kSWo4NnX4DVPEKCIW75E6BmP84Y9VZWetg7G7gsoL2SeqFyoHsrIIKT81SChLXgseVunPTWZNa+bfQ+2bikREWK1ZFXYir0sd6VFlKhratsDO+sJfX4UC5PnENpa1uKQmk/w24u6yEVl8QrY2KJxGlbJb5e2SzrERkCQf+K/YyYkfqVd/jn8uIgmIVQaJXZju9YSUj37/sBBuFuyFOfwvOckOtyaD7qw0cIrZyKzTNiu9OxwcrAaeIbDjqkwz/9BGoy38SE8eVYS2aAFdk53Cekxh/uV8bvvAXfJBo54colnsKIVZ8uZfYNYZ8VfIIuHhMTx24yhFOswzWgPbnwVlriP5HN6/CY+luWbilhPG/F185w4onlXTH4OdYPQu41gWTZJQpZ8sBDeMX5ldCleT0pb7TaA62eBRr6iGHeAkO/MmxYn9g3HIwkCzXgfHI28Xr6wEDduj8q4EJ6R6pD05QCxrARjVU+GrHQZ6pNBCcSO+5k0qO45G0dm3ghi9et+McgTxlI74YgXkrHhIB+i+LrjQ4dIVHMS4DhgLexR62MZC3y0vOdr4rSBrwWQnqmdy/ZAu/zyPm01JkV+5WUW8c+xGlbV5hMer4LauqG/3Mn5j/DXKw8sUhox+SO+afbjzko1NnH15eu9GCJ5/rcsN5crb0QPobHPSmfTgkz6cX07IZ8Jb2AADou7OUM9lBSsCGCj/vy/V0ndtn+jC0Ye+BQXPIBPebwYUyB+qr2wixdIH2hSzCbZnOCOwo1P6dN2j4Tdq2v51mY1EyGUQMaH7C7yxnlw7Fc5Qvc1lcCw4lvEjP4ll8EbyxSt8bXZOpJ3rkDRacspsBPnzminKVvhNV07MiGjze5yhhCMa9AGLrvIpHmHH9Trw+k9GmRyk5XPioU5we7rdDv6KiTi+Vxl1mKZnuP9VCBezmexDfd0uAsfRZmKnZYIjLON7LGqnLPA9Jg/HoA3ylY5SyNcNgLVRZ+GqN3EWUM1uvxPDQtfWW59InnWk+u3c7+f9SFvfZAn2pOWFQOFTyo7S2Mx9rfyi42p6gpHhV5H5qpsXlP0jc9FoVw6oWx2MH34AVVnvJmLZg2azUu7zNBDO8Tlv+JTvocWHROekoTPckFnUC3emy2Bayt7DI5OZAZSUxidJWpBI6UYvkQohVQWemYDac57EdoTI8YmcHLBC0eJud8fmHlCtK5jdcIQ0nCeOm2U5jnOPf8rYi4dTYgCpFbTDiQRBNkrPBXYFOfKAH8tMATwDJLpv9xWAub4ELeFYQLeC7TdQ/sn3qrmfHcDXvlAgPKiaoPReUdnxcLJ275GIXbNQh91aQCUSktRQSgT/94J5tDKEEgwKUuJ+bPBAALPgK66Qmd3326gktALyoe/pdhQf8fFQ3Plun6iTf0oxrXUPiEYcjW1UPqzI9leyt8i0f2j2X8dgu0pgUFPEfUp2tkIyY/KzLZngTnapiLZl2lFuPd3XkvUd3fz+WNjYG6mJY2nSJMdPTtzf2VHiNmV9ncrdGo2EIk7iVIay51V39nF7paICUcFF+X8aHDn7Gojy18cWR26sVcxYej0F8Tyc+YYV+Af3Zqk2uG4DAbeT6AMmFsvy7ikizo4EIKN7DeVmCaqMHR2UBAzfXMm4NhQjaj+v4ifCw/JsxAFT/cKaf5LmiWNcadMxhFpUD4e63rbNy2yAcSyD0nTj++Up2RqAV0wUxhei8yhGhDbKxvDAxgnE+n6EM8o8TRqtCKXegK8NN1Atx9LPQEiROMhwU2aQe0kfJ7qqDyt4ktsK7+2TJREq7vOLO1LOaeGoVJgClO8jvwrx+sx+HoVrvJF6MyKRie4PqmL6rfdmB+kmGoHHi92HdHao89hPPxpTPvNG7hdzIF5oOUUqyRIBK73yE70AZZFLAEClH0gTkdweYZRBUoWxknvidN6MwVROs2lXSjZR7McFnlsMjDWxrDvOP7dK2DoE8E1XYIVKmD9L3KiAP/kai3bI5i9qqgSz4zR+M5wMSylJFd7YvhmNyDcQYAtzHZ81l2BpERFHpEGr/Av5h5yC83BY+xbiqtHM34gcz/Izjfg6dzIoB2QElvyfhpuIPGJD/sUG7FjKIcbCdA0bnsKGSke1udzGC/FDLBT+GbLAH7xYROiV4ieki4FtT0BYCC/8dzGwN6J/ZIg3HkCTOoW0F8MeGFt/5MgO3egM76DK9IBA7Lic8gnRTvJcyFvzgTusEIEyH5GcXoGhqvgrIWU0Pjqgj3oGtCBTDSiW2JW6ZIKoaX6JE2F7YEqOVUGDonLnKB9K3KpWYhhgO2JfTvFbMxzmqW9JN7iLLEzVeUGFg3G+MV7jGzhMUFgWISv5YBXz1QQ5FzqGBF7/+VFBz3VyOPoXuC8xbQxUIasv/OiLCMWAfYVbITMj2+o+QVStNzmzU/wNBsVC40RkDLs1Bb45c4h7GtgSbNMAdtVUmmBHNSRIqHKdAy8qK8wj9uoT8zRYfHJtHQyiN53gTJAakm0bROb4FCWyadP6Ol1o+a2vW1sXTOewW9gFywsLG1poml9SNlFLolcdf5xTEHtLRmBTtQQOVGiWuKb82vmMRBiLD7Ss19p7wIuI5+0n9DPpVXvtngiyJf75sqGm0LhwwuqOZL5RhI/7DwKhPzm4CuIvB27s8EKk301O7kRUNegLKyDGZdWL6+6qrWW0iRcPnSU/K6C31CTBktyxef+AgMFGlAhccA0Y24NTKfG1OuRM+hoD+fV3sKxFGLEzPtkGN1AsSS82Oq0dlf3NwQHo5lwEBPeaSuaHcsnqIUfT5JsrOjzNZyO/zMq+JslXzIt0UFLcWP7GmmZtZEfNQFIpP5iEr+e2j0Y83EUdgU8jVmj14pZ8kEL/mcUifPyk0fW3gmvEkZ5tXmUh88DLfvnGFr+nlbayX1m/ciUaUhwdIJsf6A8+Kk3fjpnia/eEMd0cyEKigpEw/AL/g9eyUppRDQOE93qxSUPClwoyvQrSfVJ9jAWADAH4d9gtdf2tKWO4C+KJXN79ElQwMUyzDu6W3SDJ2tbbx9hcXoMfNm2BOt90siqlz0nFYkmcBIPzWrgqO6qtlG633MEQZSpurt5oVBtfZxroJkAz0jvD3RMYOlBrH+jYLq4H/LRDp+qzHNnb5pPTNojK2dID2nzYIMW1YRpCSnEpEv+aNHNWQ5f2MUPxg7bsfrDhIP5MgIa4HM7o1ifgJwT3wLZbMCA6CrF5jS+Q7xyMp7bcdbQA8yxSlUHrTmVhuVf6qfkMWEIYNB9j7Gx7MuLdlIW0pQCEItyuPP88p1hE5fkM4iQNrTxSHUr4z0QUf02thLr/4CTMLvwY8psDreDKxCM1oKw+cbLeU5ksn9FETWfGtLHoGR9YLmPRt7ADkaDPDx4XziSdpF77EGR0oJFaSYiDWto8K/n0R1p0t1XEyRHCpfCj8RIzMpvtP5EnFySX1pk+NN05ESufnrPNbCQ3g8R7r9ttN+D9kDVbVRfim0Igd8UNHOOwmoj09yvLaRrejdhv9CEv9VCAxA5t4RwcI9Dt4mEZaUiHAeuimva0JAioUG9dw1ltIrfnR8j+GHXtHL5ImoNEkiWyx7BDu49xVnKRJMSua9MPjWpxYI74VBL4Cpr7vG1Jqhu+UeIpMCqnESepRAtvhHP0tNCngkRqtSbCRoP0z+uUEzj8MHkjWGd5IyJ7BM/sJNoGDdemX04iEu2Aom6KSUG7EOd/lrc4QgqBvRG9jJS9JB06iXjMIMNuBAYUuyZNsOi7PNavbe4PuG8uCr3Ytsq5q/Y8A+UfWASOExMLhcS3fME7BnddpKu5EqjWOGNS9C1Zyh7uYOKwQVvuEYVSyYea3VRZwLkOJbwXrqEA/MB0HgUMqq41JwN8/uxzsTkdIwHGxL5bbz2Vxmj1WnXs1D+vG0rUmxyGRlJ6loVny0Fh+BK7pc7oXp1TGYmPuQgVTMX8ApxafNGpEE7NFFQewH6U+SPROFeb/lN8jHo3WO7TwwgcUI9mp7W793kqJP58dt/VteFAMG13GirHPCYhPI80HvhtwFFnYzRmUeyfxQl9v4ax1tpIyocje11wVX6o959t9iOT7pY4JmidhnD5Hpuj48jhbZOcMMoZxvcqi4XknrtNy7OZUm4ZnEP8JV3k1OjSBU46lnZ+udPcU8J1z70p4FVq78MZvAnXWvbj+DSBoGDQq4Oh99DJhit50o85yE4O6UEOcLeFOKSNK17zUx/nonpTv6s/uMCD55ece30/ggyPd5FIhdnv9K4ARHfIWllmMTtBjULB6Dz7fsovMv0CbKv30XM4BoPLlc5iGIJwyA2ntunafE5rkQLor/JK8jDEBMFA3CqWH55RKMxzo1iJ9X6RVd9sb+B1AMMhct52Po8uN7pEIsooE9uAqA0UPupp0PFiL0mUns7QA9NKGvqK3pL8qYebhTp4WZH2WGQVRXZLoIsho9i1F//AaWvczwABtnZSzOUblhIhczh3LHic4dh65VA3RSGA0EzJ/yr3SEul1LhWYAhqUKux1f3ieoNPswWTVVMcaxRfiSEndqUJiblMRv+PBlO7HCzrpcTe1eNakRdx2KA82FTjYF55408XltpgBMLE5qVXLjwQ/X0u5pUG9zkxMz0pJxbrUUo0lAE1c9XI8EFONU/JR+rMZLl18uQfITN9eBRWM+LMK7LF/ZZ/jJvviUuKIpWhQBvrI5q0M6sosoY21C8EcS/0cy7haVmh9c5uUJ1IUzLnzsht9Dxg5jTgfpznu8N1r8uZg2WRs00CrHlTluztwzVfXQ9OtK2VyLn/ywiWw06/2s+KZG9qndewlAv561RgLTqI9/NDikCAofJOxr49CUgtivJ6SS1kKCmIeqIqFlzbHbKBeCtk8IliNeNjmfdOcG8x2YYi6yZ+vmHTPq8369AstDZXWV/Fkf6pCnuQmOFzC40PePaB3HVq3dJusLGzwFOESQOr4yoHQcdB1ClHqaH8cKx3jT3I0o7LacnlpKhUQxJVnjCzB/tlf+xbIje+Xzs06PePKZnDt8G4wGdYBsTgcQqYukjYSoRnQXXgQH75eso18IodvasRSrRIADXOP8rt34iWOyvsXfA81/v9+ZA2auuRTzAQRRqK8PbSkPmkLPC2XFqDVe6gC4stpl0w3N6j7Uto3otx+MWxhBCynioMWQpGDfAeXWaUQs5BQndtMFHGgV222fCDMPtRY6gSdifmPPTdMwo8bBEpFrxij9KeoA1nZGn4VHLUO+aFx23r1yNpYfghcgcgm8WxHHc4AdAu1ZiLarNcJ/W7D6l/OYrmkWbNR553giQ54CSCtNky87iTWVYV9WcHsmsFZhaiQwaFa8XSiqcHGW1gp5GxvmHBs1XGNyF/HCYhnLm1N825rxglhJX4LtA3RD3RsjhO3Mw2rLsdnB+rhnSHqrXXRx6nsNgSs8OYeDhF+Aq9GdripAfiEu3TMEUiXGArh81MCDCHMD7sw0GyCDIIV5OmSObUl66Bvby39VggdxhVNcgHUCekCVU9U0atsOBZihbsv/lWlZ/oxq8jy9++1lr8RZbi2M6K1Y4/QRlYxEBqzbsKf3lgNAAaiC0t0wvtN04BggZLEQLQmBcNweTWufaveWXTxeHBk0MlCPA3L+D8ngVPn+4D5CWIhLYE3vZQZoiXc/NcG9IZObf72QW12TGMK+AYKxdSefHj7yUOVzUD3QtrDTTNFueZwPI8sUlT7Pl4IpvSadDNWR5YOg/PAzxdzPqzQKTOnNGi1NlBhGVhZ3DeFRVDVwwPAVMqzSUPMcw2eMaokAQxplw+v/R288PplQh/X+MLY+wf98voT0sKPkLD+mevA8wwwrpihx0tXCDtdxNrzzMbtXV1+MprZOfCq0t+ak99t4VpqvmRGPHuIivFpESftjLPK+JIWvG/nG0bqgRf87bmPBQjJ9pggYmIHnyPeIv/fRoYf3rcNdRmM54eOaPhhpQ/X1ObDug8d8ZJFmR78l3PDYYFwTFqVv2Sdg4U/Oug+HEBxOenyfSfwz4mVj9es5dSvnbvOSBU6FFOX7Nv3aGKOuZDsfAXlJ5uKbAttXwJkP7z6E9GltYNYI6IyUcFKmeKQOJedjEjiABC8VKflJqv+dF1f7oQ/OxKo/UuBeq1BiSaJzZ+vQ56MJ3o4R/NZZ32eRyTYPeVfOAQaByp8X9+yHDT0PtELrm6AfkbsXySPRJUbVQ7hS/QD3RywNKxJkw1gD3Vr9jvDHu2eS3NkRCdfmEpgWRrJwT/Rw6AiJM06sCZwI0q5IGSZ0U/hO2d6Jkznlqv5Ow9ZxCKD50B1dh3krUqH9be/xUe127u3vV3jZPtWeUJ5kXqdw8019GRKQocWHOYCJQc1Ocfl//9UfLy5YatzgA6lXw0bI2KRERW4KAXrGPTNxwCOgQ5+ZaWDPvkJKuZnBh5401IuVl/PdzR7W9MOZx01iZI9mZJWYlCZX4uL/5Gj9F59uWBd1u39vhw4j4Qd6llL+gqmEGQ/XAwU9FokVIPRtUgAkpFmMNk5ubQF59xblNxqG1FBKZGxCJlVzGGrsW5V0/3BbKzg807o1DSJwp5PYV4mLvCrzmRqT6R1c0GLm8iqjWVjlnFajm22uI9kLnHSvNc2TkaB65pXN8Ds6jhZXZQ/QpM1I0e2BKuTIZJcxXhe/aTzooh4mZzXct//zqVIcUapLGCkrb7EWhFGwL2XVMNa585rG1c9KdxscsOuAnn1v+AFhOlbEIwhpyoycHo8XdqZK1wL31XyyAVp0aYrq0Kh8sYmdqsJ8cYV2z3AkfFykws2MUr2OKF7kNJGvZmS24lTxmcCbvk7VdELHcu7DdxVGB5moxAVU2fGSRWvPtfmHPZ3HDkvXaxwxQWDiL6ApgE4pFsFOEr+dp80K0G6hSD8hh40YjwBVn5jm1tOBqbwTcLojyigY9vqUQZuHcts/FaDeo8dUYAT3ae/g9EF4EwjMSEBULjISDhnNpTmax5JwLu86KA3wrIbG/hFdBz6tfxeh5xAXzK5SS3uCky9q9YKlx69Exz5qghWD/AC4bcPYi1hfJb/ckgNpZusrDKYO/w0MFDJzrTp09aUFbh3FbdLs6yUKvaYWM+EExFW8vNUtEZfkRSXN+tMAHoXK1Liwd1ljikRd036PpJnZHZtbrpYt23FCLB3ribb/Cy2V65/qFR6tIkl2/YLbLv9rdptys37p3CyW7xYRAg5sUiNjmhPgwB7vNpvVsARUzF7JY4oeZfY4hojb0R3GA1q1qvP+zsqCj5cqxQ2rhm/0JgFXpukT/h+yYAmYTMxfFKWMqTWYALrfmwUhp4acZJjyDwzmaL+dno/gKx06FwuQRL5aywhCQ83pyYeJ6B+bWAGGz2F0Y1hVPBqUbspyESgUmyXEk62eqBa+i/ANtVJ82ccyNCToWXanhR5dAOmusUays5xBIdkR8NAodKDs0phH/MWjobRZlu7ktOTdBEoIYFCT4bYuB4UI6zhFGSEv5gx+0Z6ET9PhhpkP6v20hBnBE9SZcpBKQEQOFbtM0Lm4QQQfAQQIZvHZlXt7fgJczmGx25PFlC7zT5RE8YTbBgw1n2IdJkVOF0E2eP2xs0ScoU23eQI9HWpUVk0uarVmlYQaV5lV1CyjkrDQvDA6OgeKkkqjNmepNJjHlQV4QWMch2M9Ee5pZW/3ZFbRGXyNBYbhT8089+moRGTiULecEisZ1m3jlvCY/I3+gphseqEnPXMa7RYoOxPoFP8XuCNYHlxVuQFLhyd91pbZBztdAYrcDGgiDyGsoyQqBD/z/oAkUsAfyM2AqkzFjoPQCFaThzauVnhaXsVg17y8SnGCAj8LzWo7e4ncQna734JdQYT2O0SeOuG6Nzd0YLT9HSTfCUfEXMNgOcKcf2Qofok0DLyJPpcMiA2tvh3i2UmA0JQgCUZW7R/LxplSfVVgXLtWvDJrAnyhwQ7LHKH5Esj9HvkwjJqdEN2nff5S7U9DFCM/mhzCXzyQzK7RMKHuFt3HXCoOIjYoTHANrgDj/XP5/WjCP2KeNqeiTJGKvIb5b/GKPY9N+5Z524yI1EYQu9E3T1LY0vK+wQMjl+uGl9DwlVV9QIIA8LN1fFulJ/b2o1pm1UesZZkPG6lM/cABgCz0FAeeblK2pYuuj0MpiOFsvm2rM4oelEhX+by5VNqt8UTGX+QhCLkasMIfSPl2b+9RwMiaND3MVeAK4pNbktPza6/hx0gVn3lLB3Onn3NhM+ULXKx4xdM9H7FVGgYP5mg4AG8Yvv4z03C+NzTQs+JHwI1gQyRrH2LCELitDeX+KWCC4ZYdnnGwPXD99TpG1NmsZO/pq7mv4AJk0tX25xZTuM/pylTpiM2SLsgrwT7D8n7ypE10OJ3NIYery6TyH70tkIrqkZZiQHJvBnBKelzPeoBZu3mWs/cQHDJzuPmYACPxtI50/CdVwX6Hseu9OjeChuU7hHmCNtGtiqO8s1+6Ln5E5jO1fbu90wzdaDudb+2qf66wXbDE0Smr+YsOs6B0Ra0LPtWI4N7hJConeuhr1kOOHCfmEUGtvJzNNjc0NRL9VhuufEf1yliOepVXHDh+g9EtHjldziKpuxpv9WmsCzty7grrmlMOeuLWBmM0hFo77YL4sWFdheTiOCBnLx+W8skgBCEu2bO7xUd8Yv2x4GEwdVbD29L+HTHl+PwqL5nj1uVkcAjLqPd0J9lBelyJj20DpZYuuMdy7gTUx4IwdItMZlAGtQWn7hoCdydyKhVI6oeKnoqgKyDpm/wRGyZoy+rFTRFZTbVE6uazkIjOqBdZarQWkVzOkz2M3fW3CmDAjQvnXetu905MiaQCBcAxdm7pv60wkeK0ZOsahWvaP4kF/gkShALhq57r9taeV/Wdd+Mn5hUgwoCgNKjaxjxsya1kyORm1KqGsDEAbOVSVxTG/TcS+GTI5S+AXCHocMiPx1vlXiIfkl7J0aYYiC2yc8U23BeSNWgxUXhk1OJxpcCY+XuA2/7NGL9T3sMhJfa4tJ8cwR8p2U5QQ4dK/I+PSiAnBws5dfgyxwOgLhv8u9oSdtbvuxOhhWCZpH6bN48LG4zAAmbtqIJC3NQXcgA3AG2vx3yFHAMVIGR0GOdBrFXXl58WHsO89lQp0oQDUC57SCIQ+JesdJbyifO7QjUtybW70C5wT/WyrDcu9kIBZ8dMPlwRYhI0HH+yiokaJfdulP1E5ZX244Fq76MWezHH98gM/yk065V4XeLldp5lZ9xCU0dHUVBOD+vlg8sPKWTCn5vJNMjyA9uAYoiOoWZBN9IxGd3Cy+ONj3kOMuYv8Pw1j92Y+x160/stNin9qu08fuXALqZjXGMotyzjO2IVehBSI2ICzzIcmnfKmrspWypmag/PpsMl0VZOEu7WBRBwiRzM2Blt8rcDwGTRmCOP5RHz4TcaHKH04l7nsyQQTjHr6f3IAG8prIWUioS/f6bzYUpNEjCVsV0nqBD6/HBpi2rKA8nzCGn+Y3ogU4tRdiA4YDTgkX5Qia+QdT8dnIMi93etbPe3p6JvDVafwJHrGSS0MqkPraHcHZZ9ZqcslHluelpxQ6kaRRPFa2YmErE40Q7GfywhToltnvRxPbPPGiEklIHHFWlMHu6MyYdBSOyFtSo+wvUN81E2E1532O1zgYVll+55zvFYxo10hXt7BZH2cfpnVrMhaGcBIWLbRCAYHt1A8q+UBEqpZsJ3ocCqVOQyjbSx2X6BBAQJ60daUUQDqN6YVmEJGYG8ML5zMcv5z5Yi3LFS3flyQX6ikCC6tKLSGu7/lbexja9dA0aaS5HLH2HA++ZVMIogIk97MNmjq/y5EutXUF/ctd6AfJwUVWa4bMlPdpXfwQp9h8qahwrR7x9tXfwBP+oBqu6bAcbrwmH7ABOEO0AUcFh2uzTOg+KuXdnQiwjuTFxW7O2R74auhYDXa62NDRI1GtAcHlYX3anCQVxBqUul0/llgfIn/4HQVjVBOginlSdaeNoFSHRWpeG0Xv2oictsnf0MeuhjcQ+cFs7YdwySTMql5nlRA/rjhA3ds2H+8B+0hKC+02iDF2214CgIbom+KLvO5XnKIV1bmR3ToItCHwccGDNyA+rYUxlPZuwSPI6M14YaO1oGDcnPe9IACLyOa3U1YhBeAJQdchnRia8TSnpeQu2vp4tts/o1j3fWoHtf4D2jmiLaAo8IZxw7seZH8sATBb7idY9yOCoqmdK0lSt9fJeuBtUskz1+DgYsCLWzhBtzW0hwXLQZx1RqDn5OMfkJk4xg8Dcf8GklkjeSHU9jW5G9/CQon0/ubz/EORE1Qaj+7Liky1Iq58A8qT13RAkFvv1ckJnm1jW+DGe1eYPYaFYh5YI814I4QmJSJ8leAtczO5YPNAClI+8RvhESiGvYz11bZ7Qr2X6/k9svG53FbOLBKO1eHlIMxBYH51Bc+E3qvknVwNoiq6TMjzk3czziS4mAsM//lPj93lR4luxS7PRofOQaRYC0MCZ+hmihntT7I3FZxEoW37f9BWmMEaBO01oBQVNzo6V0fMW4XbdTDAtCBAZxe5+3jTpm8bvG44qfeK7kbTktuKYgowFSr1PIJQJ+AzqcHd7pd+tKIEiBMtyHrz1eACJwrIqfo/1zDeGNJsL8i0HD7NqZ7b3d2vIzbYRtemu3HfJqc0vyPEEs/93NAkJhl1mQs78CBuHOZCTKLnasCbvl2+PWDVtbxiSY/SYLbHi2cGC2+xLSyLVzRML41lErumtFmBJbL3TQNw9yjpwx7K029p6P7EC3snfkIc05ngJuA2gQbRav01FTuivZ2jsRWED8huwZ7jBKa+VURdYwIvPmGNN1GCBoezfqL9WkSWPXL31DOFOoF0u3DGKQqjEhWYa3RxwJKpumTbPM8n4BYNPE5K8TWoJxY1nIA8eWCS8OrpOu+HUjsEgTQOrt33KIdYx2KB7AM05m4LyIz7y8J4GLV8nke0NvYIvac/vrzNsr0plH1mdyI/AiSPRRdoxtzNbVuqGsjPVcD3REktVaYqZg1OHhZvZIfhpZ9r3iCEi+EnlrtH+PF1ni4GYxwVttdV78WB5chC4Ogdd4Hife5kCQBgR1oR7ayEmqJj87/lZFpZIG5CYjeBHuaKOgj7T9GVlqIOTCkNW5GMgxeIo8lySJjela5f7zIqg2q9tglVhWAYZY0GZMfvsEvpjiV2ugnPOFtM63gCbyEeamKjbA1wxCSgRyFEQEhT/lFX2STuRNrAqg36aEOUg64VrI/GsiYZIm6BnE+XkGPssd4p1dxwas2MLbruPkITjdgN27UG47AEygw05G5+mh2eItRwz/QpFK4xuc0qwBaUIuBuJECRaJDh4mxjrEk0gp6QOiMvOhIusflSfn2RknaAu5n61EFTY9+4OUpx1EywtrwRs5rSq3vdmM1EhmuYD+ffRE7xpbrVXc5/OPhqKp28YEV7Sfq31gl1r6QZk6wq23sydQqUZJTspEjC1nmtrW/2y8+WftclRkexv0hWlvff+lxZFsaI6leFRYoRS+w4c62iZTkKkfjVkxBsGp22z9vUrBJ4VPyyE9gSUBgd2NCiwecijR0IyoFGC4TwUeNvUiBPCMD4TupYSzTQOFx295pyrOn9YTR+/98LzHhCObI0JNrNBaLJXT8uWFGHJp/vji1e+JZfAoPaoKivEt2DwRPg18WCkIuBNIj2oLEdpGe3k3E3WQ2HsCqpGxiBBs3UWDyRa6FYGQg5MB5yWAAVPyUPbrld+kXxg02KHVsYL6OKVCbqiyJcTPC/itJv9y4Oi3H0nOeiGcWKEFcn7MZcJUkOqF2d0MCKDRcRzybppQTPEQmDzw6jGiqeV1dsXZ/bdgmQ0A9vCoB/3KyzDh2syStP0EKIfQENKYlon2Ef58BDAupEiZYX69tpdiQ3SJae4E6G95U/0ZWvSk/p2gfD7l1695QDQYwUwR7XVI8vSVHlrGxbUIwvXipy+Zp+SJOWBXTrwrJMjLS3cpL0r52h6DO54lFeeweglp1aOAs5JfWdfEh96N9XwB4/01df6E30aQlc+lZ1XqUhDh6EzcSZtIQ/sEOZ1G9poRzl00F29hrnefsruU2L+jBhdweLSp70XLlB6SPrcAUc0FToLH8+vdRQqtAK6phhdVRc6k+tzJyAZew8JfyG5b4o4oFg2cdsnLYlUQagYsfXuQU6hzhcGOcwd9l0bWUcoNOH3n392YpCw3uhOWEwoVoEVx6mV1/mA4w/Pne/DvpNYDqsdPNEtHFznaJfk91z2jGhYhx98+XQb9hYtE5VOWFHnKfsif+Gmj1f3GChDoXOCwU659bDNNrL7Z+hsipehZxVMHsNc5AlDlNv5iztT20VM35bT91wUDewHVEYm+oDGsaEvap5Y+bsWOfORgNa/l3OSzdVQ+Y3THqQSjecyb62RmJdCIdjK/EyQFihbiq4khuxI8kSBKTraMbM9dyd0I96f4GnJ8U/YPaVZ8QJxdp2SCJJBnR1zMOdcfEmt/Ojrk6lclS800jbZri1VBX2xbA51qk8x484Y4a3dgbvb1rTbSuN97GmCcixF7oTRqS9Ap2dhODxGkOBphcs5OL+gALpoz8030BTl75WHhmaWRvvyLxpqH1t/uzEB02ck1GKqnzDVTM3k/0/YN68i+wowJBrh2fUQ4QI/cVjHTbRqpK6QqJvmc5KTh3wDH6dFxbvFC/Evh05ewPyFmJDcC48rgPB6dK5SK5x5rdSd8RtyGIix4xST/MheLSC3VMByBsoNB8Wn0niEkgy/Jslh/LofRUrbBM0aMzSWzUsQrVALz3FQSgofAgutVsznNFwmrXdkngxaET0t3g+O1MVUHJvqowK0ajdDvdrVf0gs/sBXQyr9nHYzpuvO6C45Sfibeqq1/TMhVBqiWnSeGly1pZ1Zgcz0u4AZpfc9UK5BvBCmamGWipY5DnFxrYnSl1NAJTdzg7bfdJ/TRNtIizvs5Bjl1fVjllh8rbP+mDM/N50+eW1Nn910H4j5Avev59FrGvFISBjjhNvJnphxuASsrZGvXlwgEtoqMv59o1a7fDlpVvHOnPoF+KruBcMkguNx6rw6156OogsXYhgoprp64oRIdjvr3RzJpGWNuNmY9taAnfR/bny0Tj/hPAk7i2xnaJwwsM5cVE7PFxiSDWW/dG7bA0ApJi0SkTvP4jkUC3VjlJxSm1g71g4xkNwWJkAMjPk0obhpTQKTeWFPcqkue04axHnJTZaZH9SJOOkLv6zMOcL1S16FQh97zWrGiWBwCUB5jDw8BM4yfzfpSCSUmfHLF3BYqSHvwGnpDkjUpNaJxo7ALrijo7VF1JoTEuFZHnF97x9bJiTWysaqlO9WWZp+Wwq190VvEKASxYgB944J+dGbOiVb6a5WY+1/bx5FNn9j7aE5ZT7QjmWpRiBw0xYBGTAKX2acV3RbA4XwccNozc+P1itGk3VOOJ/zfenzd4AQ1qNnmLj0j/rkgf470JPfHfM6jlvzdIJJfMcXuSuac2OqJ6YqFXkPiEzxeXTicXqm+ZvXhNeddjKMrUQiMrqCkK2w2TQqPEm9z4ClbOczDT/+Td0fFpaHKLVwoJ20ft1/ZYgrWGTuI4PehysxU0s3QXyjrjXQKom+Aj0BjdJqR+dk5nfG74yiDRvSu0DSTZ8o+UzDYvlKqFwAgiYt3B1N1p4H9iC8xMBBSKO28rJjyTO2snKQ6Vv60477or4O25Gm2Z/fG/l45TCdti4r3twstoGiFuKqjK8Lk7fmrpfNjNtvv2kERVSDWDM/NSZ+ut/efMqG+27Dt016BS9iMY3ajOcurmXr9sFfTGzOIvoL1guu0BwkamOc3Ce6wXgee6q0Xr+S2gGjuYq3u55wgIudm6+mHniZ8v+ea+dkBXlIKx3EPRVlhk620jMqq/5laGMBmhkbgDS5hF8WMGZptxC/QiOwmP1jtmn6uniZ5GY+J05Ao0TKRB1+ennLBqZ+k2n47P+5A8OKtJNob9UAZjNQ+JZtclzvuulIDinmbW2/2OSgeCpuM2v/1OlQmL8OTpKjsVky5P2Xk0HNoMt6aFmjWYxWWQKmhSSRlg+o2FOrsTZSkN+fYuB0AIs5hJ2+4bp50uRrAMPGh/+Cz1qimfSgDzAk4WY+VLYy7ZWIoRrW6m3pLVOIDBVVevoRdVrwH++DlFa2lWv93mzGc/GkP95L/0KWyIF4GmfonDkWDaYIamAoyZ9lJG/7JoYRjaHAu1TIShGD63Hty+7WCDvFr6r+2h26oY+CVUOYVO6sNwjUYqlfUDjRGS88XvFkLnnSs+hfptvrU0AjU9JTcf0dFq0at8mybBT0qmHMjvaOdWTxXnytH7dOrOdQ0+TI+qJZ0fpDdTL91dqIHgzgCM7py5PaYzRlN8D01taal2vZVC1YEPIILY2GxEf3k8de/uF9V/rC5shBswHti7/7t0KZsjZ0AISxLNsIffR11tQaWlJZxswnw4MWUsQf5Lf3Zi8k0xNBVWKj0ooSoInzGEcvrN5u34bwRPAfQPTAdEIab0JI0KmeEBKsBof4Pj0J2ZkdSY++RYiur/lcnJTBkicCQdp4IBvJ/agTpzaEu67mwX0cm7HCa5aN6v7H2ly21L2riqJqN5UNxvfVIlCdP2SvCxG7cd6Iqxf8jPnwL4t2FYHO51I7s8wAy5TaD5zztpA1uQM22KnuoI3PNGadxddiQjxORnACxcm8O8ORjuXuGDEivS6lI6ZnSCoOadcYJ3eADYtGw2ThHyIMDJnF0xqH3CfbxL9Y5ucKOxUnbUKEovUBYY2/AEqYkORnbcY3QNGOEF1YA5p/fXZ2JO4ThAyhqrf8xVywl9dxaZIAbbAbDI9KS78Fl4IoPZJJWs7pun5MrDbBHZlD8a4ApsdyjVM670baJhVAOB+ZqI683KZ6NLZRSJ+svqduKMCEzDCbDHCILbz49wyhgCulvlm+Hi8Bw0gNESems3zWPh7Jcg+gGmEAqnDjO58f6aNDij0BIWq4qrgZup+6mkD7pbT3mZ9f8qH7t0nPFSPCIaB5a+qAuow+I48Fo6XFEr9P5xMH/Oq/5/XhgPa0VStK3nCZLpq6FZTFiTGcz/+F/O9q0IIMThGuwUEo6O0H9ExGzZ7tP7SsfO/j9oMVgLn2YYFXFmZweXHFytxWpsYzmkiSmNKYfBz1tYB0T3fkWHQPZ5K1tYiJYt9+amlIjxEIi/DBBwWgxWHu+jfie93z1yaUmTz2OjA3t+NX0Tw77hNhG3Us+Zpqv45MB7lNE5nb7N94hDXw3Y3i8nANLw/CZKALsbA/KpjehHc5VGqhyn01pDKcsRPSVOodh0uhGr6/O8/2z57yBaYIgFJHHENGsBfPzIBtKQ4FlNVfGcml2DoRETWF5zYoOXlHX2aSWdTxl5Qs8rxwacD9aD3/3FYdqTzdR4iCW5LwsjCpG9nutDALw5QjXQSxB4vBqYzanQQTnn7zY+Lv/uNiBd23HtO5ZL+ngcCUJVJ4KLvqaeIUHi3Z7Bt/8+cXE9T04vJIQWA7ZMF7po7mP3f+TAHt8g2tCg/fQ94khx5bhcT7vyziqbXMctpYOFzxOZTqef7H/N+o19QOKolQmzVZlbv+PmfooYMVVmNMnRCqJ53KcM+qsa7zFzySO0JJywAEI+SegItxDxWt2CAx4uOFdPJVwYgJE6zpxCbt3MSBqbU0WIAnhI2RZFYQ5dWLbuNmtDKD+tdjgd3yVhYalAFVlGh2GJFTvuxJ3vsbIz6Hfy0nE3zt0B1m0gEjopAydLo9mDyKB8qEKHBNqNzcpIG354n3aYILnECM8rl8jsMvWOxvKpFkGQg3hxn2d57jdaUGHWi3gPvie/h5T/o551Pt6fQGFciyL6pz0L5hC1ZSa7v4t6MRk+5D5l7fwIVrobLfqnjpaMpMNCmwP3eVhfGlWJrAb/DjABmKJZ4KRRGKP6+DCnMX0ZeJfwBAiHuLiFWkIcJ0ZVrD+mtP9IwkMtHjhJr7dKOPWCMg9dikBQoISwgay5K5Le+AI6B8QHKu9q3odBRgDEuxI4M8e1RoZxTfwmrSH+ArrPIEOrX0hXYk7Dlk/zXY5fdwpBp6lbuSTtgdueTcGwUAN25QRZ9jRFkdPSfaw0i8nFORHW3wBie2YL03f1D60kSOyrFRCrsNlE/Dx5ebcjvehItHe8X3+B3HW7ermh63nV0dXqm4fVTXtSuHmHDMor+y/mdqxHlZUNo+awAYXTwU0oh/wG+bh4OVsyGK1B5UDi+vN9NGE/hHgZQw6LagyNZ6Tw1oeup6VCRQnCnIAM7zrBXcEf1A6H2ilH7oBSaJm6euNk6zHMEjHQt61b2l6hsFVMsDFNJ0AD2LUFigi+oSZNYQyxwRIWxBhCLVNORGYaw1/cNFZsG+f3FNHI2a45lhQtIz+XIyU4paG1srta5/zO+M5M76vRg3HsWMR1EDC0+V5cQWAsZy31zViEDNYlb6H9ZEjv001tm4HG8gKmRYqxxbtfxKTjM02XikWmMpVxvDfbOV+07ul5SYEhE+gXyQ6w4q2SNPV7XaH3oB2cAyL0C4f7BqYNdjk+g6ykf40R+gBKCekeIJgePPRsOkK4E3zDczSPhE6pWco3o0fGyhxUc1IlhqllZ2VXrhi/3TW73jjycnInL79LFmXyYFZ3teyTA0ytjyTk1TgdfhCeUzRvQby18ufjBYCtDjepQbtSu7eaK3qXXwSQYVfNpjsJIYDVwHxSDfr+P1E6noD6zvaK3jZvbgKiG+TVTX1bvXGsUAocHg2RETkZ3r82h1+UKQ63ODTN25w9w8JPz1xTffUPh2f5MlxHfLmB0U86Ac2+1259h58DsUKnyuay8VqD7D+/chlFPvaSvEE9iSd8Z2+i/6BzvElzUkui+3mpI7H8AF5pZGcJUI1il9HQSjwSgVoK1YDOQgFjsNcq+HNzyE7OMmV1QkJgELN8pCztqRYMiEqO2Q/WmtHYzAWVU8WzJ8/V0sPZA3A9pRrcXuqF8p6iOxcYALeV97bH+EK+qbZghFY5ox3NOPNnUTM8wm5a394taW8pscfX4t9F7O6KgqZ7HX7QSiBteQIzMZdTqyzHd/6E83f053OKD7eC1QTh69Aou1o0k6OMogVq9oWY8kbqpJkVdfq8ElLBu5wdvMMPloiGQwJ/2E2aFrmG2QE/DpXEMAEFE6xvfoQ74VteXtMwX38YLzmU/FEC8TJItLq4kR9D91ynH6zWO1svc92W0JUi8sY/vIi6+oGxvkRIiocyBpjITxINZpPvIqEvov2AAle7wo4ToK63XM95gb6OwePXbfyWYz65MasF73T3ANjbU8QfCBGpI+bjIEJf8GD0372Px7/gXgz9dZsbBGYw57jZQwF+quhnFh1wxQXKj6lxHl1EFWZrECtjBE/H20C+slA4cwIC8Z7DP/RmaxXTyn4KvjXLk+JegzGI7HSLdisBquTUODo2ZcYPBtu6iTzcblCiZl1VHPI0x4pbksMxDy1RaX1WYgnCJBUABUgaGYCX7Alvp3/jHH+v4Gs3sOo5IO6Rys+deLt8BEkIgXrb1s7zacH+IWU52jF6CfyoZfm/bamh4QuH3kNB2OAfvfVF7vqSJHXzLqhEnnwlmFHZXUqaG2vZh/re4fbLV7k+9WAYdt38vpd4WX/qUTl7+d+fUSRzSdNMIITkBEcfFCS8VN7fCPK+4PLuP2pZIuUyQbk/PTl76jkdKm8ZEy+94jL99v7rih6EbGgW3SMhlvkf/xkjm935XJnXUYkv740eh67I4E9mZtd0o2+xV5KVnp7N/k5hHsn47yNjxXbAbRtFVdAI5rR2EmIdz3jfvutMVxNxN1HS9nuXtPjAtYGD9N6W7UMIiMRs3DdlexmkSDCzXro9kCOa0KKODXld0miFVow/qGF7vr5TOwV1eqt7LoS6g5aPf5k2lwml8XygXPeeK6oETnUq+wyfcYo5CBYk6OdH89i9nXn00KyBsVKwzH5TnljLIfts8/40bEmbDsKD8+Lg5SjOK3ti1X/6XvmX1q7XLAl0FFFxkJUqzW9PfVCnNzPet2l9a6eeGU2KUNeAPCg9TV2AwQTPr5Klrum02our5SbNU3rbu/YcrP/0VlQeSGvPrYwy60PYKFZJyUu/LMdrsw6icTyIfJheebmYxJVoPGBA1aOk3FsCRUHfP9CtC3zW/qlcpCFB+cjpkVp99FxAh7nJ3+6q0Tzn0nUe2Lkca7eMayFwA8IHupltW8hehlOq82cjWmoOyjmhkbF8beqtkJldvtXu5IBccrHwkTwq6S5nGX+QM+YXCLRdu/C7mqtAGsTV1qWd1qlRCTuXYWqS+yBVV8okpsGVI9QiYNSxV01VsQZP9WSKeUeoKyMihhCEthUsVShP2aKM9WLANXexvYs9t+422DSOMBSuQjjvc363Feh49QP14itW/YVcieQFv9tJN6voi0GiFPpH4cLLQLMEX5bbYB6dm9DcvX3Bq+Q1/S4jE8yUU2w58RsXS1562WPkQPTO1sXCl1JfdW1BCP4jrZAU0X+Cfr8V0GNofXptj10WkKEDhcy9L/PoHSd2VXRFPqz8KwNQK87LBJPHKA7tyOy6ATP2MFwhc1/4kSC4ecTVDrBJaZ4Av26n/caRbxkeg9Jyo3NuHyQiIz4duC/ahKS0qselYzB5gnLH7x0MVLhm699szElRYK1Fiwh1ow4PWT2MsCWQYZyEXGSvQcXJDPqjFkH7KyO4pgve+XtNttRcXEiiCPOFa6qxqjGSQi49xzQxcmbcZdbUMg8YlpsG6hBeXZrySfXgJ37VkqW87c+oJK8AMGahpjxhdYox8uV8Qyb4oai+rq4a44BkVFrBAgi8dM0/C/noqTwHQ6d62IncVUay5zYfpP+PXIlnDAnP+MpwvpLaHejrP1RuzKnNjp+L6caZnE6z/qd541+hq6r2+LiYSfdoHcMRqs1+Bn18N0hf5fh2q3yS4xo3DSzPYULSGz1nHaTQrCG/M6LCKqIz3cYUbwVG4VNGUOERtfSbRoHCv88gNyOE66DRAwiweNAFm7yliMY7cdu/Av5FwGM/FeOmppqkUu7kyE0nfO09rnAdGxUEnXk8Lrlup1dUxVg0PdnFwjvYUi5c28Fz87WHkV4KyEhEsaNEwR356rGfB49Qu7xMzqi4Z28i8sfyWAV0JvznrHe75gdrNbY752nU+jETcfh0DRNz2Q111gkmInKwQwykDFhMUbEmh+wxD+tXf5TCI1bZ2MKUnAHR5g/VOPb3MsnG6JPM/56zVdq4Ib2cF7B2vbQWfbm2BLqkLs9GPF7/+ta1Lo0ut+ysdsMnqoewmEg8Qqivd5EYdMqBLfInh9i3sDijqCojoGiWdsG9WN247yjsa3mg49eewY2lw8B9tDqO773Ah6lJ1HRO50ZjjRofa75LWtB6DKnU2SvdA/bHMmwTrtKdpr9i+I6fBgmdXX1GI/vYHOUWiC7n5/lItbHVzvGrqg1BfIhNfje8LWZqiF+5kBHRjCiRYpCGP0uDVBq2RZvmXhD8F2hVdeZMV4BYFIqGtCEYRaZnvP8uaHaZz2ymS9jH7kB6QAYkBw9pFLmpGMuDVN6FZSMXAmGJjpITGSTxsHq17kHBuN+TAwoJ0GIb+pYabhZUzQgBsaAVS40zlf5Gf/Lz+yce6Neo3Yfmo9DJ9FHxi6twQbjLHsamgiz0gvZ3Ef2a563XdRO6AotO3Mn3JGWNQKKeFUvmMahcs9+shG93A/7OXqVL+maCAdeYeCrWD6fuDiiz6ZBq3G6hdzyKU3A5V2d8H0FE3Dj4DxZ379T/0nPc/5WCNS8LpgbPdtOJTVvILo7Auy3VFhyLSIOQk13u6gxEDCo+8INNYNkqFk7L6G+9apd8N4g3ZtXag3r422jUz52rRUx5iJTi0Y4n41dhXCo1wrnM//qAXVbMdP53BoLMaDgNaOxrSnDrUHpbfpaNJhPYm6+569GAB/xrBj9JO9LqdvVA7qYCj5GeopC5t2+3uX4hAX3SwAPIWhNhg3iskmrAg2LCt6H5a/RoaLXOtHQvBFce9DVv/8Zb293yFIsPUmwiwQe9VJOta/hQGOopzlhGYJP41UyZ34wrFZUSK9KeBQ7r+BNqKOTymo05iHVIsmfxoe+WOUVcZzO8xw16iDGEm5MTKTPk8png2KYTQ2ooN+UXTDhbqLWfkC5q8HqNjei4yhrEi1l80fNMT4CtKb62rXZZxa4dNqxUrXNMq169crHcS2rwC+ZnfpwFM6W2m1pnWKlQPXHcUWJa+dP+2aNf5G7JdTdtpRQ7Fe4FjioHnnOtdHVFTyzRhbLYBHXEmuHlHqzlEnLfSEw6Vc/nehrsT8r9X00mMgJzPzwqUZHUbO1rMWELepgAtsDM0/3Q70KKWHJS86w5mgfBIsoR8vXYKefe46LwxzZRtDiaQAhH/uPZmFepIWGc1hf7orBzdLql5v1BvPvu4iSFx/XZ47B51KxqAInoj2W47JA7k1ZoNcXW0wkPAWMpg5yCOSu+eOzxmEi3KuKVvnOYsm9EPdSgSV9q8fuYRIUFtgmiKtrxc9GAa73wqlBVcj0Gf6i7LAwbxzMechlhx8ZEjKvsJJJPPp15g8W5SSEAMO8s0WkSnrKQYsTfrU+wSCFXeCWsA1OXJhFkVqXzdfEm0mkBxtZzjyisFymmcIVlk+GMdLan6Rbg1flzVysrpXi1mwtCbEIqHHV5mkqOMLD4uqmC0+hzLYLtUzS+P1digtTkGNXClknPChoNaV1ONldwz+M5g0l0Su+q+7FaFaDqTxf1MLaHokaRo+zB6Aj0JwceK6Xkq1zZasxkiJjuF/e8+v1COzI3QqzHSEFPuVB3QTCZlwXJ5cFUzIuECP5kKCQkVYi4R9lSg4oBZHhLTAcVHnD7X/+AAyipfWBh1esFcAjeR1iQsUzCn4traVpG7sE64T2Be2Xi+4bknyPLd72ZZ8vwYbLt9kPmZOmFu9Hn+BsJrlbimhXmHW9LZP3R0P+XzdRYzT92D4/4SEqE4Kcjmqzy5Zg5xcphusgQJsvaNHF1whE8tFeOlQzctZJvarjWYwT61rfFFNDeH+yYs8YZQWl4te9dxPGhDjzRWDbQEQ4QHE8uxnPq/jz2Djvxhw75k9IcWG3wi0/uz09C51Dr+xbOX62zaBbOx4iwchHHexw3ipaSRs8k+3TfRGYYMkC3FAac7knQ/B4WN8JAfxkLLdyuugLInoCpMP1WoVriOZ9oLxN14LIX5y8tGSYQ6sOGYvoBam/Qxwt6U4jiMyDfBPPU/1q5GqbnLWZmNZjy5jvO8QINogI6Y31wWdXCmL7c7B3Dcx9odSI8M+eDDyq4wnUWxTIjZQHJpnLa1X2uXqLpdcOi4I/rUuUhDt/97TYH7Mg1eMouHqyAOrPkUq5qr8dTUklF2q2QBZ9n3LNe5AwzR7EVQucG8ZTDxly0OI7yHd8Vo8II8I6aIwLpgJ/vez9P8kFtiYA+ItIxguH3cqIdYkjQWFGG4U+8EqoLbWyvve69JyxK8xcAqyjVVIbNOMXbi3a1/JKMPJbkc4i9/E/0wqcdhAzEuyN1Jyaz5cIDXv8kAJLpa6PGYDJEX6XrwiThj3Y9hgG67ks5oiD1Ex9djqcRiEKF4z2ci1GCXKPDg73fy7zB918GhAzufl7RUhfA762FrghK8pHjyPkDlDFz+5niBFOr3ErajKktZ8Y3SKSCbPZeI8Za1zDDQL0UDF+uEspxuT4hTnYiCv8OGNNMAOBJq3PbpQT+UJbh90ir6lSVS1v112lSL5d5f1t+B8dOcxX1gwb5gFSNSuog0wU8YYsAaWxPIfSlI/t12BWRVmPi/C8J+HZjwT7G4IvQtDN80xdsq9KgCOnqDGc104GGDoui2ZqwaB0E2dCMx7NtJBmsJPodmZyN0uG0ploI+YpFU/QpCZjgACgEILLvPs+EGUk0ZOv4yoi/OJpMT0o+7yEUJz8wtYhuETyJPJYlVzR5/OR3Dwbv32qUosayTxZqtipIaBqrmFOAGz0/410nW3/3Hiy78X3gYKR77+/AWSz+MD1Pprbq6YPvwlnTMtWXB4eR7YfrPphbQcyw1A+OucEGGFc/lXNihgVWCgz0BMyU8mCd9S77YV144gl8mvwpvPwQE1Kr6Pn5rUOQQET0sPCY3e3GHm9B3aXl/w+7t/6jvumg7i2M/uC0wAeb0nc5PZ7VBCAOG/DQTUSOANFYMvBQqyJmCDa6YyMxD3hMiF2cT01JP+TP+HvdNWIvqOQXbheSQ6LLPmk2U1IXijQm5o1ASBqXqk42k2nTeW9tLaF+ipFuEMb/vXPSQAEykhUFVfKLw2JVu0/4dvpeP0jQyoLy1XS9bXZ6N3EmLK0yQxM8h43Ju0gYM2SfFIXF8JWNtq2P8GwGc21ztaxzoDwTNJN7dcXmJ5rZlUc1kAtOJqZWsEq+ZYBC3/gl0q25rCIQb8tRWX+ro699NGbTZnx4Tkvs/+fVI0GL//7XqbhDGCLz9NVSa5QZkfdY4obNNRqdcGeZRrH+eLghV8IAsNQumLYak6ADth1PNxfikmTVHbySTKGJ8oPRqqMUPqcsBPgggF+j4T+fWmWZ/YaU8Nxsy+EZf5MFbYXmBg40Sg7m70uYlGdOf/zjt/scv/jjX0I/spkoy4F8E+m2vKjvCpmNbopYOt/P3S2rQ0OSbwzX1tW0GImfXAD2mySNRfu95V6YjEYMkQAUgbOyVnF913msfVcTWFkb5C8MtUluIkLG6URpZVT7omluNE2F2IeKbb99eplDfpzfVuBoOKeqDAaY/6PKITe+IqnXRmWl/Cf2CjcSIot6ZVUPmiUry1METNNGJhLhBorXoZ6BT6u7zuaWz84nV7+/qwFhBW5CSF8Zw6WrNed8t6b5yprrEA7YWczSF7nYgCuZDhGgxgtISV4qAMg8uaBmUShSNhgtd6PEa8Dux4LSD+s34KBKUvLMXaKXR92psfVHIv2UsvMrEs129VXnSSLwnNn0ytnxnRKpZ4Mgp+TVLVGoCfIeVFF/lDN5DfyAXKXIQYdUD1istWUDcXz9pPYAmhX93wOPpBtaGhwpBV55wPOHQTYc+8vIsNJDAtYBjc/3O8+/2LaWexGrlJeGA34d+JHGamrgeo0B7ZPcRfbkuCW/6tD4d0Rr3eQXrRf7V/jOn+ohNG1i5EoGmSvfmGp0tB2gnQG3aHNYIH0N7Micc/PCRA+GO+8+fEEb2H/PnorS0/uUJt01XbLgQAEmw9vOsYrnmfyxkiNmIxFs64DWzexbjBXgAnr9nvjoaNQgDT4j5GagQuYHNnwrgE9if93nttLgwgxB7cGDnWYL/4mIlC3Wf0QPXPhDoq0wrlraD636Q6J3tHZk8cD+UsjzlkgQdurYoBwts2ljPMzZ5tjpLxGHMvR8P8NugAlHWNSsUN/d+l5siaZ1gGEhVOY4irvo3AIxf84iqsgHXmksuOWodFcuFjhe/vGoJtRiMZoiS9a+C2IWR5p7ivq0aeNH01wAcabLwDyR0Pl67m0QogjIr/v+/tQRTG1nuqOUs9nHOdfGcs/3/vG/CChbiIGQqfu9bpdSzPU4IefvSUDIckTDo+hiZ7tQ3MMbmcHwhyREYG3Nh8nHZlwG3DYgzcrdJ+7VBeEjm4q5OKTGbfOYDBn5eaJjNoERyYH4m+YPufj6TxPFwZmYiv+Wz5uU+7qix08u33c5fAXebfiAeuue0Yn66baZcrkWvS4Upt2RieLSr8VmoY2Lz3ghrpV6FqqO6ca7AJ9wlYO2IiTkZEuEkfZnD2aXF9lw8Dm5nvwxmgLiLrB5Sp+gzv2W7H+vuz47X8+IQV5t0K2NTVRd9tr3wP3gSKDrk3yFm8Zro3LUMQrb0ysWZ6GDvRIuozoR8DPJURSjLYC1h5HcxU0FJ7wX0IV9YV+pLRVFYjGifYSxsKQdmJsHjYGy5FgOBtiPuRIABD5Y5X2GXErU5aDUV7sDyA9ZOSZrxbjUltHuaERgcYmtnL0NRgAPI8qh//EUs1Et6G24guY7/eHQwgv0Dr2bkvlpkUGGN0t9bS8mD+AdQYcyrHxu/zfm5TZex1/sQ/wUjDcpwyfeEwzgggwEdBawVKqIgJ+ncw7aO+UW6zczVuBb5fcSw6EPJ14c4FFCIusjGoET9spnQAB5ds0K6mzMSYhkZnVBKyQSBozqmVDWe4IM2maEjuU740QHilBp9ZYAwJthaCz5BLVoHjMdt6K1tusfh4aH+C415w4ikTnpUH0425eeXnCMaw1WQhC/Hygd8MHiAcQ2w92lCXV85kED1uAzt03RspqgImuuDPozMMS5+NxEPDPUsbJ2NT5qvF/5YK+zz27JW1coayrg+QaeEu5Epy3PfysNsBJPrKNCFntqwYN3Ba14/+PLL4jz85oS7S8G01Fel+O62kl0q8SxKjAIXegO3MgsMrKbmf9dpzTirfJjWlY6E0dUlxHUFOdgURHdZjBKle0b6EIirIPnBZkk6S6md88t1eezkrGKxjSGLhkHIIQLDsmGZI+DEMP8E+uXNBXouIvZ5wKX7hOmhnUOrPQwk24hbzlip7RFk/eTjK3QD8cOCrjggV76dMBlgspa4aik4MMuP1WL+Y/bXoRe7hOGWf2zG5bqNvHATGpRsl4cnri2hJEELgH+6LQDN8T2C/5ZJAE87BPi9Kl+QWdVTYa/KKoU0KkoTMjM2LBvadi8ex8TwyF5qSCqdy2Whu8Kol95GFqi6NK8e7EOtgk500fCZNkt3348T21i+p5tvWTLshs3w8hqK/OHR2NvBA8sqPKdxZmUcso/46J38LIkHIOCl5ZokypnOFhL2+x9/2ckVDighsEtkJdZE3EsOEN5sPmG1fsA1zwH85khq94e04AxRWNDdibBmrbzqhHN3I6q0Eo3G4s2mU0COrIWkEHBcvU51F6HkvGbuHp+IF03Jmj4s2l4wsw/8zvn0jqaC5u5e+3dr5S7r3u6Ln1zTSsanW4zN/GcgRxybjN3PHa4a9KjbdBJz2CI5BNzaWRGuN2yTNKOKsGwaYJqRiLSxbIuXSmPWArIPbTdpQ6GwCVpxTuaLl1m1k5AFsd/v81gmsEtgTKGrh180eBZWY97FT0X7Kj6soc4rBUQgBuRBbGMjYih7WX6R0/Pj7NUfLwhU6X66Rf/Dal3TqpV8nkbpDTHRr0atwulNGH/4KN4XSlkiXRO4lUPynMiBf/8V8Dmj4+fhtMs0X0IlW/Dj+1D9ULtTB7mRk2/rMpZXBdlWBFuESXDEgSP0npaf7GvRhLQcFGSjnP5XDziE9IR+ibAmME+N9xCw8YRqRYJ8/rf65ybuL5LHoQYOFG94V4jIEtb68Yi4g7oXTl+4aXZLBH7XPAgtmR+CPP6RvXkdP7q1kKL3lpiGfaeLPa2p/yU1lQTZATUAR5ttvIfxianEMthq/yvK89EcxGQgoTrHSbYqSAEY4tMNN5US2cwNWyDwhCrp5LqPggpf5Au1mAMFuTQ0oE5HO3O8q9T7xDt65gufh4GE5MrhQEJEuy4YBRPH24VReZOJNWnjwvoPaf30XLye6rjPtw4uAtIEsmfs03xbe2c/HLUghnczHjEF+v8S2090uTy2Z8LqeWItDFnmmHxM7k30WLhPSk8O5zHF08FV/kdyhqsNuERScxGT/TDqSERgnANOxdqGqPvbzBGJiT6LnUwfxb5cyH0RwMXx438KcJEMEHz1D515EiRhmeXO4TzQpFcuPXsG5niEea90SfrNzn2X8/39VrO5Ty4PnCcfs5KtNVXf4NxO47g1R3DlUF8HswRtLrUlfQQ+38PsG/9Ualk1UIs05Wx/FPcC3ZS15HgJUhMJJkT5TOaWAd/aJG2WJhIPFIU/d/8z6cQgm2kjnzCiL6FstJSHYWczTLwiWmyGjvvQN85KzDP2aFOopTHpsuUtIZzEfpPH5K0r2rxwDXoax6gwaQYVLN2d5FsQnRfT+9UhzaKqH0PR7JwiZJzLzDkGPD6FJ+knQaXSpr3vvAwRUB659QPdxxhVWjVbb2BbnxftcnKvBXqAhGHIxw3Il0cB3pjQF2a6X+X150uzlM29KhVsY41CurrmVgWMChvNPwFckyUIppPbUzUw9JCHOH+L/uMWfXUQO0vHp2MPKMzvk5zm0q1+1baQNMNJ+7dPkC89U/7ugyog9cQ2cCqv7CquLeE1LOAUR8oEOM9VRZVEMShBFOccVZxg/BWCD/jxVWsxXFXRXTsFVQd5djl/yXc9F4G1QRiFQykljoQidx9E6gVVJNE9MbW1qa+zrTXETeWANWhUCRcH2RUeDOlQBov9pgxqacVn1A/rgKlZlotxvpYLsNDMdyEHLg8xgs9KkvPAiXmp/JrusY7mK6zMrM3y9CJq5vMfkD7cBd1CSJfWs9uMyDS82dHpxRO3OafgXxOh0LAF60AOy4sEUol1+HSPEuQL8796X/apwIaJGq2v/yS24VxZ+8EjQN0x6Rnk/u/Z+UKDkzuumkxjSdWSoEJ4z6pgXBnulj1euUQA59/G17PucgiXYfSrSSeMqOtUvjLTg7VZK/mP0PRY+zXXr2rz1rnH1sNDdnt45Nvvv3U4THdSLj7cZXauvRKYRiFO0kAgI0yldFS0et29+DDZZU81B9R4X6T6Avb35j/kpLGMoN+0lRhmTTcokMosWl+nBVQCU6Tf81iE0YWGK0ZGFuCSbLCsugnafbWBO27iGVFZDH3V/WmHYkbXooeTTf/JpZ4MMXAMP+ZZKFwGo4sgfFuICvs5VqNHI3K4ckoCKf+Z8CSAm9FBc6tZVw96kTSsR6APevkRL41r7XUEYUqCaQylthwwCQxOguDnTYIb3DYL91kRRTvtLC90kkv2Mg7lkypc9d2hQSm/SWlMnEPThsPygUH/UFX/juE+ePVIzvpjgh3FlPsZuDh7NzEfbm7DZl+Z03ARUsevSq8bb5tDBTJ2oub9UKbgY7ujZf3pARzRK3W1lTe0/E9qwumTzpBkc6n8Xe4rDJUjwP/apOrNXYVfRwDG2d7V3wKAhHOeMJ9aR+MUHZhhBWpmhWVLYIA6AAU5XpatJNrxYiE4Qo7RCBIyQh4wnPPrNA4P6BAn059s0DzYY/cIjeL2JfaK9Nv4Xdn7xsTyL7cBLMzmhN3b4AOWgT/ghRxEcirVUYCE95w5oA/Bw6+mKL1J2Y+IkVAg9ok0uDBVe+cHK12ljOGL+PYH/cgvyRphg/9i5I0p/7SM84mGFAg0TvTdVHN6+6jcOBjL2ZBRHccOkaWOtR8NNF3CZ+kHNvNL0Et3PCkdUUSUfZdgqPYuMubP8qFDJ9JP2Oj9HorqEUsxii2y28qzH836GtgY7EcJWNdYPfFZ9AH/28QjGCmJJInrrra9nj+8QWmhKlpIuXwGkCwNIZbxgtQlOVoGN+H/Q5GMbxISKBujtAWVAHCRhdQE8MbGy5eQ4OJlv5CJQ6nw3fMY3DfAPupkidrfRRsXBMHK8JKTJc6eZ8FHB8cH5FUdTK+2lHgioFgPOLgSZkZ14U+0db7MTI//8Jj3bM9aXgeKXNQ440l+iOqkY/VnaGm37iYpkbUCmWvRSHCPGJzK58w3oW70TKq8o8C0vBiQ7Af+5WAw/Tts1K++gWw60TH0Gq0a1v+7KuAtGnCEIxoKyeb1bRhlVy3ZVyf0zMegy7AW0tYIuvaAI81dZanyTB1qQH+1z5k9ml3cNMSFx0E5XybK8tA3r3lEHwLKlwDWu32Q7YLvXwezR0NfxuGhIwCuehrDJh3rlfsHjgnVn08pMkzN5jjORvHLmrfm3gfIR20sJ9B5JGg8ln+kDScvHvZac6m2GY6PI+5qI578B8OUF5gp6CK4YTYOi1FSt0F3tBg1Chd7O+o4wfJl6Wvrkhg68g0CY1syKmRLX2KzG7BKxnXznVDwu8Fm11YazFxmCMugUjnf4UYPrJWHyOy8C2WKgYtusgCHe0E3H93Pn7KPjAA6ffcgfL6okmOwH8z9qnUnPc3+gfvP+rm81unz/CmVU6dS8LvcPfKXH7zjKLOc927CVACP8nS8OXj8fqVz/3Jha7lVSFOBlS/oOGl1q+E+gDWbWtyHtCUmGTLykCugfTjlqDzXDYo/ZDbAsSO2zd62D97/au43OMQSrs9eF/PTUa7xrIrjmpCxjyL7oe3gn+9ZOB0hR2ms6lsGGXvXEk+zQzMMIuLcz/PKYOLPpntVT+g+QC0g7vidEzkxqUikzB88ToZXRFWq38sB5J8+DFq/4BrVuD6O82/6BAf8ccjTHdSB5tzplG/z98hlu3aG6SgOLis2eXpefi0b2QUhksTeWwXaB0aXoLgPOSFaWJE0k0Ma6xbMxXVIADl9RrAs1/zDrfKapae1AxdCyeFFUBd5vPz1FukWYJevtWiiCMO0j0Ia6+HSX51N+P0DBgrdHjvX8n94pf9+Oliw3+mdkYvoeid3pFouPczvKPHFFTLY5L94hMaLFFZfxZcozP/9YlUFLbHrYSx5nQRoFcrnlSlCs3EENLYvOueNwabDoIQBy0Tbg4UPMZAANgCqaJ7S2SelpevDb8KXocVFKprFKxg2YF0bRW/Dzm7inHVf88jMAYSNfZR5GoHSKrK2b78rhsZgr/TsckBUj63+BddEH7qQ2hUoyrUwpO7fSK4lQ0tQuE1naf7qjR4k1SS/vAmckrsNrAEqKMlOjMABBdL9aABgdeljdmPYa/14ruWFxhLK3gOjbB5fuzodfYUi13Byp0CFV8/YCNLcS+69poFiQD7BDYNsbQupBuWyzQzQQ/+xsdtjeIzrmKboZofviyQGlQKwmWgAq4r+QbOYdpSeByKAgqwBi8r/REhSkv9bJHDGxseGjAy4df/M/oyKv7NchcbeYmD6cP9tEfZd39ZZsa6iRCL87LcgBGG11m3hSZHAYUj6390bY2kKiSKPsjeDso52MnRHs/8Mp2YrRhwhzMk409axS4INqTmYTDO7yYHCrLvjgw/7BD1k51RK+EYF5ARZeDbFG3dPhz6iaqs7vGx2+EOrJ5kSqddz7J4zbLtE1c+nDd5WYJC4LYauUZ+mqZ3Ha5S3r2cAfrJxVueR6uo9Yxf67a0bAOf4tXp/4AsWuvmfn9MWYMzFwZj1sLLlxcMXQnu8r7cTPh6h4LAuvfjU9zotE/FFnqhWb68OV5QD1bhLUEtoVWRE2U30k2KcEeDmaohCLvLo0xlx/t6tTG+MEh85kFhh3ZRZ3vb3nMwelzjsuNKUKzbp4E+H8tD5YjwbEki0hh+ijzCLj4heeR4Dsy+QH2EVGwdQ5hGGXrCo9xuNQMakzxIGm0LwlzdiZ3PMEWs0vqVRXaNs6knbc+Huun2HkWrE/uOH/8i29K59mfJvOMZ/6lMFoAujDRdsPRzhPGfWQsgnsNd2JhwCquN95Rpup0nkdUM7lp0rQpFswfbHlWgu9gkfCpoM8RbF4NLpAdGc86vjS7CVt6mWkW9KFnV8LtMxzsptZXRPDBo7kF5aXpVEHScKdKGRjeF5bMu3jILjTY5J1jJLuPqkklvNVv6oNRcbF+0IenhGKwxTxaGXOE6sVUkqiPjQ7427ATGJ/8KOyLYa/YA/cRXqXfCeAWKYkgxXJ2lZaqVFUnt74YfMNsQbrbjFfbP5/rIKxLPVmcLuOvxVJmJzNn6lPT9ncjVwgJLbBC/bEDXagkR6VgOkIQZojAj/PYsJU6f7PpnYVJaCNC8R1fw3TSNeb4+AvYfmxSpJrwLLw4SBeWzCf3VD/DxQaKZU62/tXs41LOekX8oZYMsVMK9Wq7qqGHeHYLwzLvJmUArFLQJ/OFSp6GO0mx2u+wRe6I8y6zAs/NrTEJteiMhcFf0gr2C4S/LzedccV6tmNsdMI4X/Pqm/72VBFTHtZJ1cWi1Gcu/Wp47ZB7+rQv+cTRvbL/ZCy6C6J3vs4J39/XZcCV1oQtZMW1P+TIi7jQjDMYvn95JJP51in+t1P/8z5hye12a8HfYMoZg/HNPsrKFaBk3T02ERkAAVolgkheSU7oXeXIixRZ3KoXKVL7xNe+RSVbbXRwEcS+HywVP2+xs7Sy4DQNGWOF8V/aAVe3MUOIsi7ksKAASPq8lmSaWyXyJ+BFFN8EKY0a4bl1qpsvtsHvE/e7J856qYe7/oWYIxxPmbAZ78Jm3qZjI1cbf6a5W8qXOfO3yK783zYNGfph5edm5gFBJ7Or28L8vaoU45hZCbwk92x748fiM4Kbdomdq1MZ/XrPs3pFfZevi3P8f7KwAOTr8jPN28nsN6+B+CH4prpqtVixHT5nyeIbLeJ3wK9m9QJcQ6PJS+0AtSHeEj4keywcrNnsehe9bb8OxnoEHFofhn7ojGFb5JfGqI+M1TIUxx4H5xzMl67weAVKnwt2Nzl2keqYdsBrz6L8SbTzHYevHFDnS50VYXnd71Kf6tdfvCEqD1saM2GmlI2LUJ7mApU9cTm3TTwyZVyd8Lcd9Go60qsSUuqjMiw4dVyqfDxRBWGkDcaa28rMHdjhYyj3AcsAmvlLL9dJVxWW6XWoZhF4iD9AdyxhNRsdyMpiroM/O7AOks7hkw44LNEHhTU/aaGmsl4Bze8er1lW6vm5KABMx5xIxTU/TaTpKM1sOZMC34XdByA+b2EGiuTFqSd6TNbhAqOyQyOHTvyFY07/St8tYtFlfgyHBNykkLsH1KOWtM7khGmWg6AoEMZihQOrveFC7NnOqpc/lqOfA8pEnMSaD7cFZHDvOWu5rJ78JNauB5MKsvtblTey4Ns07mBOPNvPglizNGUOCqUZbW87TBO5hkbnbJ64b2MHX/RFIqoT3hE6yjoQ+H5ZEh/SYwNpCXfu+ljq5rryQyu/uwN/XpPpcKdxkdxWLQC8WVG8ACl8wOBnFRB67Py57y3oiac3EB9n4K6yxmpDMDsKAGewy2BqKT2e5+V9pE0AMwMNN+hXFeSPv1rBbhQZNrOgjDv3hJLZ3cNcu562uzc3HvVEf+BiFA3Fd4ONDjSd3++EwN6ACLh4fqoXl9xF9s+x5NiPJ0M5OT8SnLzkeY1GEjLoz1x1ouFDEoLh+RHW6uVPnzUy5yadbqkDOOFmr0yKl1S+3CvkU4iOFoN+R7VPqAA3ZAS/iFy9e2e1ZHwjXyW/CyJ/RbS3b2esz+/AYqEOO05P43xeu4rkGSwleIycJJA4p07LplF9FCnpBCLuPokTcmIFP112aW6We1Em8BUpFJZzykuzWIeoKSdjQZ9IUZc4R3v/YXbzTkkspVDw1LWmzpjfmWPZALgGi16NRtaCYrjSZsNGpkUqaxsxnrvmjsexA9QqDsAtYbrXI1klnzVm/REobF4fX6Iv7GT0/mV1wJsFRz5BwAC+wwW8wBhJgtZ59phnt+F3mpPks+2e1kbF28K6nMZi46UbZPPJp3g+PehzmRTss5eEZdPvUBK1XaM9zh5Rzj4iF4dWo+Dle45LFcek6ZrD2hS21dMhvbR3f+bMUhqNBgOi9u50fdKm5viZD+1zMftfxeqgvi+YnnbLQIngiGs4Di4uLbe1m/tzH2jHP5fgu7q2DeLQfjNA3MdXTB0b5Ru+HrRzlyLTK/IOWYx7FfWdaZQHk+/Q3wEG/59YnJ1RXmx3KDAB4zuCe4+UO2B1YyOkkZpctcFA94HARqnONW9WGSbOpFc1kB2Tz7+MXCBvE4OdksRTC7Bn1NLZXwG2lgnl999Nj/i1SC3NKl0uu5ZaqoRuzTBOBA475nmrZ6WWNDy9sTC5+/yl434Yznv6hv9v8qyw4iEH4XiMvfloUtp+6FDu4I27fhbEg74IwbFxM5T1kqUc2qz7pSzefrbMd3DPDD0MAaQD56p9z0M0crHnmbq2wNKYCF/V6W5l+dK5vLwK5n4ALUKCy5tGY2hhw5rDtC81gQPgsxEZRPyfjnjheCfqgrz27XfrdohqWWz62/79pZUNT8dlZzGLg4i5pyixrZ9hMzf+ImJV0wOe0JF0fiT2eUS+9miIiOepg/qSIz5CT0zy4AqTyAZ57T20WSmcP0Pgi/TEfNoe64WRMs5kliyr6lEdCXcVUb42aSJ3IDlmw72M2GRMyD8KhoDR+Fkov4a629V3nhopR8KnxcMAOAu+YwofGzd8kT5gUVcBMsAzwEZ05orAcIF+dDQ73oz5wL24AMQ+zxP89FcLGyU8snN/ACrlvpJdzNZeLU+K7nLjoS+wCLGMy8qL+eQ2g19E6Nz11jhCcn0XpYipOzHxB32XT6llrHJInalosZ6fYZTLUgOb7zzn/QASjsFeq8zrp8oL/z7HgBxfTEsDJYR1ixUJOQ0Qv5oXXM0Y8+TR/NYHB3hl29CaEzDz3BOh67a9dvE1vxgzQELQY9QvYqnEOUyIM1apdYnEAH4msPoeZ1ObP8MaymDYN7Lqh+aurFy2ILV0/t3LunhVbB8H1FTVACOH9kmnwiRbR/uT0KVBHiCYdFmFd6dBLN8HtJ7tA2Ui/DGrVFtOe935oJUXAzS97uFdypo0qd/EVkIZYopp8DT+5RXxzSjMQtSr6FV95SVerrzztnFmoASGBX7kxNxNBvEWEFGrrRrd2mTSEu5As5awa+Hb+fneeGf/QAGHkkRHCnWHomx3O3s1oEUlqKuDN719FFBuywRiuUDXYOOqKbryqpLfvLJgXVvpyJhbcZuOUfPm8p1ufDsgdIn9jrY3Q/PgWlel8339aT+nGpR5hSFIk9a7BpX4Bqg0ukK8SIaqh4udUl+16yTTvAA9SM6zW34aBdBqCv6mocbeK0p4jzbwYJ/B5F56DJCWinZhqhgtqmQApHz3GaLsSd3qblcnwYooI4iwjN6ou/3nwysyuzxqNT9tP+Kt6RFLCWwDKypsgTF3+87XPNMwBoaK/ycVpiTQ+BoPTNP1AD0xmY/ilu2xllgclozXx3UVg8JTZ24gKwpmOwr/buyFNbOQtguR1TB12vkWPc1gf/IRP1Ef4Pimci5kPfPThj2vO6+ExT32PMoM+aTtZ4OXEVVanGSmyv8O4evdgfHyP33nAQ6cB/NkEd9YVINXyFOF+0WODpVesWZI0ufWWkDMOS04/K0Dzf4lLeZ3lh1khjobKsn5A8JPXXAavgufcJWt5QI1cEwdCcjygCT/1rvpwnCaInQRWRkh5V0kuDSmlFdMA1VJVrngFrcBrry5yDoyVnI6GQbfwZfnoW31P8ZdZrCHL7BTS2m/c88aBrsOA3UEBYQVVWDM/qGdNKjKK6J++1xvYrdFnp5s9yCw5RtjvMSv2ozaz0OUuJKG4OgnqjTvGoH6XwP2+oGuUSCoD2beloH3mRqcV/joEvzCUYp+fyPDsL8XmQSXy0l6JMRhr2R4rVCJ2I7P24CP8/mMxeYM/qXAMx0HStvwLbJaUsajqv1Z4uD2w0mG3MHiyocD4QyYta8MJCep+6oQMW95UBMZJzwlsc7qJzS47c8J4uu7aEOkYfJvvOzl31DaF57fn9Xzq5Kp5Vj3YZsGNKsarwS6d3IsyggfJan46P7k07nqOweIbjssTHoQv6ucy4gp9S+AYuvS1/BN3DZvOFUTAMjD38+tAZnvPWy3vffAtiTFgP02bnctXd5Q7gLrXga2ZdCnGiYlNik7ogWXeD2pDzxvxCScn/hs6KMEMoyVYjhcLV1damgNfa0Szdh7frczZDneYFyIhMeiESteBQTzOvqrwvP1CwJG6QPm6plpnHvWeiW95+mRKXpIJHE9sCF3ZTgpcsk+AgZN+vG2okRCdfTk3VO99k7Y8OmFJtcomK5LDjfOBYaXss9o1wFPMSdv4dctveBjWNHkgOUTpHJmV+HJ65fxgYfCKJEBmDpFiCGJd2lwv5yn3o1ew1KmNVFjea8s4Q79cxQvy6j0lHsNskfqFl78Wr7QYRoZOJ2sOaWjBqTgXUQkxSqJjZuMXN67I+1O8ZyMNSOf66zotw7Pv6VHvXAZXhLwBI98q4atSruezxpDtZBEJP4y0wWaCN38Ju33Xpnk/a66w8hirWKIGp98c8JbyoGUG/i/Nrmke+7E9L7JeLRTmib/vu0z7cvjqlPN3iyYJCOSVwINHJ+Q6H2fRXgLrb7n2hKOvyZ5dqEZV0EjW1iW1oBPfdlWI3AIIOou9a/rHVrDlUl63iRjPlO9QEcsrdz2TQeSlNoOWSFlKGRvSwnW3r+RV0PAj420AKXpIluGEnZBQuDUgwfoCKirZK7N1dU8Js+en/yBRFt9A3vvKafrW4nv3mbHc5kliJzdgJsPGYCjsF4lSY3cGQDhZTiui+uvEKusFB4yfi/AKJIOzEzOLKOVEF+svFnYEWGX1JG1UU7ffiydBgLlYMwF+THXkotEeIc7843K/g3jeXTOAQkcslltlOvh5KG9TSXcmsDnVyKhq3YsTR5E8dIQy1sgUMuNRf4lwt0mB8BDLHE2sXsw7MXiR1quVS5/7zapAgeZNP4bj0q+ryeguv0ELyg7+0a2NwkGoxKfQw6LH8cZEyQQiue3RyXGaOzCEzhWP2y45uP1EVjpjZ3Fm7azg+I5H7VqJ1VU6b8CqddaZpz1mShMC8b7754ZFkZjvuN68pHMltS1eZN/pr/rFP2ZBQ1nyHssQFZQFHgOHvuDm3TDvf05JKz8Oq1l95nP3LKthhs19CkL79Zmwf+inqjN4Vcvi9XrXZv+ftebd4bCI8nHKuugv/s0LHRfIyRyA36rOvtaRPSxx/CLpoWtGEtGdtG2GguHDui3c+S39lbatG/9YzFM9+0L95GimYVfIMKSYeKICUZS2RuY86KYCDJqZClO3X3keN6Xg37Befl/MydBoCaf79WevBYy8CMhdnOkoAQv69JbAecQSex13D0ZqhHK6su4UmBKxP9TBUGXDoeSqYsVaJY02IXKxJPiuyK7NDuHbtWDCQK8jPKgUsPHZo2HVM5AJ9kRcbSPpZrMZMm/MpvbqYHeGx6CRFtNKFJ/zhVKNk9Q9Jz9loyXi5sN5dXCtSHgHjkZkZ5ltpSBYZEU4VTl8JiP55HVPjPFTd/8coK6tyxn4Tc+VizJuWbpWTedomLEZs3PEeG0U63HtCzZDSNQIsoekx0pz07GgH4IDXyQ+iBY59m+mOnYDve/+mLgM+ihA+S/Ri2j5ZeOVlo9NLvAczC2zMByRqrzE2+kBFirvJxwE9U6NLRjATjLSlxFp6vDpKlRd/KAX0np9l4iz8Y1CQImJhTgzDpByLGKiLCbIo0U8GmCtx07gYFlY80SQ+1Vz9XjZrjggLJvGD5yCv5oakSQQf1K+1aWV+6teK4eAEzn0qWzYgtqjyvDGizn7ip6Vf8o4Fg4W/mROrCBTK0IBojP80oAAAAA=	webp	2025-06-29 15:09:54
\.


--
-- Data for Name: img_translates; Type: TABLE DATA; Schema: public; Owner: postgres
--

COPY public.img_translates (img_id, language, description) FROM stdin;
1	en	Simplification of the drivers license examination process last year
1	uk	Минулого року спрощено процедуру іспиту на отримання водійських прав
2	en	Document Verification for Drivers
2	uk	Перевірка документі у водіїв транспортних засобів
3	en	Evidence in Administrative Offense Cases: Key Aspects
3	uk	Докази по справі про адміністративне правопорушення: ключові аспекти
4	en	Coming soon
4	uk	Скоро буде
86	en	Test image
86	uk	Тестова картинка
87	en	Ukraine Plans to Increase Fines for Speeding Violations
87	uk	В Україні планують підвищити розміри штрафів за порушення швидкісного режиму
85	en	Notes
85	uk	Замітки
88	en	Man inside a car
88	uk	Чоловік у машині
89	en	The importance of seat belts when driving a car
89	uk	Важливість ременів безпеки при керуванні автомобілем
90	en	A driver is allowed to enter a lane designated for public transport vehicles, separated by a broken line marking, for the purpose of dropping off a passenger
90	uk	Водієві дозволено, заїжджати на смугу для маршрутних транспортних засобів, відокремлену переривчастою лінією розмітки, з метою висадки пасажира
91	en	Law and justice (books, sheet, gavel)
91	uk	Закон і правосуддя (книги, аркуш, молоток)
92	en	A girl takes a picture of herself in a car mirror
92	uk	Дівчина фотографує себе в дзеркалі автомобіля
93	en	Traffic police concept illustration
93	uk	Ілюстрація концепції дорожньої поліції
94	en	Code of Administrative Procedure of Ukraine
94	uk	Кодекс адміністративного судочинства України
95	en	Restriction of the Right to Drive a Vehicle
95	uk	Обмеження права керування транспортним засобом
96	en	White alarm clock and sticker
96	uk	Білий будильник і наклейка
97	en	The man was detained by police officers.
97	uk	Чоловіка затримали співробітники поліції.
98	en	Evidence 
98	uk	Докази
99	en	Laws and regulations governing the field of military law
99	uk	Закони та нормативно-правові акти, які регулюють сферу військового права
100	en	Employee in the field of heat energy supply and overdrinking Reservation
100	uk	Працівник сфери постачання теплової енергії і надпим Бронювання
\.


--
-- Data for Name: language; Type: TABLE DATA; Schema: public; Owner: postgres
--

COPY public.language (identifier, active) FROM stdin;
en	t
uk	t
\.


--
-- Data for Name: links; Type: TABLE DATA; Schema: public; Owner: postgres
--

COPY public.links (link_id, path) FROM stdin;
0	{}
1	{root}
2	{root,about}
3	{root,sitemap}
4	{root,server-error-example}
5	{root,article}
\.


--
-- Data for Name: links_translates; Type: TABLE DATA; Schema: public; Owner: postgres
--

COPY public.links_translates (link_id, language, name, description) FROM stdin;
1	en	Home	Home Page
1	uk	Головна	Головна сторінка
2	en	About	About Page
2	uk	Про компанію	Сторінка про компанію
3	en	Sitemap	Sitemap Page - all links on one page
3	uk	Мапа сайту	Мапа сайту - усі посилання на одній сторінці
4	en	Server error example	Server error example page
4	uk	Приклад помилки серверу	Приклад сторінки помилки серверу
5	en	Article	Article page
5	uk	Матеріли	Матеріли на тему адміністративного права
\.


--
-- Data for Name: translate_entities; Type: TABLE DATA; Schema: public; Owner: postgres
--

COPY public.translate_entities (key, language, phrase) FROM stdin;
article.page_name	en	Materials on administrative law
article.page_name	uk	Матеріли на тему адміністративного права
article.description	en	We offer the latest materials analyzing legislative acts, court decisions, or procedures that regulate the activities of public authorities and their interaction with citizens. Such articles explain legal norms, their application, and their impact on social relations.
article.description	uk	Ми пропонуємо найсвіжіші матеріали, що аналізують законодавчі акти, судові рішення або процедури, які регулюють діяльність органів державної влади та взаємодію з громадянами. Такі статті пояснюють норми права, їх застосування та вплив на суспільні відносини.
read-length-formatter.a-few-minutes	en	a few minutes
read-length-formatter.a-few-minutes	uk	декілька хвилин
read-length-formatter.min	en	min
read-length-formatter.min	uk	хв
read-length-formatter.hour	en	h
read-length-formatter.hour	uk	год
read-length-formatter.day	en	d
read-length-formatter.day	uk	доба
article.read	en	read
article.read	uk	читати
header.link.sitemap	en	Sitemap
header.link.sitemap	uk	Мапа сайту
article.view.seeall	en	see all
article.view.seeall	uk	подивитись усі
article.view.photo-by	en	Photo By
article.view.photo-by	uk	Фото зроблено
article.view.month.January	en	January
article.view.month.February	en	February
article.view.month.March	en	March
article.view.month.April	en	April
article.view.month.May	en	May
article.view.month.June	en	June
article.view.month.July	en	July
article.view.month.August	en	August
article.view.month.September	en	September
article.view.month.October	en	October
article.view.month.November	en	November
article.view.month.December	en	December
article.view.month.January	uk	Січня
article.view.month.February	uk	Лютого
article.view.month.March	uk	Березня
article.view.month.April	uk	Квітня
article.view.month.May	uk	Травня
article.view.month.June	uk	Червня
article.view.month.July	uk	Липня
article.view.month.August	uk	Серпня
article.view.month.September	uk	Вересня
article.view.month.October	uk	Жовтня
article.view.month.November	uk	Листопада
article.view.month.December	uk	Грудня
article.view.similar	en	Similar articles
article.view.similar	uk	Схожі матеріали
article.view.continue.reading	en	Continue reading
article.view.continue.reading	uk	Продовжити читати
404.page_name	en	Page not found (404)
404.page_name	uk	Сторінка не знайдена (404)
server-error-example.page_name	en	Server error example page
server-error-example.page_name	uk	Сторінка, яка демонструє вигляд помилки серверу
sitemap.page_name	en	Sitemap
sitemap.description	en	Public sitemap - visit all our resources
sitemap.page_name	uk	Мапа сайту
sitemap.description	uk	Загальнодоступна мапа сайту - відвідайте всі наші ресурси
article.category	en	Category
global.language	en	English
global.language	uk	Українська
root.page_name	en	Home page
root.page_name	uk	Домашня сторінка
root.about	en	About Page
root.about	uk	Сторінка про компанію
root.contacts	en	Contacts Page
root.contacts	uk	Наші контакти
server-error.header	en	Server error page
server-error.header	uk	Сторінка помилки серверу
server-error.message	en	Sorry, we have an error on our side. Please try again later
server-error.message	uk	Вибачте, нажаль сталася помилка на стороні серверу. Спробуйте повторити запит пізніше
404.header	en	The requested page was not found on our server
404.header	uk	Запрошена сторінка не знайдена на нашому сервері
404.message	en	Please check the request and try again
404.message	uk	Будь ласка, перевірте адресну строку та спробуйте знову
header.logo	en	Lawshield
header.logo	uk	Правощит
header.sing_in	en	Sing in
header.sing_in	uk	Увійти
header.subscribe	en	Subscribe
header.subscribe	uk	Підписатися
article.category	uk	Категорія
server-error.description	en	This page is now works as expected
server-error.description	uk	Ця сторінка не працює як очікувалося, сталася помилка серверу
auth.wrong-password	en	Wrong password, please check and try again
auth.wrong-username	en	Wrong username, please check and try again
auth.success-logged-in	en	You have successfully logged in
auth.not-active	uk	Обліковий запис не активний
auth.wrong-password	uk	Неправильний пароль, перевірте та повторіть спробу
auth.wrong-username	uk	Неправильне ім'я користувача, перевірте та повторіть спробу
auth.success-logged-in	uk	Ви успішно увійшли у систему
auth.not-active	en	Account is not active
error.during-check-fix-and-try	en	Error during check: %s. Please fix it and try again
error.during-check-fix-and-try	uk	Помилка під час перевірки: %s. Виправте це та повторіть спробу
logout.you-must-login-first	en	You must login first
logout.you-must-login-first	uk	Ви маєте спочатку увійти в систему
middleware.form-data-is-outdated	en	Received data is outdated, please fill form and send again
middleware.form-data-is-outdated	uk	Отримані дані застаріли, заповніть форму та надішліть її повторно
middleware.form-error	en	Form was sent with error data, please fill it and send again
middleware.form-error	uk	Форма була надіслана з помилковими даними, заповніть її та надішліть ще раз
admin.roles.you-do-not-have-enough-permissions	en	You do not have enough permissions
admin.roles.you-do-not-have-enough-permissions	uk	У вас недостатньо прав доступу
admin.image-cache.cache-cleared	en	Image cache was cleared
admin.image-cache.cache-cleared	uk	Кеш зображень очищено
admin.data-success-update	en	Information successfully updated
admin.data-success-update	uk	Дані успішно оновлені
admin.author-with-id-not-exist	en	Author with id %s does not exist
admin.author-with-id-not-exist	uk	Автора з вказаним id %s не існує
admin.could-not-change-activity	en	Could not change activity - %s
admin.could-not-change-activity	uk	Не вдалося змінити активність - %s
admin.could-not-save	en	Could not save, check error and try again
admin.could-not-save	uk	Не вдалося зберегти, перевірте помилку та повторіть спробу
admin.data-could-not-delete	en	An error occurred while attempting to delete, please check and try again
admin.data-could-not-delete	uk	Під час спроби видалення сталася помилка, перевірьте те спробуйте знову
admin.data-was-deleted-successfully	en	Data was successfully deleted.
admin.data-was-deleted-successfully	uk	Дані були успішно видалені
admin.query-was-processed-successfully	en	Query was processed successfully
admin.query-was-processed-successfully	uk	Запит було оброблено успішно
404.description	en	Requested page was not found on our server
404.description	uk	Запитана сторінка не знайдена на нашому сервері
admin.image-with-id-not-exist	en	Image with id %s not exist
admin.image-with-id-not-exist	uk	Зображення з id %s не існує
admin.data-success-saved	en	Data was successfully saved
admin.data-success-saved	uk	Дані успішно збережено
global.please-select	en	Please select
global.please-select	uk	Будь ласка, оберіть варіант
article.view.by	uk	Автор
article.view.by	en	Author
admin.audio-with-id-not-exist	en	Audio with id %s not exist
admin.audio-with-id-not-exist	uk	Аудіо з id %s не існує
admin.audio-translate-with-language-not-exist	en	Audio with id %s: translation for language %s does not exist
admin.audio-translate-with-language-not-exist	uk	Для аудіо з id %s перекладу мовою %s не існує
admin.data-success-delete	en	Data was successfully deleted
admin.data-success-delete	uk	Дані були успішно видалені
admin.could-not-delete	en	Could not delete, check error and try again
admin.could-not-delete	uk	Неможливо видалити, перевірте помилку та спробуйте знову
admin.article-with-id-not-exist	en	Article with id %s not exist
admin.article-with-id-not-exist	uk	Статті з id %s не існує
filter.limit	en	Limit
filter.limit	uk	Кількість
filter.direction	en	Direction
filter.direction	uk	Напрямок
filter.order-by	en	Order By
filter.order-by	uk	Сортувати за
created_at	en	Сreated at
created_at	uk	Дата створення
identifier	en	Identifier
identifier	uk	Ідентифікатор
desc	en	Descending
desc	uk	За спаданням
asc	en	Ascending
asc	uk	За зростанням
category.page.table.name	en	Category name
category.page.table.name	uk	Назва категорії
category.page.table.description	en	Category description
category.page.table.description	uk	Опис категорії
category.page.table.articles-count	en	Articles count
category.page.table.articles-count	uk	Кількість статей
category.page.name	en	Article categories
category.page.name	uk	Категорії статей
category.page.description	en	A page with a list of all categories in which articles are located. Choose the one that interests you and start reading the materials.
category.page.description	uk	Сторінка зі списком усіх категорій, в яких знаходяться статті. Оберіть, яка Вас цікавить і перейдіть до читання матеріалів.
admin.banner-with-id-not-exist	en	Banner with id %s not exist
admin.banner-with-id-not-exist	uk	Банера з id %s не існує
root.news-header	en	Read the latest news today
root.news-header	uk	Останні новини
root.statistic.name	en	A bit of statistics from Lawshield
root.statistic.name	uk	Трохи статистики від Lawshield
root.statistic.description	en	Our lawyers participated last month
root.statistic.description	uk	Наші юристи брали участь минулого місяця
root.statistic.body	en	                            <li class="list-group-item">30 - total cases</li>                             <li class="list-group-item">15 - releases within 3 hours after entering the case</li>                             <li class="list-group-item">10 - cases have been handled in courts of various levels                             </li>                             <li class="list-group-item">3 - favorable rulings for our clients</li>                             <li class="list-group-item">0 - negative rulings</li>
root.statistic.body	uk	<li class="list-group-item">30 – загальна кількість справ</li> <li class="list-group-item">15 – звільнення протягом 3 годин після надходження до справи</li> <li class="list-group-item">10 – справи розглядалися в судах різних рівнів </li> <li class="list-group-item">3 – сприятливі рішення для наших клієнтів</li> <li class="list-group-item">0 – негативні рішення</li>
root.ads.name	en	Advertisement on the site
root.ads.name	uk	Реклама на сайті
root.ads.body	en	Today, you have the opportunity to order any type of advertisement on our website with an                             additional <span class="text-white bg-success px-1">15% discount</span>. <a                                 href="#">Learn                                 more now!</a>
root.ads.body	uk	Сьогодні у вас є можливість замовити будь-який тип реклами на нашому веб-сайті з додатковою <span class="text-white bg-success px-1">15% знижкою</span>. <a href="#">Дізнайтеся більше зараз!</a>
menu.latest	en	Latest
menu.latest	uk	Останні
menu.traffic	en	Traffic
menu.traffic	uk	Дорожній рух
menu.legislative-changes	en	Legislative changes
menu.legislative-changes	uk	Законодавчі зміни
menu.all	en	All articles
menu.all	uk	 Усі матеріали
article.h2.publications	en	Last publications
article.h2.publications	uk	Останні публікації
menu.consultations	en	Consultations
menu.consultations	uk	Консультації
menu.judicial-practice	en	Judicial practice
menu.judicial-practice	uk	Юридична практика
menu.legal-framework	en	Legal framework
menu.legal-framework	uk	Правова база
menu.common-mistakes	en	Common mistakes
menu.common-mistakes	uk	Поширені помилки
menu.traffic-vehicle-stop	en	Vehicle stop
menu.traffic-vehicle-stop	uk	Зупинка транспортного засобу
footer.by_romanenko	en	by Romanenko Serhii, the copyright for the media files and text belongs to the indicated authors.
footer.by_romanenko	uk	належить Романенко Сергію, авторське право на медіа файли та текст належить вказаним авторам
footer.copyright	en	Copyright for the site code and design
footer.copyright	uk	Авторські права на код та дизайн сайту
menu.administrative-process	en	Administrative Process
menu.administrative-process	uk	Адміністративний процес
menu.administrative-detention	en	Administrative detention
menu.administrative-detention	uk	Адміністративне затримання
menu.evidence	en	Evidence
menu.evidence	uk	Докази
menu.military-law	en	Military law
menu.military-law	uk	Військове право
\.


--
-- Data for Name: translate_keys; Type: TABLE DATA; Schema: public; Owner: postgres
--

COPY public.translate_keys (identifier) FROM stdin;
global.language
root.page_name
server-error.header
server-error.message
root.about
root.contacts
404.header
404.message
header.logo
header.sing_in
header.subscribe
footer.copyright
footer.by_romanenko
article.page_name
article.description
article.h2.publications
read-length-formatter.a-few-minutes
read-length-formatter.min
read-length-formatter.hour
read-length-formatter.day
article.read
header.link.sitemap
article.view.seeall
article.view.photo-by
article.view.by
article.view.month.January
article.view.month.February
article.view.month.March
article.view.month.April
article.view.month.May
article.view.month.June
article.view.month.July
article.view.month.August
article.view.month.September
article.view.month.October
article.view.month.November
article.view.month.December
article.view.similar
article.view.continue.reading
404.page_name
404.description
server-error-example.page_name
sitemap.page_name
sitemap.description
article.category
server-error.description
auth.not-active
auth.wrong-password
auth.wrong-username
auth.success-logged-in
error.during-check-fix-and-try
logout.you-must-login-first
middleware.form-data-is-outdated
middleware.form-error
admin.roles.you-do-not-have-enough-permissions
admin.image-cache.cache-cleared
admin.data-success-update
admin.author-with-id-not-exist
admin.could-not-change-activity
admin.could-not-save
admin.data-could-not-delete
admin.data-was-deleted-successfully
admin.query-was-processed-successfully
admin.image-with-id-not-exist
admin.data-success-saved
global.please-select
admin.audio-with-id-not-exist
admin.audio-translate-with-language-not-exist
admin.data-success-delete
admin.could-not-delete
admin.article-with-id-not-exist
filter.limit
filter.direction
filter.order-by
created_at
identifier
desc
asc
category.page.table.name
category.page.table.description
category.page.table.articles-count
category.page.name
category.page.description
admin.banner-with-id-not-exist
root.news-header
root.statistic.name
root.statistic.description
root.statistic.body
root.ads.name
root.ads.body
menu.latest
menu.traffic
menu.legislative-changes
menu.all
menu.consultations
menu.judicial-practice
menu.legal-framework
menu.common-mistakes
menu.traffic-vehicle-stop
menu.administrative-process
menu.administrative-detention
menu.evidence
menu.military-law
\.


--
-- Name: admin_roles_identifier_seq; Type: SEQUENCE SET; Schema: public; Owner: postgres
--

SELECT pg_catalog.setval('public.admin_roles_identifier_seq', 1, false);


--
-- Name: admin_users_identifier_seq; Type: SEQUENCE SET; Schema: public; Owner: postgres
--

SELECT pg_catalog.setval('public.admin_users_identifier_seq', 1, false);


--
-- Name: audio_identifier_seq; Type: SEQUENCE SET; Schema: public; Owner: postgres
--

SELECT pg_catalog.setval('public.audio_identifier_seq', 58, true);


--
-- Name: author_identifier_seq; Type: SEQUENCE SET; Schema: public; Owner: postgres
--

SELECT pg_catalog.setval('public.author_identifier_seq', 53, true);


--
-- Name: banner_identifier_seq; Type: SEQUENCE SET; Schema: public; Owner: postgres
--

SELECT pg_catalog.setval('public.banner_identifier_seq', 4, true);


--
-- Name: img_identifier_seq; Type: SEQUENCE SET; Schema: public; Owner: postgres
--

SELECT pg_catalog.setval('public.img_identifier_seq', 100, true);


--
-- Name: links_link_id_seq; Type: SEQUENCE SET; Schema: public; Owner: postgres
--

SELECT pg_catalog.setval('public.links_link_id_seq', 1, false);


--
-- Name: admin_roles admin_roles_name_key; Type: CONSTRAINT; Schema: public; Owner: postgres
--

ALTER TABLE ONLY public.admin_roles
    ADD CONSTRAINT admin_roles_name_key UNIQUE (name);


--
-- Name: admin_roles admin_roles_pkey; Type: CONSTRAINT; Schema: public; Owner: postgres
--

ALTER TABLE ONLY public.admin_roles
    ADD CONSTRAINT admin_roles_pkey PRIMARY KEY (identifier);


--
-- Name: admin_users admin_users_email_key; Type: CONSTRAINT; Schema: public; Owner: postgres
--

ALTER TABLE ONLY public.admin_users
    ADD CONSTRAINT admin_users_email_key UNIQUE (email);


--
-- Name: admin_users admin_users_pkey; Type: CONSTRAINT; Schema: public; Owner: postgres
--

ALTER TABLE ONLY public.admin_users
    ADD CONSTRAINT admin_users_pkey PRIMARY KEY (identifier);


--
-- Name: admin_users admin_users_username_key; Type: CONSTRAINT; Schema: public; Owner: postgres
--

ALTER TABLE ONLY public.admin_users
    ADD CONSTRAINT admin_users_username_key UNIQUE (username);


--
-- Name: article article_identifier_key; Type: CONSTRAINT; Schema: public; Owner: postgres
--

ALTER TABLE ONLY public.article
    ADD CONSTRAINT article_identifier_key UNIQUE (identifier);


--
-- Name: article article_pkey; Type: CONSTRAINT; Schema: public; Owner: postgres
--

ALTER TABLE ONLY public.article
    ADD CONSTRAINT article_pkey PRIMARY KEY (identifier);


--
-- Name: article_translates article_translates_name_key; Type: CONSTRAINT; Schema: public; Owner: postgres
--

ALTER TABLE ONLY public.article_translates
    ADD CONSTRAINT article_translates_name_key UNIQUE (name);


--
-- Name: audio audio_pkey; Type: CONSTRAINT; Schema: public; Owner: postgres
--

ALTER TABLE ONLY public.audio
    ADD CONSTRAINT audio_pkey PRIMARY KEY (identifier);


--
-- Name: author author_pkey; Type: CONSTRAINT; Schema: public; Owner: postgres
--

ALTER TABLE ONLY public.author
    ADD CONSTRAINT author_pkey PRIMARY KEY (identifier);


--
-- Name: banner banner_pkey; Type: CONSTRAINT; Schema: public; Owner: postgres
--

ALTER TABLE ONLY public.banner
    ADD CONSTRAINT banner_pkey PRIMARY KEY (identifier);


--
-- Name: category category_identifier_key; Type: CONSTRAINT; Schema: public; Owner: postgres
--

ALTER TABLE ONLY public.category
    ADD CONSTRAINT category_identifier_key UNIQUE (identifier);


--
-- Name: category_translates category_translates_name_key; Type: CONSTRAINT; Schema: public; Owner: postgres
--

ALTER TABLE ONLY public.category_translates
    ADD CONSTRAINT category_translates_name_key UNIQUE (name);


--
-- Name: img_cache img_cache_pkey; Type: CONSTRAINT; Schema: public; Owner: postgres
--

ALTER TABLE ONLY public.img_cache
    ADD CONSTRAINT img_cache_pkey PRIMARY KEY (key);


--
-- Name: img img_pkey; Type: CONSTRAINT; Schema: public; Owner: postgres
--

ALTER TABLE ONLY public.img
    ADD CONSTRAINT img_pkey PRIMARY KEY (identifier);


--
-- Name: links links_path_key; Type: CONSTRAINT; Schema: public; Owner: postgres
--

ALTER TABLE ONLY public.links
    ADD CONSTRAINT links_path_key UNIQUE (path);


--
-- Name: links links_pkey; Type: CONSTRAINT; Schema: public; Owner: postgres
--

ALTER TABLE ONLY public.links
    ADD CONSTRAINT links_pkey PRIMARY KEY (link_id);


--
-- Name: links_translates links_translates_name_key; Type: CONSTRAINT; Schema: public; Owner: postgres
--

ALTER TABLE ONLY public.links_translates
    ADD CONSTRAINT links_translates_name_key UNIQUE (name);


--
-- Name: admin_users_with_roles pk_admin_users_roles; Type: CONSTRAINT; Schema: public; Owner: postgres
--

ALTER TABLE ONLY public.admin_users_with_roles
    ADD CONSTRAINT pk_admin_users_roles PRIMARY KEY (user_id, role_id);


--
-- Name: article_category pk_article_category; Type: CONSTRAINT; Schema: public; Owner: postgres
--

ALTER TABLE ONLY public.article_category
    ADD CONSTRAINT pk_article_category PRIMARY KEY (article_id, category_id);


--
-- Name: article_translates pk_article_translates; Type: CONSTRAINT; Schema: public; Owner: postgres
--

ALTER TABLE ONLY public.article_translates
    ADD CONSTRAINT pk_article_translates PRIMARY KEY (article_id, language);


--
-- Name: author_translates pk_author_translates; Type: CONSTRAINT; Schema: public; Owner: postgres
--

ALTER TABLE ONLY public.author_translates
    ADD CONSTRAINT pk_author_translates PRIMARY KEY (author_id, language);


--
-- Name: category_translates pk_category_translates; Type: CONSTRAINT; Schema: public; Owner: postgres
--

ALTER TABLE ONLY public.category_translates
    ADD CONSTRAINT pk_category_translates PRIMARY KEY (category_id, language);


--
-- Name: img_translates pk_img_translates; Type: CONSTRAINT; Schema: public; Owner: postgres
--

ALTER TABLE ONLY public.img_translates
    ADD CONSTRAINT pk_img_translates PRIMARY KEY (img_id, language);


--
-- Name: links_translates pk_links_translates; Type: CONSTRAINT; Schema: public; Owner: postgres
--

ALTER TABLE ONLY public.links_translates
    ADD CONSTRAINT pk_links_translates PRIMARY KEY (link_id, language);


--
-- Name: translate_entities pk_translate_entities; Type: CONSTRAINT; Schema: public; Owner: postgres
--

ALTER TABLE ONLY public.translate_entities
    ADD CONSTRAINT pk_translate_entities PRIMARY KEY (key, language);


--
-- Name: translate_keys translate_keys_pkey; Type: CONSTRAINT; Schema: public; Owner: postgres
--

ALTER TABLE ONLY public.translate_keys
    ADD CONSTRAINT translate_keys_pkey PRIMARY KEY (identifier);


--
-- Name: language translate_lang_pkey; Type: CONSTRAINT; Schema: public; Owner: postgres
--

ALTER TABLE ONLY public.language
    ADD CONSTRAINT translate_lang_pkey PRIMARY KEY (identifier);


--
-- Name: admin_users_with_roles admin_users_with_roles_role_id_fkey; Type: FK CONSTRAINT; Schema: public; Owner: postgres
--

ALTER TABLE ONLY public.admin_users_with_roles
    ADD CONSTRAINT admin_users_with_roles_role_id_fkey FOREIGN KEY (role_id) REFERENCES public.admin_roles(identifier) ON UPDATE CASCADE ON DELETE CASCADE;


--
-- Name: admin_users_with_roles admin_users_with_roles_user_id_fkey; Type: FK CONSTRAINT; Schema: public; Owner: postgres
--

ALTER TABLE ONLY public.admin_users_with_roles
    ADD CONSTRAINT admin_users_with_roles_user_id_fkey FOREIGN KEY (user_id) REFERENCES public.admin_users(identifier) ON UPDATE CASCADE ON DELETE CASCADE;


--
-- Name: article article_audio_id_fkey; Type: FK CONSTRAINT; Schema: public; Owner: postgres
--

ALTER TABLE ONLY public.article
    ADD CONSTRAINT article_audio_id_fkey FOREIGN KEY (audio_id) REFERENCES public.audio(identifier) ON UPDATE CASCADE;


--
-- Name: article article_author_id_fkey; Type: FK CONSTRAINT; Schema: public; Owner: postgres
--

ALTER TABLE ONLY public.article
    ADD CONSTRAINT article_author_id_fkey FOREIGN KEY (author_id) REFERENCES public.author(identifier) ON UPDATE CASCADE;


--
-- Name: article_category article_category_article_id_fkey; Type: FK CONSTRAINT; Schema: public; Owner: postgres
--

ALTER TABLE ONLY public.article_category
    ADD CONSTRAINT article_category_article_id_fkey FOREIGN KEY (article_id) REFERENCES public.article(identifier) ON UPDATE CASCADE ON DELETE CASCADE;


--
-- Name: article_category article_category_category_id_fkey; Type: FK CONSTRAINT; Schema: public; Owner: postgres
--

ALTER TABLE ONLY public.article_category
    ADD CONSTRAINT article_category_category_id_fkey FOREIGN KEY (category_id) REFERENCES public.category(identifier) ON UPDATE CASCADE ON DELETE CASCADE;


--
-- Name: article article_img_id_fkey; Type: FK CONSTRAINT; Schema: public; Owner: postgres
--

ALTER TABLE ONLY public.article
    ADD CONSTRAINT article_img_id_fkey FOREIGN KEY (img_id) REFERENCES public.img(identifier) ON UPDATE CASCADE;


--
-- Name: article_translates article_translates_article_id_fkey; Type: FK CONSTRAINT; Schema: public; Owner: postgres
--

ALTER TABLE ONLY public.article_translates
    ADD CONSTRAINT article_translates_article_id_fkey FOREIGN KEY (article_id) REFERENCES public.article(identifier) ON UPDATE CASCADE ON DELETE CASCADE;


--
-- Name: article_translates article_translates_language_fkey; Type: FK CONSTRAINT; Schema: public; Owner: postgres
--

ALTER TABLE ONLY public.article_translates
    ADD CONSTRAINT article_translates_language_fkey FOREIGN KEY (language) REFERENCES public.language(identifier) ON UPDATE CASCADE;


--
-- Name: audio_translates audio_translates_audio_id_fkey; Type: FK CONSTRAINT; Schema: public; Owner: postgres
--

ALTER TABLE ONLY public.audio_translates
    ADD CONSTRAINT audio_translates_audio_id_fkey FOREIGN KEY (audio_id) REFERENCES public.audio(identifier) ON UPDATE CASCADE;


--
-- Name: audio_translates audio_translates_language_fkey; Type: FK CONSTRAINT; Schema: public; Owner: postgres
--

ALTER TABLE ONLY public.audio_translates
    ADD CONSTRAINT audio_translates_language_fkey FOREIGN KEY (language) REFERENCES public.language(identifier) ON UPDATE CASCADE;


--
-- Name: author_translates author_translates_author_id_fkey; Type: FK CONSTRAINT; Schema: public; Owner: postgres
--

ALTER TABLE ONLY public.author_translates
    ADD CONSTRAINT author_translates_author_id_fkey FOREIGN KEY (author_id) REFERENCES public.author(identifier) ON UPDATE CASCADE ON DELETE CASCADE;


--
-- Name: author_translates author_translates_language_fkey; Type: FK CONSTRAINT; Schema: public; Owner: postgres
--

ALTER TABLE ONLY public.author_translates
    ADD CONSTRAINT author_translates_language_fkey FOREIGN KEY (language) REFERENCES public.language(identifier) ON UPDATE CASCADE;


--
-- Name: banner banner_img_id_fkey; Type: FK CONSTRAINT; Schema: public; Owner: postgres
--

ALTER TABLE ONLY public.banner
    ADD CONSTRAINT banner_img_id_fkey FOREIGN KEY (img_id) REFERENCES public.img(identifier) ON UPDATE CASCADE;


--
-- Name: category_translates category_translates_category_id_fkey; Type: FK CONSTRAINT; Schema: public; Owner: postgres
--

ALTER TABLE ONLY public.category_translates
    ADD CONSTRAINT category_translates_category_id_fkey FOREIGN KEY (category_id) REFERENCES public.category(identifier) ON UPDATE CASCADE ON DELETE CASCADE;


--
-- Name: category_translates category_translates_language_fkey; Type: FK CONSTRAINT; Schema: public; Owner: postgres
--

ALTER TABLE ONLY public.category_translates
    ADD CONSTRAINT category_translates_language_fkey FOREIGN KEY (language) REFERENCES public.language(identifier) ON UPDATE CASCADE;


--
-- Name: img img_author_id_fkey; Type: FK CONSTRAINT; Schema: public; Owner: postgres
--

ALTER TABLE ONLY public.img
    ADD CONSTRAINT img_author_id_fkey FOREIGN KEY (author_id) REFERENCES public.author(identifier) ON UPDATE CASCADE;


--
-- Name: img_translates img_translates_img_id_fkey; Type: FK CONSTRAINT; Schema: public; Owner: postgres
--

ALTER TABLE ONLY public.img_translates
    ADD CONSTRAINT img_translates_img_id_fkey FOREIGN KEY (img_id) REFERENCES public.img(identifier) ON UPDATE CASCADE ON DELETE CASCADE;


--
-- Name: img_translates img_translates_language_fkey; Type: FK CONSTRAINT; Schema: public; Owner: postgres
--

ALTER TABLE ONLY public.img_translates
    ADD CONSTRAINT img_translates_language_fkey FOREIGN KEY (language) REFERENCES public.language(identifier) ON UPDATE CASCADE ON DELETE CASCADE;


--
-- Name: links_translates links_translates_language_fkey; Type: FK CONSTRAINT; Schema: public; Owner: postgres
--

ALTER TABLE ONLY public.links_translates
    ADD CONSTRAINT links_translates_language_fkey FOREIGN KEY (language) REFERENCES public.language(identifier) ON DELETE CASCADE;


--
-- Name: links_translates links_translates_link_id_fkey; Type: FK CONSTRAINT; Schema: public; Owner: postgres
--

ALTER TABLE ONLY public.links_translates
    ADD CONSTRAINT links_translates_link_id_fkey FOREIGN KEY (link_id) REFERENCES public.links(link_id) ON DELETE CASCADE;


--
-- Name: translate_entities translate_entities_key_fkey; Type: FK CONSTRAINT; Schema: public; Owner: postgres
--

ALTER TABLE ONLY public.translate_entities
    ADD CONSTRAINT translate_entities_key_fkey FOREIGN KEY (key) REFERENCES public.translate_keys(identifier) ON UPDATE CASCADE ON DELETE CASCADE;


--
-- Name: translate_entities translate_entities_language_fkey; Type: FK CONSTRAINT; Schema: public; Owner: postgres
--

ALTER TABLE ONLY public.translate_entities
    ADD CONSTRAINT translate_entities_language_fkey FOREIGN KEY (language) REFERENCES public.language(identifier) ON UPDATE CASCADE;


--
-- PostgreSQL database dump complete
--

