--
-- PostgreSQL database dump
--

-- Dumped from database version 17.5 (Debian 17.5-1.pgdg120+1)
-- Dumped by pg_dump version 17.5 (Debian 17.5-1.pgdg120+1)

SET statement_timeout = 0;
SET lock_timeout = 0;
SET idle_in_transaction_session_timeout = 0;
SET transaction_timeout = 0;
SET client_encoding = 'UTF8';
SET standard_conforming_strings = on;
SELECT pg_catalog.set_config('search_path', '', false);
SET check_function_bodies = false;
SET xmloption = content;
SET client_min_messages = warning;
SET row_security = off;

--
-- Name: article_tsvector_update(); Type: FUNCTION; Schema: public; Owner: postgres
--

CREATE FUNCTION public.article_tsvector_update() RETURNS trigger
    LANGUAGE plpgsql
    AS $$
DECLARE
  lang_config regconfig;
BEGIN
  lang_config := CASE LOWER(NEW.language)
    WHEN 'en' THEN 'english'
    WHEN 'uk' THEN 'ukrainian'
    ELSE 'english' -- default
  END::regconfig;

  NEW.tsv := to_tsvector(lang_config, NEW.description) || to_tsvector(lang_config, NEW.name);
  RETURN NEW;
END
$$;


ALTER FUNCTION public.article_tsvector_update() OWNER TO postgres;

--
-- Name: ukrainian_huns; Type: TEXT SEARCH DICTIONARY; Schema: public; Owner: postgres
--

CREATE TEXT SEARCH DICTIONARY public.ukrainian_huns (
    TEMPLATE = pg_catalog.ispell,
    dictfile = 'uk_ua', afffile = 'uk_ua', stopwords = 'ukrainian' );


ALTER TEXT SEARCH DICTIONARY public.ukrainian_huns OWNER TO postgres;

--
-- Name: ukrainian_stem; Type: TEXT SEARCH DICTIONARY; Schema: public; Owner: postgres
--

CREATE TEXT SEARCH DICTIONARY public.ukrainian_stem (
    TEMPLATE = pg_catalog.simple,
    stopwords = 'ukrainian' );


ALTER TEXT SEARCH DICTIONARY public.ukrainian_stem OWNER TO postgres;

--
-- Name: ukrainian; Type: TEXT SEARCH CONFIGURATION; Schema: public; Owner: postgres
--

CREATE TEXT SEARCH CONFIGURATION public.ukrainian (
    PARSER = pg_catalog."default" );

ALTER TEXT SEARCH CONFIGURATION public.ukrainian
    ADD MAPPING FOR asciiword WITH english_stem;

ALTER TEXT SEARCH CONFIGURATION public.ukrainian
    ADD MAPPING FOR word WITH public.ukrainian_huns, public.ukrainian_stem;

ALTER TEXT SEARCH CONFIGURATION public.ukrainian
    ADD MAPPING FOR numword WITH simple;

ALTER TEXT SEARCH CONFIGURATION public.ukrainian
    ADD MAPPING FOR email WITH simple;

ALTER TEXT SEARCH CONFIGURATION public.ukrainian
    ADD MAPPING FOR url WITH simple;

ALTER TEXT SEARCH CONFIGURATION public.ukrainian
    ADD MAPPING FOR host WITH simple;

ALTER TEXT SEARCH CONFIGURATION public.ukrainian
    ADD MAPPING FOR sfloat WITH simple;

ALTER TEXT SEARCH CONFIGURATION public.ukrainian
    ADD MAPPING FOR version WITH simple;

ALTER TEXT SEARCH CONFIGURATION public.ukrainian
    ADD MAPPING FOR hword_numpart WITH simple;

ALTER TEXT SEARCH CONFIGURATION public.ukrainian
    ADD MAPPING FOR hword_part WITH public.ukrainian_huns, public.ukrainian_stem;

ALTER TEXT SEARCH CONFIGURATION public.ukrainian
    ADD MAPPING FOR hword_asciipart WITH english_stem;

ALTER TEXT SEARCH CONFIGURATION public.ukrainian
    ADD MAPPING FOR numhword WITH simple;

ALTER TEXT SEARCH CONFIGURATION public.ukrainian
    ADD MAPPING FOR asciihword WITH english_stem;

ALTER TEXT SEARCH CONFIGURATION public.ukrainian
    ADD MAPPING FOR hword WITH public.ukrainian_huns, public.ukrainian_stem;

ALTER TEXT SEARCH CONFIGURATION public.ukrainian
    ADD MAPPING FOR url_path WITH simple;

ALTER TEXT SEARCH CONFIGURATION public.ukrainian
    ADD MAPPING FOR file WITH simple;

ALTER TEXT SEARCH CONFIGURATION public.ukrainian
    ADD MAPPING FOR "float" WITH simple;

ALTER TEXT SEARCH CONFIGURATION public.ukrainian
    ADD MAPPING FOR "int" WITH simple;

ALTER TEXT SEARCH CONFIGURATION public.ukrainian
    ADD MAPPING FOR uint WITH simple;


ALTER TEXT SEARCH CONFIGURATION public.ukrainian OWNER TO postgres;

SET default_tablespace = '';

SET default_table_access_method = heap;

--
-- Name: admin_roles; Type: TABLE; Schema: public; Owner: postgres
--

CREATE TABLE public.admin_roles (
    identifier integer NOT NULL,
    name text NOT NULL,
    description text NOT NULL
);


ALTER TABLE public.admin_roles OWNER TO postgres;

--
-- Name: admin_roles_identifier_seq; Type: SEQUENCE; Schema: public; Owner: postgres
--

CREATE SEQUENCE public.admin_roles_identifier_seq
    AS integer
    START WITH 1
    INCREMENT BY 1
    NO MINVALUE
    NO MAXVALUE
    CACHE 1;


ALTER SEQUENCE public.admin_roles_identifier_seq OWNER TO postgres;

--
-- Name: admin_roles_identifier_seq; Type: SEQUENCE OWNED BY; Schema: public; Owner: postgres
--

ALTER SEQUENCE public.admin_roles_identifier_seq OWNED BY public.admin_roles.identifier;


--
-- Name: admin_users; Type: TABLE; Schema: public; Owner: postgres
--

CREATE TABLE public.admin_users (
    identifier integer NOT NULL,
    username text NOT NULL,
    password_hash text NOT NULL,
    active boolean DEFAULT false NOT NULL,
    email text NOT NULL
);


ALTER TABLE public.admin_users OWNER TO postgres;

--
-- Name: admin_users_identifier_seq; Type: SEQUENCE; Schema: public; Owner: postgres
--

CREATE SEQUENCE public.admin_users_identifier_seq
    AS integer
    START WITH 1
    INCREMENT BY 1
    NO MINVALUE
    NO MAXVALUE
    CACHE 1;


ALTER SEQUENCE public.admin_users_identifier_seq OWNER TO postgres;

--
-- Name: admin_users_identifier_seq; Type: SEQUENCE OWNED BY; Schema: public; Owner: postgres
--

ALTER SEQUENCE public.admin_users_identifier_seq OWNED BY public.admin_users.identifier;


--
-- Name: admin_users_with_roles; Type: TABLE; Schema: public; Owner: postgres
--

CREATE TABLE public.admin_users_with_roles (
    user_id integer NOT NULL,
    role_id integer NOT NULL
);


ALTER TABLE public.admin_users_with_roles OWNER TO postgres;

--
-- Name: article; Type: TABLE; Schema: public; Owner: postgres
--

CREATE TABLE public.article (
    identifier text NOT NULL,
    active boolean DEFAULT false NOT NULL,
    author_id integer NOT NULL,
    img_id integer,
    audio_id integer,
    created_at timestamp without time zone DEFAULT CURRENT_TIMESTAMP NOT NULL,
    updated_at timestamp without time zone DEFAULT CURRENT_TIMESTAMP NOT NULL,
    views integer NOT NULL,
    CONSTRAINT views_check CHECK ((views >= 0))
);


ALTER TABLE public.article OWNER TO postgres;

--
-- Name: article_category; Type: TABLE; Schema: public; Owner: postgres
--

CREATE TABLE public.article_category (
    article_id text NOT NULL,
    category_id text NOT NULL
);


ALTER TABLE public.article_category OWNER TO postgres;

--
-- Name: article_translates; Type: TABLE; Schema: public; Owner: postgres
--

CREATE TABLE public.article_translates (
    article_id text NOT NULL,
    language text NOT NULL,
    name text NOT NULL,
    description text NOT NULL,
    short_description text NOT NULL,
    tsv tsvector
);


ALTER TABLE public.article_translates OWNER TO postgres;

--
-- Name: audio; Type: TABLE; Schema: public; Owner: postgres
--

CREATE TABLE public.audio (
    identifier integer NOT NULL,
    active boolean DEFAULT false NOT NULL,
    name text NOT NULL
);


ALTER TABLE public.audio OWNER TO postgres;

--
-- Name: audio_identifier_seq; Type: SEQUENCE; Schema: public; Owner: postgres
--

CREATE SEQUENCE public.audio_identifier_seq
    AS integer
    START WITH 1
    INCREMENT BY 1
    NO MINVALUE
    NO MAXVALUE
    CACHE 1;


ALTER SEQUENCE public.audio_identifier_seq OWNER TO postgres;

--
-- Name: audio_identifier_seq; Type: SEQUENCE OWNED BY; Schema: public; Owner: postgres
--

ALTER SEQUENCE public.audio_identifier_seq OWNED BY public.audio.identifier;


--
-- Name: audio_translates; Type: TABLE; Schema: public; Owner: postgres
--

CREATE TABLE public.audio_translates (
    audio_id integer NOT NULL,
    language text NOT NULL,
    description text NOT NULL,
    path text NOT NULL
);


ALTER TABLE public.audio_translates OWNER TO postgres;

--
-- Name: author; Type: TABLE; Schema: public; Owner: postgres
--

CREATE TABLE public.author (
    identifier integer NOT NULL,
    name text NOT NULL,
    active boolean DEFAULT false NOT NULL
);


ALTER TABLE public.author OWNER TO postgres;

--
-- Name: author_identifier_seq; Type: SEQUENCE; Schema: public; Owner: postgres
--

CREATE SEQUENCE public.author_identifier_seq
    AS integer
    START WITH 1
    INCREMENT BY 1
    NO MINVALUE
    NO MAXVALUE
    CACHE 1;


ALTER SEQUENCE public.author_identifier_seq OWNER TO postgres;

--
-- Name: author_identifier_seq; Type: SEQUENCE OWNED BY; Schema: public; Owner: postgres
--

ALTER SEQUENCE public.author_identifier_seq OWNED BY public.author.identifier;


--
-- Name: author_translates; Type: TABLE; Schema: public; Owner: postgres
--

CREATE TABLE public.author_translates (
    author_id integer NOT NULL,
    language text NOT NULL,
    description text
);


ALTER TABLE public.author_translates OWNER TO postgres;

--
-- Name: banner; Type: TABLE; Schema: public; Owner: postgres
--

CREATE TABLE public.banner (
    identifier integer NOT NULL,
    active boolean DEFAULT false NOT NULL,
    name text NOT NULL,
    img_id integer NOT NULL,
    priority integer NOT NULL
);


ALTER TABLE public.banner OWNER TO postgres;

--
-- Name: banner_identifier_seq; Type: SEQUENCE; Schema: public; Owner: postgres
--

CREATE SEQUENCE public.banner_identifier_seq
    AS integer
    START WITH 1
    INCREMENT BY 1
    NO MINVALUE
    NO MAXVALUE
    CACHE 1;


ALTER SEQUENCE public.banner_identifier_seq OWNER TO postgres;

--
-- Name: banner_identifier_seq; Type: SEQUENCE OWNED BY; Schema: public; Owner: postgres
--

ALTER SEQUENCE public.banner_identifier_seq OWNED BY public.banner.identifier;


--
-- Name: category; Type: TABLE; Schema: public; Owner: postgres
--

CREATE TABLE public.category (
    identifier text NOT NULL,
    active boolean DEFAULT false NOT NULL
);


ALTER TABLE public.category OWNER TO postgres;

--
-- Name: category_translates; Type: TABLE; Schema: public; Owner: postgres
--

CREATE TABLE public.category_translates (
    category_id text NOT NULL,
    language text NOT NULL,
    name text NOT NULL,
    description text NOT NULL
);


ALTER TABLE public.category_translates OWNER TO postgres;

--
-- Name: img; Type: TABLE; Schema: public; Owner: postgres
--

CREATE TABLE public.img (
    identifier integer NOT NULL,
    name text NOT NULL,
    author_id integer NOT NULL,
    path text NOT NULL,
    active boolean DEFAULT false NOT NULL
);


ALTER TABLE public.img OWNER TO postgres;

--
-- Name: img_cache; Type: TABLE; Schema: public; Owner: postgres
--

CREATE TABLE public.img_cache (
    key text NOT NULL,
    data text NOT NULL,
    type text NOT NULL,
    created_at timestamp without time zone DEFAULT CURRENT_TIMESTAMP NOT NULL,
    CONSTRAINT img_cache_type_check CHECK ((type = 'webp'::text))
);


ALTER TABLE public.img_cache OWNER TO postgres;

--
-- Name: img_identifier_seq; Type: SEQUENCE; Schema: public; Owner: postgres
--

CREATE SEQUENCE public.img_identifier_seq
    AS integer
    START WITH 1
    INCREMENT BY 1
    NO MINVALUE
    NO MAXVALUE
    CACHE 1;


ALTER SEQUENCE public.img_identifier_seq OWNER TO postgres;

--
-- Name: img_identifier_seq; Type: SEQUENCE OWNED BY; Schema: public; Owner: postgres
--

ALTER SEQUENCE public.img_identifier_seq OWNED BY public.img.identifier;


--
-- Name: img_translates; Type: TABLE; Schema: public; Owner: postgres
--

CREATE TABLE public.img_translates (
    img_id integer NOT NULL,
    language text NOT NULL,
    description text NOT NULL
);


ALTER TABLE public.img_translates OWNER TO postgres;

--
-- Name: language; Type: TABLE; Schema: public; Owner: postgres
--

CREATE TABLE public.language (
    identifier text NOT NULL,
    active boolean DEFAULT false NOT NULL
);


ALTER TABLE public.language OWNER TO postgres;

--
-- Name: links; Type: TABLE; Schema: public; Owner: postgres
--

CREATE TABLE public.links (
    link_id integer NOT NULL,
    path text[]
);


ALTER TABLE public.links OWNER TO postgres;

--
-- Name: links_link_id_seq; Type: SEQUENCE; Schema: public; Owner: postgres
--

CREATE SEQUENCE public.links_link_id_seq
    AS integer
    START WITH 1
    INCREMENT BY 1
    NO MINVALUE
    NO MAXVALUE
    CACHE 1;


ALTER SEQUENCE public.links_link_id_seq OWNER TO postgres;

--
-- Name: links_link_id_seq; Type: SEQUENCE OWNED BY; Schema: public; Owner: postgres
--

ALTER SEQUENCE public.links_link_id_seq OWNED BY public.links.link_id;


--
-- Name: links_translates; Type: TABLE; Schema: public; Owner: postgres
--

CREATE TABLE public.links_translates (
    link_id integer NOT NULL,
    language text NOT NULL,
    name text NOT NULL,
    description text NOT NULL
);


ALTER TABLE public.links_translates OWNER TO postgres;

--
-- Name: page; Type: TABLE; Schema: public; Owner: postgres
--

CREATE TABLE public.page (
    id integer NOT NULL,
    url text NOT NULL,
    active boolean DEFAULT false NOT NULL
);


ALTER TABLE public.page OWNER TO postgres;

--
-- Name: page_id_seq; Type: SEQUENCE; Schema: public; Owner: postgres
--

CREATE SEQUENCE public.page_id_seq
    AS integer
    START WITH 1
    INCREMENT BY 1
    NO MINVALUE
    NO MAXVALUE
    CACHE 1;


ALTER SEQUENCE public.page_id_seq OWNER TO postgres;

--
-- Name: page_id_seq; Type: SEQUENCE OWNED BY; Schema: public; Owner: postgres
--

ALTER SEQUENCE public.page_id_seq OWNED BY public.page.id;


--
-- Name: page_translates; Type: TABLE; Schema: public; Owner: postgres
--

CREATE TABLE public.page_translates (
    page_id integer NOT NULL,
    language text NOT NULL,
    name text NOT NULL,
    short_description text NOT NULL,
    description text NOT NULL
);


ALTER TABLE public.page_translates OWNER TO postgres;

--
-- Name: translate_entities; Type: TABLE; Schema: public; Owner: postgres
--

CREATE TABLE public.translate_entities (
    key text NOT NULL,
    language text NOT NULL,
    phrase text NOT NULL
);


ALTER TABLE public.translate_entities OWNER TO postgres;

--
-- Name: translate_keys; Type: TABLE; Schema: public; Owner: postgres
--

CREATE TABLE public.translate_keys (
    identifier text NOT NULL
);


ALTER TABLE public.translate_keys OWNER TO postgres;

--
-- Name: admin_roles identifier; Type: DEFAULT; Schema: public; Owner: postgres
--

ALTER TABLE ONLY public.admin_roles ALTER COLUMN identifier SET DEFAULT nextval('public.admin_roles_identifier_seq'::regclass);


--
-- Name: admin_users identifier; Type: DEFAULT; Schema: public; Owner: postgres
--

ALTER TABLE ONLY public.admin_users ALTER COLUMN identifier SET DEFAULT nextval('public.admin_users_identifier_seq'::regclass);


--
-- Name: audio identifier; Type: DEFAULT; Schema: public; Owner: postgres
--

ALTER TABLE ONLY public.audio ALTER COLUMN identifier SET DEFAULT nextval('public.audio_identifier_seq'::regclass);


--
-- Name: author identifier; Type: DEFAULT; Schema: public; Owner: postgres
--

ALTER TABLE ONLY public.author ALTER COLUMN identifier SET DEFAULT nextval('public.author_identifier_seq'::regclass);


--
-- Name: banner identifier; Type: DEFAULT; Schema: public; Owner: postgres
--

ALTER TABLE ONLY public.banner ALTER COLUMN identifier SET DEFAULT nextval('public.banner_identifier_seq'::regclass);


--
-- Name: img identifier; Type: DEFAULT; Schema: public; Owner: postgres
--

ALTER TABLE ONLY public.img ALTER COLUMN identifier SET DEFAULT nextval('public.img_identifier_seq'::regclass);


--
-- Name: links link_id; Type: DEFAULT; Schema: public; Owner: postgres
--

ALTER TABLE ONLY public.links ALTER COLUMN link_id SET DEFAULT nextval('public.links_link_id_seq'::regclass);


--
-- Name: page id; Type: DEFAULT; Schema: public; Owner: postgres
--

ALTER TABLE ONLY public.page ALTER COLUMN id SET DEFAULT nextval('public.page_id_seq'::regclass);


--
-- Data for Name: admin_roles; Type: TABLE DATA; Schema: public; Owner: postgres
--

COPY public.admin_roles (identifier, name, description) FROM stdin;
1	ADMIN_ROOT	Can do anything
2	ADMIN_LOGIN	Can login into
\.


--
-- Data for Name: admin_users; Type: TABLE DATA; Schema: public; Owner: postgres
--

COPY public.admin_users (identifier, username, password_hash, active, email) FROM stdin;
2	admin2	$2y$10$imdQM8v2LJ.G2la8xIcSSuyypMX8UWf63JncAgIAdJzI2Ioe/Wk2K	t	admin2@example.com
1	admin	$2y$12$q/QW6ASrN4ist4/csSjXreOTthlkqUgJdCMJpO75tZnkL/o5GCfqC	t	admin@example.com
\.


--
-- Data for Name: admin_users_with_roles; Type: TABLE DATA; Schema: public; Owner: postgres
--

COPY public.admin_users_with_roles (user_id, role_id) FROM stdin;
1	1
2	2
\.


--
-- Data for Name: article; Type: TABLE DATA; Schema: public; Owner: postgres
--

COPY public.article (identifier, active, author_id, img_id, audio_id, created_at, updated_at, views) FROM stdin;
rights-of-a-person-held-administratively-liable	t	1	113	69	2025-07-02 14:41:54	2025-07-03 16:55:03	0
the-constitution-of-ukraine-and-the-sphere-of-military-law	t	1	112	68	2025-07-02 12:44:22	2025-07-02 12:53:49	0
entering-a-road-with-a-lane-for-route-vehicles	t	1	125	48	2025-06-25 12:54:38	2025-07-12 19:27:39	0
zakon-pro-dorojniy-ruh-ukraini	t	1	121	49	2025-06-25 16:29:19	2025-07-10 14:04:39	0
сode-of-administrative-procedure-of-ukraine	t	1	94	52	2025-06-26 13:15:01	2025-06-26 13:24:15	0
сircumstances-that-are-not-a-valid-reason-for-missing-a-procedural-deadline	t	1	123	54	2025-06-26 19:26:46	2025-07-10 14:39:41	0
using-a-video-recorder	t	1	120	50	2025-06-25 19:24:20	2025-07-09 12:54:04	0
passing-the-military-medical-commission	t	1	101	59	2025-06-29 17:45:10	2025-06-29 17:50:58	0
evidence-in-administrative-offense-cases-key-aspects	t	1	115	3	2024-11-05 13:40:26	2025-07-08 10:59:21	0
plaintiff's-failure-to-appear-in-court	t	1	109	65	2025-07-01 12:32:51	2025-07-01 12:35:37	0
evidence-in-administrative-law	t	1	98	56	2025-06-28 18:17:49	2025-06-28 18:24:51	0
impossibility-of-judicial-appeal-of-summons-to-appear-at-the-tcr	t	1	108	64	2025-07-01 12:06:47	2025-07-01 12:06:47	0
grounds-for-stopping-a-vehicle-by-police-officers	t	1	119	51	2025-06-26 10:25:57	2025-07-09 12:45:20	0
traffic-rules	t	1	111	67	2025-07-02 11:42:18	2025-07-02 11:43:42	0
reservation-of-employees-for-the-period-of-mobilization	t	1	105	62	2025-06-30 17:35:55	2025-06-30 17:47:08	0
Restrictions-on-the-right-to-drive-a-vehicle-during-mobilization	t	1	122	53	2025-06-26 16:46:37	2025-07-10 14:33:23	0
administrative-detention	t	1	97	55	2025-06-27 18:49:55	2025-06-27 18:57:37	0
amendments-resolution-no-76-27.01.23	t	1	100	58	2025-06-29 14:56:38	2025-06-29 14:59:54	0
laws-and-regulations-governing-the-field-of-military-law	t	1	99	57	2025-06-29 12:42:15	2025-06-29 12:44:17	0
simplification-of-the-drivers-license-examination-process	t	1	114	1	2024-11-12 17:54:44	2025-07-08 10:48:46	0
document-verification-for-drivers	t	1	2	2	2024-10-31 19:14:03	2024-11-01 11:48:50	0
the-importance-of-seat-belts-when-driving-a-car	t	1	89	47	2025-06-24 18:40:16	2025-06-24 18:47:02	0
military-registration-document	t	1	124	61	2025-06-30 12:26:51	2025-07-11 13:02:22	0
extension-of-the-guarantee-of-maintaining-a-servicemans-job	t	1	102	60	2025-06-29 19:45:28	2025-06-29 19:49:24	0
deferrals-from-military-service-for-stepfathers	t	1	110	66	2025-07-02 11:22:05	2025-07-02 11:27:50	0
code-of-ukraine-on-administrative-offenses	t	1	107	63	2025-06-30 19:10:54	2025-06-30 19:20:16	0
increase-fines-for-speeding-violations-2025	t	1	87	46	2025-06-15 13:38:03	2025-06-15 13:38:03	0
\.


--
-- Data for Name: article_category; Type: TABLE DATA; Schema: public; Owner: postgres
--

COPY public.article_category (article_id, category_id) FROM stdin;
reservation-of-employees-for-the-period-of-mobilization	military-law
reservation-of-employees-for-the-period-of-mobilization	military-reservation
code-of-ukraine-on-administrative-offenses	administrative-process
code-of-ukraine-on-administrative-offenses	administrative-process-legal-framework
evidence-in-administrative-offense-cases-key-aspects	administrative-process
impossibility-of-judicial-appeal-of-summons-to-appear-at-the-tcr	administrative-process
impossibility-of-judicial-appeal-of-summons-to-appear-at-the-tcr	administrative-process-consultations
impossibility-of-judicial-appeal-of-summons-to-appear-at-the-tcr	military-law-judicial-practice
plaintiff's-failure-to-appear-in-court	administrative-process
plaintiff's-failure-to-appear-in-court	administrative-process-consultations
traffic-rules	traffic-legal-framework
deferrals-from-military-service-for-stepfathers	military-law
traffic-rules	traffic
deferrals-from-military-service-for-stepfathers	military-law-judicial-practice
deferrals-from-military-service-for-stepfathers	military-reservation
simplification-of-the-drivers-license-examination-process	traffic
increase-fines-for-speeding-violations-2025	traffic-legislative-changes
increase-fines-for-speeding-violations-2025	traffic
document-verification-for-drivers	traffic-legislative-changes
document-verification-for-drivers	traffic
the-constitution-of-ukraine-and-the-sphere-of-military-law	military-law
сode-of-administrative-procedure-of-ukraine	administrative-process
сode-of-administrative-procedure-of-ukraine	administrative-process-legal-framework
the-constitution-of-ukraine-and-the-sphere-of-military-law	military-law-legal-framework
the-importance-of-seat-belts-when-driving-a-car	traffic-consultations
the-importance-of-seat-belts-when-driving-a-car	traffic
grounds-for-stopping-a-vehicle-by-police-officers	traffic-vehicle-stop
grounds-for-stopping-a-vehicle-by-police-officers	traffic
using-a-video-recorder	traffic-common-mistakes
using-a-video-recorder	traffic
zakon-pro-dorojniy-ruh-ukraini	traffic-legal-framework
zakon-pro-dorojniy-ruh-ukraini	traffic
Restrictions-on-the-right-to-drive-a-vehicle-during-mobilization	administrative-process-legislative-changes
Restrictions-on-the-right-to-drive-a-vehicle-during-mobilization	military-law
administrative-detention	administrative-process
administrative-detention	administrative-process-administrative-detention
evidence-in-administrative-law	administrative-process
evidence-in-administrative-law	evidence
Restrictions-on-the-right-to-drive-a-vehicle-during-mobilization	military-law-legislative-changes
Restrictions-on-the-right-to-drive-a-vehicle-during-mobilization	administrative-process
сircumstances-that-are-not-a-valid-reason-for-missing-a-procedural-deadline	administrative-process-consultations
сircumstances-that-are-not-a-valid-reason-for-missing-a-procedural-deadline	administrative-process
military-registration-document	military-law
laws-and-regulations-governing-the-field-of-military-law	military-law
laws-and-regulations-governing-the-field-of-military-law	military-law-legal-framework
military-registration-document	military-registration-document
entering-a-road-with-a-lane-for-route-vehicles	traffic-judicial-practice
entering-a-road-with-a-lane-for-route-vehicles	traffic
amendments-resolution-no-76-27.01.23	military-law
amendments-resolution-no-76-27.01.23	military-law-legislative-changes
rights-of-a-person-held-administratively-liable	traffic-common-mistakes
passing-the-military-medical-commission	military-law
passing-the-military-medical-commission	military-law-mmc
rights-of-a-person-held-administratively-liable	traffic
extension-of-the-guarantee-of-maintaining-a-servicemans-job	military-law
extension-of-the-guarantee-of-maintaining-a-servicemans-job	military-law-judicial-practice
\.


--
-- Data for Name: article_translates; Type: TABLE DATA; Schema: public; Owner: postgres
--

COPY public.article_translates (article_id, language, name, description, short_description, tsv) FROM stdin;
evidence-in-administrative-law	uk	Докази в адміністративному праві	<p>У системі адміністративного судочинства докази відіграють ключову роль у встановленні фактичних обставин справи. Вони є основою для прийняття законного та обґрунтованого рішення судом. Докази визначаються як будь-які фактичні дані, на підставі яких суд встановлює наявність або відсутність обставин, що мають значення для справи.</p>\r\n\r\n<h2>Поняття доказів</h2>\r\n<p>Згідно з Кодексом адміністративного судочинства України (КАСУ), доказами можуть бути будь-які допустимі за законом засоби, що підтверджують або спростовують доводи сторін. Суд оцінює докази за своїм внутрішнім переконанням, керуючись законом, логікою та принципом справедливості.</p>\r\n\r\n<h2>Види доказів</h2>\r\n<p>КАСУ передбачає декілька основних видів доказів:</p>\r\n<ul>\r\n  <li>Письмові докази — офіційні документи, довідки, акти, договори, листування тощо.</li>\r\n  <li>Речові докази — матеріальні об’єкти, які можуть підтвердити або спростувати певні обставини (наприклад, зіпсовані товари, відеозаписи).</li>\r\n  <li>Пояснення сторін і третіх осіб — усні або письмові заяви позивача, відповідача або третіх осіб щодо обставин справи.</li>\r\n  <li>Свідчення свідків — інформація, отримана від осіб, які мають знання про обставини справи.</li>\r\n  <li>Висновки експертів — спеціальні знання, залучені шляхом експертизи (наприклад, економічна, технічна, лінгвістична експертиза).</li>\r\n</ul>\r\n\r\n<h2>Подання доказів</h2>\r\n<p>Учасники справи мають право подавати докази на підтвердження своїх вимог або заперечень. Згідно з процесуальними нормами, докази подаються разом з адміністративним позовом або під час розгляду справи у строки, визначені судом.</p>\r\n\r\n<p>Суд також має право витребувати докази за власною ініціативою, якщо це необхідно для правильного вирішення спору.</p>\r\n\r\n<h2>Оцінка доказів</h2>\r\n<p>Оцінка доказів здійснюється судом на засадах:</p>\r\n<ul>\r\n  <li>достатності — доказів має бути достатньо для встановлення обставин справи;</li>\r\n  <li>достовірності — докази мають бути надійними й перевіреними;</li>\r\n  <li>взаємозв’язку — окремі докази розглядаються у сукупності, а не ізольовано.</li>\r\n</ul>\r\n\r\n<p>Жоден доказ не має наперед установленої сили. Навіть офіційний документ може бути спростований або визнаний недопустимим, якщо він отриманий з порушенням закону.</p>\r\n\r\n<h2>Допустимість доказів</h2>\r\n<p>Допустимість означає, що доказ повинен бути отриманий законним шляхом. Наприклад, аудіозапис розмови без відома іншої сторони може бути визнаний недопустимим, якщо його отримано з порушенням прав особи або без відповідного дозволу.</p>\r\n\r\n<h2>Зберігання та дослідження доказів</h2>\r\n<p>Докази, подані сторонами, долучаються до матеріалів справи й зберігаються у суді до завершення розгляду. Під час розгляду справи суд досліджує кожен доказ окремо: оглядає документи, заслуховує пояснення, допитує свідків, аналізує висновки експертів.</p>	Загальна стаття на тему доказів в адміністративному праві, їх важливість. Почніть саме з неї.	'а':238 'адміністративний':3,51,180,334 'акт':97 'аналізувати':329 'аудіозапис':275 'будь':28,59 'будь-який':27,58 'бута':57,218,227,252,270,282 'взаємозв':231 'вид':84,90 'визнаний':255,283 'визначатися':25 'визначений':189 'вимога':169 'вирішення':205 'висновок':146,330 'витребувати':195 'власний':198 'внутрішній':76 'встановлення':10,221 'встановлювати':36 'відеозапис':116 'відома':278 'відомий':278 'відповідач':127 'відповідний':294 'відсутність':39 'відігравати':6 'відіграти':6 'дан':31 'дана':31 'даний':31 'даня':31 'дані':31 'декілька':88 'довід':69 'довідка':96 'договорити':98 'договір':98 'дозвіл':295 'доказ':5,24,47,55,73,85,91,93,102,159,165,176,196,208,210,216,225,234,242,264,268,299,300,321,332 'документ':95,250,324 'долучатися':303 'допитувати':327 'допустимий':61 'допустимість':263,265 'дослідження':298 'досліджувати':319 'достатній':219 'достатність':215 'достовірності':224 'економічний':154 'експерт':147,331 'експертиза':152,157 'жоден':241 'завершення':312 'закон':63,79,262 'законний':19,272 'залучений':150 'заперечення':171 'засада':214 'заслуховувати':325 'засіб':64 'заява':125 'заявити':125 'зберігання':296 'зберігатися':308 'згідний':48,172 'здійснюватися':211 'знання':142,149 'значення':43 'зіпсований':114 'кас':54,86 'каса':54,86 'касу':54,86 'керуватися':78 'ключовий':7 'кодекс':50 'кожен':320 'листування':99 'логіка':80 'лінгвістичний':156 'матеріал':305 'матеріальний':103 'мая':193,217,244 'маяти':42,141,162,193,217,226,244 'можуть':56,107 'надійний':228 'наперед':245 'наприклад':113,153,274 'наявність':37 'недопустимий':256,284 'необхідно':202 'норма':175 'об':104 'обставина':12,40,112,132,144,222 'обґрунтований':21 'оглядати':323 'означати':266 'окремий':233,322 'основа':16 'основний':89 'особа':121,130,139,291 'отриманий':137,259,271 'отримати':287 'офіційний':94,249 'оцінка':207,209 'оцінювати':72 'певний':111 'перевірений':230 'передбачати':87 'переконання':77 'письмовий':92,124 'повинен':269 'подавати':164 'подаватися':177 'поданий':301 'подання':158 'позивач':126 'позовом':181 'поняття':46 'порушення':261,289 'пояснення':117,326 'правий':335 'правильний':204 'правити':290 'право':163,194,290,335 'прати':290 'прийняття':18 'принцип':82 'процесуальний':174 'підстава':33 'підтвердження':167 'підтверджувати':66 'підтвердити':108 'разом':178 'речовий':101 'розгляд':185,313,316 'розглядатися':235 'розмова':276 'роль':8 'рішення':22 'свідок':135,328 'свідчення':134 'свій':75,168 'сила':247 'система':2 'спеціальний':148 'спора':206 'справа':13,45,133,145,161,186,223,306,317 'справедливість':83 'спростований':253 'спростовувати':68 'спростувати':110 'спір':206 'сторона':70,118,280,302 'строк':188 'строки':188 'суд':23,35,71,190,191,212,310,318 'судома':23,190,212 'судочинство':4,52 'сукупність':237 'технічний':155 'товар':115 'тощо':100 'третій':120,129 'у':1,9,187,236,309 'україна':53 'усний':122 'установлений':246 'учасник':160 'фактичний':11,30 'час':184,315 'шлях':151,273 'шляхом':151,273 'щодо':131 'язку':232 'як':26 'який':29,34,60,106,140 'єкти':105 'ізольований':240 'ізолювати':240 'інформація':136 'ініціатива':199
passing-the-military-medical-commission	en	Passing the military medical commission	<p>Undergoing the Military Medical Commission (MMC) is a mandatory step for all conscripts subject to mobilization, enlistment, or entry into military service. The main purpose of this procedure is to assess a citizen's fitness for service based on their health condition in accordance with current Ukrainian legislation.</p>\r\n\r\n<h2>Legal Grounds for Undergoing the MMC</h2>\r\n\r\n<p>The organization and procedure of military medical commissions are regulated by a number of legal acts, including:</p>\r\n<ul>\r\n  <li>The Law of Ukraine "On Military Duty and Military Service";</li>\r\n  <li>The Regulation on Military Medical Examination in the Armed Forces of Ukraine;</li>\r\n  <li>Orders of the Ministry of Defense of Ukraine and the Ministry of Health.</li>\r\n</ul>\r\n\r\n<p>All citizens subject to enlistment undergo medical examinations at Territorial Centers of Recruitment and Social Support (TCRSS).</p>\r\n\r\n<h2>Composition and Functions of the MMC</h2>\r\n\r\n<p>The Military Medical Commission is composed of doctors of various specializations: a therapist, surgeon, neurologist, psychiatrist, ophthalmologist, ENT specialist, dentist, and the commission chairman. If necessary, other specialists may be involved or additional examinations conducted.</p>\r\n\r\n<p>The commission conducts a comprehensive medical examination, analyzes medical history and diagnostic results, and determines the person's fitness category for military service.</p>\r\n\r\n<h2>Categories of Fitness for Military Service</h2>\r\n\r\n<p>As of 2025, the categories of fitness have been simplified. According to updated regulations, only three main categories are now in effect:</p>\r\n\r\n<ul>\r\n  <li>Fit for service\r\n    <ul>\r\n      <li>the person may be assigned to combat, logistical, medical, training units, or to territorial recruitment and support centers</li>\r\n    </ul>\r\n  </li>\r\n  <li>Temporarily unfit\r\n    <ul>\r\n      <li>applies to individuals with temporary health issues; a follow-up examination is usually scheduled after 6 or 12 months</li>\r\n    </ul>\r\n  </li>\r\n  <li>Unfit for service\r\n    <ul>\r\n      <li>the person cannot serve during peace or wartime; removed from military registration or sent for re-evaluation in one year</li>\r\n    </ul>\r\n  </li>\r\n</ul>\r\n\r\n<p>Previous categories such as "limited fitness", "fit for wartime only", or "unfit in peacetime" have been abolished. This was done to simplify the mobilization process and improve the efficiency of decisions made by the Military Medical Commission.</p>\r\n\r\n<p>The decision of the Military Medical Commission is formalized in the form of a ruling and is valid for 12 months unless another date is specified for re-examination.</p>\r\n\r\n<h2>Rights and Responsibilities of the Conscripts</h2>\r\n\r\n<p>Citizens have the right to:</p>\r\n<ul>\r\n  <li>familiarize themselves with the conclusions of the doctors and the commission;</li>\r\n  <li>appeal the MMC decision to a higher commission or in court;</li>\r\n  <li>request additional examinations if they disagree with the decision.</li>\r\n</ul>\r\n\r\n<p>At the same time, they are obliged to:</p>\r\n<ul>\r\n  <li>appear at the TCRSS at the scheduled time;</li>\r\n  <li>provide accurate medical information and documents;</li>\r\n  <li>comply with the lawful instructions of the doctors and commission members.</li>\r\n</ul>\r\n\r\n<h2>Conclusion</h2>\r\n\r\n<p>Undergoing the Military Medical Commission is an important part of the conscription process, allowing for an objective assessment of a citizen’s health and an informed decision on their suitability for military service. Ensuring transparency, respecting individual rights, and adhering to medical standards are key elements in maintaining public trust in this process.</p>	General information about the VLK - legal basis, composition, functions. Suitability categories.	'12':257,339 '2025':196 '6':255 'abolish':299 'accord':44,204 'accur':409 'act':70 'addit':162,384 'adher':465 'allow':439 'analyz':172 'anoth':342 'appeal':372 'appear':400 'appli':239 'arm':90 'assess':31,443 'assign':223 'base':38 'cannot':264 'categori':184,188,198,211,284 'center':117,236 'chairman':153 'citizen':33,108,356,446 'combat':225 'commiss':5,62,133,152,166,319,326,371,379,423,430,483 'compli':414 'compos':135 'composit':124 'comprehens':169 'conclus':365,425 'condit':42 'conduct':164,167 'conscript':13,355,437 'court':382 'current':46 'date':343 'decis':313,321,375,391,452 'defens':99 'dentist':149 'determin':179 'diagnost':176 'disagre':388 'doctor':137,368,421 'document':413 'done':302 'duti':78 'effect':215 'effici':311 'element':471 'enlist':17,111 'ensur':459 'ent':147 'entri':19 'evalu':279 'examin':87,114,163,171,250,349,385 'familiar':361 'fit':35,183,190,200,216,288,289 'follow':248 'follow-up':247 'forc':91 'form':331 'formal':328 'function':126 'ground':50 'health':41,106,244,448 'higher':378 'histori':174 'import':433 'improv':309 'includ':71 'individu':241,462 'inform':411,451 'instruct':418 'involv':160 'issu':245 'key':470 'law':73,417 'legal':49,69 'legisl':48 'limit':287 'logist':226 'made':314 'main':24,210 'maintain':473 'mandatori':9 'may':158,221 'medic':4,61,86,113,132,170,173,227,318,325,410,429,467,482 'member':424 'militari':3,21,60,77,80,85,131,186,192,272,317,324,428,457,481 'ministri':97,104 'mmc':6,54,129,374 'mobil':16,306 'month':258,340 'necessari':155 'neurologist':144 'number':67 'object':442 'oblig':398 'one':281 'ophthalmologist':146 'order':94 'organ':56 'part':434 'pass':479 'peac':267 'peacetim':296 'person':181,220,263 'previous':283 'procedur':28,58 'process':307,438,478 'provid':408 'psychiatrist':145 'public':474 'purpos':25 're':278,348 're-evalu':277 're-examin':347 'recruit':119,233 'registr':273 'regul':64,83,207 'remov':270 'request':383 'respect':461 'respons':352 'result':177 'right':350,359,463 'rule':334 'schedul':253,406 'sent':275 'serv':265 'servic':22,37,81,187,193,218,261,458 'simplifi':203,304 'social':121 'special':140 'specialist':148,157 'specifi':345 'standard':468 'step':10 'subject':14,109 'suitabl':455 'support':122,235 'surgeon':143 'tcrss':123,403 'temporari':243 'temporarili':237 'territori':116,232 'therapist':142 'three':209 'time':395,407 'train':228 'transpar':460 'trust':475 'ukrain':75,93,101 'ukrainian':47 'undergo':1,52,112,426 'unfit':238,259,294 'unit':229 'unless':341 'updat':206 'usual':252 'valid':337 'various':139 'wartim':269,291 'year':282
passing-the-military-medical-commission	uk	Проходження військово-лікарської комісії	<p>Проходження військово-лікарської комісії (ВЛК) є обов’язковим етапом для всіх військовозобов’язаних, які підлягають мобілізації, призову або вступу на військову службу. Основна мета цієї процедури – визначити придатність громадянина до служби за станом здоров’я відповідно до чинного законодавства України.</p>\r\n\r\n<h2>Правові підстави проходження ВЛК</h2>\r\n\r\n<p>Порядок організації та проведення військово-лікарських комісій регулюється низкою нормативно-правових актів, зокрема:</p>\r\n<ul>\r\n  <li>Законом України «Про військовий обов’язок і військову службу»;</li>\r\n  <li>Положенням про військово-лікарську експертизу в Збройних Силах України;</li>\r\n  <li>Наказами Міністерства оборони України та Міністерства охорони здоров’я.</li>\r\n</ul>\r\n\r\n<p>Усі громадяни, які підлягають призову, проходять медичне обстеження в територіальних центрах комплектування та соціальної підтримки (ТЦК та СП).</p>\r\n\r\n<h2>Склад та функції ВЛК</h2>\r\n\r\n<p>Військово-лікарська комісія формується з лікарів різних спеціальностей: терапевта, хірурга, невропатолога, психіатра, офтальмолога, отоларинголога, стоматолога, а також голови комісії. У разі необхідності можуть бути залучені інші фахівці або проведені додаткові обстеження.</p>\r\n\r\n<p>Комісія проводить всебічне медичне обстеження, аналізує історію хвороб, результати діагностичних досліджень та визначає категорію придатності особи до військової служби.</p>\r\n\r\n<h2>Категорії придатності</h2>\r\n\r\n<p>За результатами обстеження особі присвоюється одна з таких категорій:</p>\r\n<ul>\r\n  <li>Придатний<ul>\r\n      <li>до бойової служби, або до служби в тилових, медичних, логістичних, навчальних підрозділах, ТЦК та СП</li>\r\n    </ul>\r\n  </li>\r\n  <li>Тимчасово непридатний<ul>\r\n      <li>надається на визначений період (лікування, відпустка) — конкретний строк зазначається в постанові</li>\r\n      <li>документ дійсний до призначеної дати повторного огляду</li>\r\n    </ul>\r\n  </li>\r\n  <li>Непридатний<ul>\r\n      <li>у мирний чи воєнний час — зі зняттям з обліку або з перевіркою через 6–12 місяців</li>\r\n    </ul>\r\n  </li>\r\n</ul>\r\n\r\n<h2>Права та обов’язки призовника</h2>\r\n\r\n<p>Громадяни мають право:</p>\r\n<ul>\r\n  <li>ознайомлюватись з висновками лікарів та комісії;</li>\r\n  <li>оскаржувати рішення ВЛК у вищій комісії або в судовому порядку;</li>\r\n  <li>вимагати проведення додаткових обстежень при незгоді з рішенням.</li>\r\n</ul>\r\n\r\n<p>При цьому вони зобов’язані:</p>\r\n<ul>\r\n  <li>з’являтись у визначений час до ТЦК та СП;</li>\r\n  <li>надавати достовірну медичну інформацію та документи;</li>\r\n  <li>виконувати законні вимоги лікарів і членів комісії.</li>\r\n</ul>\r\n\r\n<h2>Висновок</h2>\r\n\r\n<p>Проходження військово-лікарської комісії – важлива складова призовної кампанії, яка дозволяє об’єктивно оцінити стан здоров’я громадян та прийняти виважене рішення щодо їхньої участі у військовій службі. Забезпечення прозорості, дотримання прав осіб і медичних стандартів є ключовими чинниками довіри до цього процесу.</p>	Загальна інформація про ВЛК - правова основа, склад, функції. Категорії придатності.	'12':224 '6':223 'а':127 'акт':59 'аналізувати':148 'бойовий':175 'бута':135 'важливий':291 'ввесь':12 'весь':12 'виважений':306 'визначати':155 'визначений':193,266 'визначити':28 'виконувати':278 'вимагати':250 'вимога':280 'висновок':236,285 'вищий':244 'влк':6,45,110,242 'воєнний':213 'всебічний':145 'вступ':20 'всіх':12 'відповідно':37 'відпустка':196 'військовий':22,64,68,160,312 'військово':3,51,73,112,288,331 'військово-лікарська':111 'військово-лікарських':50 'військово-лікарської':2,287,330 'військово-лікарську':72 'військовозобов':13 'голова':129 'громадянин':30,90,231,303 'дата':206 'дати':206 'довіра':325 'додатковий':141,252 'додаток':141 'дозволяти':296 'документ':202,277 'дослідження':153 'достовірну':273 'дотримання':316 'діагностичний':152 'дійсний':203 'експертиза':75 'етап':10 'забезпечення':314 'зазначатися':199 'закон':61 'законний':279 'законодавство':40 'залучений':136 'збройний':77 'здоров':35,87,301 'здоровити':35,87,301 'зняття':216 'зобов':261 'зокрема':60 'зі':215 'кампанія':294 'категорія':156,162,172 'ключовий':323 'комплектування':100 'комісія':5,53,114,130,143,239,245,284,290,333 'конкретний':197 'логістичний':183 'лікар':117,237,281 'лікарський':4,52,74,113,289,332 'лікарів':117,237,281 'лікування':195 'маяти':232 'медичний':95,146,182,274,320 'мета':25 'мирний':211 'мобілізація':17 'можуть':134 'міністерство':81,85 'місяць':225 'місяців':225 'навчальний':184 'надавати':272 'надаватися':191 'наказ':80 'невропатолог':122 'незгода':255 'необхідність':133 'непридатний':190,209 'низка':55 'нормативний':57 'нормативно-правовий':56 'об':297 'облік':218 'обов':8,65,228 'оборона':82 'оборонити':82 'обстеження':96,142,147,166,253 'огляд':208 'один':169 'ознайомлюватися':234 'організація':47 'оскаржувати':240 'основний':24 'особа':158,167,318 'отоларинголог':125 'офтальмолог':124 'охорона':86 'оцінити':299 'перевірка':221 'перти':254,258 'період':194 'повторний':207 'положення':70 'порядок':46,249 'постанова':201 'правий':226 'правити':317 'право':226,233,317 'правовий':42,58 'прати':317 'придатний':173 'придатність':29,157,163 'призначений':205 'призовий':18,93 'призовний':293 'призовник':230 'призову':18,93 'прийняти':305 'присвоюватися':168 'проведений':140 'проведення':49,251 'проводити':144 'прозорість':315 'проходження':1,44,286,329 'проходити':94 'процедура':27 'процес':328 'психіатр':123 'підлягати':16,92 'підрозділ':185 'підстава':43 'підтримка':103 'регулюватися':54 'результат':151,165 'різний':118 'рішення':241,257,307 'сила':78 'склад':107 'складова':292 'складовий':292 'служба':23,32,69,161,176,179,313 'соціальний':102 'сп':106,188,271 'спеціальність':119 'стан':34,300 'стандарт':321 'стоматолог':126 'строк':198 'судовий':248 'терапевт':120 'територіальний':98 'тиловий':181 'тимчасовий':189 'тцк':104,186,269 'у':131,210,243,265,311 'україна':41,62,79,83 'ус':89 'участь':310 'фахівець':138 'формуватися':115 'функція':109 'хвороба':150 'хірург':121 'центр':99 'час':214,267 'чинний':39 'чинник':324 'член':283 'щодо':308 'я':36,88,302 'являтися':264 'язаних':14 'язані':262 'язки':229 'язковим':9 'язок':66 'як':295 'який':15,91,295 'єктивно':298 'інформація':275 'інші':137 'історія':149 'їхній':309
rights-of-a-person-held-administratively-liable	uk	Права особи, яка притягується до адміністративної відповідальності	<p>Під&nbsp; час зупинки транспортного засобу, поліцейський виносить постанову у справі про адміністративне правопорушення без складання відповідного протоколу. В цей час важливо мати під рукою адміністративний кодекс, або пам'ятати свої права, вказані в ст.268 Кодексу України про адміністративні правопорушення.</p><h2 class="">Можливі ваші дії</h2><ul><li>якщо ви повністю погоджуєтесь з пред'явленими звинуваченнями, тоді все просто - підписали постанову і сплатили штраф.</li><li>якщо ви не згодні, то треба мати план захисту до того, як все почалося.&nbsp;</li></ul><p>Однією з головних складових плану захисту є знання своїх прав, які вказані в ст. 268 Кодексу.<br><br><a href="https://zakon.rada.gov.ua/laws/show/80732-10#Text" target="_blank">Посилання на Кодекс</a><br><br></p><h2 class="">Особа, яка притягається до адміністративної відповідальності має право</h2><ul><li>знайомитися з матеріалами справи,</li><li>давати пояснення,</li><li>подавати докази,</li><li>заявляти клопотання;</li><li>при розгляді справи користуватися юридичною допомогою адвоката, іншого фахівця у галузі права, який за законом має право на надання правової допомоги особисто чи за дорученням юридичної особи,</li><li>виступати рідною мовою і користуватися послугами перекладача, якщо не володіє мовою, якою ведеться провадження;</li><li>оскаржити постанову по справі</li></ul><p>Справа про адміністративне правопорушення розглядається в присутності особи, яка притягається до адміністративної відповідальності.<br>При відсутності лише у випадках, коли є дані про своєчасне її сповіщення про місце і час розгляду справи і якщо від неї не надійшло клопотання про відкладення розгляду справи</p><h2 class="">Якщо ви хочете захистити свої права</h2><ol><li>Ознайомтесь з матеріалами справи - відеофіксація, пояснення свідків, пояснення працівника поліції.</li><li>Дайте своє пояснення. Для цього треба мати з собою ручку та аркуш паперу А4.</li><li>Заявляйте клопотання про відкладення розгляду справи по суті у зв’язку з тим, що ви потребуєте юридичної допомоги. Це теж має бути оформлено вами та вписано до постанови.</li><li>Надайте докази, які маєте - пояснення пасажира, відеознімання і таке інше.&nbsp;</li></ol><p>Якщо ви це зробили та захочете оскаржити постанову в суді, то у вас буде значно більше шансів виграти справу.&nbsp;</p>	Важливо знати та мати під рукою під час зупинки ТЗ та складання на вас постанови.	'268':35,88 'а4':227 'адвокат':117 'адміністративний':12,25,39,97,158,167,290 'аркуш':225 'бута':249 'більший':281 'важливо':21 'вами':251 'ваш':42 'ввесь':53,72 'вестися':150 'весь':53,72 'виграти':283 'виносити':7 'випадок':173 'виступати':138 'вказаний':32,85 'володіти':147 'вписати':253 'все':53,72 'відеознімання':262 'відеофіксація':208 'відкладення':195,231 'відповідальність':98,168,291 'відповідний':16 'відсутність':170 'галуза':121 'галузь':121 'головний':76 'дан':176 'дана':176 'даний':176 'даня':176 'дані':176 'дати':214 'доказ':108,257 'допомога':116,131,245 'доручення':135 'дія':43 'закон':125 'засіб':5 'захист':68,79 'захистити':201 'захотіти':271 'заявляти':109,228 'зв':237 'звинувачення':51 'згодний':63 'знайомитися':101 'знання':81 'значний':280 'зробити':269 'зупинка':3 'клопотання':110,193,229 'кодекс':26,36,89,92 'кола':174 'колоти':174 'користуватися':114,142 'кіл':174 'лише':171 'мат':22,66,220 'мата':22,66,220 'матеріал':103,206 'мая':99,126,248 'маяти':99,126,248,259 'мова':140,148 'можливий':41 'місце':182 'надання':129 'надати':256 'надійти':192 'неї':190 'один':74 'ознайомитися':204 'оскаржити':152,272 'особа':93,137,163,286 'особистий':132 'оформити':250 'пам':28 'папір':226 'пасажир':261 'перекладач':144 'перти':111,169 'план':67,78 'повність':46 'повністю':46 'погоджуватися':47 'подавати':107 'поліцейський':6 'поліція':213 'посилання':90 'послуга':143 'постанова':8,56,153,255,273 'постановити':255 'потребувати':243 'початися':73 'пояснення':106,209,211,216,260 'правий':31,122,203,285 'правити':83 'право':31,83,100,122,127,203,285 'правовий':130 'правопорушення':13,40,159 'прати':83 'працівник':212 'пред':49 'присутність':162 'притягатися':95,165 'притягуватися':288 'провадження':151 'просто':54 'протокол':17 'підписати':55 'розгляд':112,185,196,232 'розглядатися':160 'рука':24 'ручка':223 'рідний':139 'своєчасний':178 'свідок':210 'свій':30,82,202,215 'складання':15 'складова':77 'складовий':77 'собою':222 'сплатити':58 'сповіщення':180 'справа':10,104,113,155,156,186,197,207,233,284 'ст':34,87 'суд':275 'суть':235 'тим':240 'то':64,276 'тод':52 'транспортний':4 'у':9,120,172,236,277 'україна':37 'фахівець':119 'хотіти':200 'хочете':200 'час':2,20,184 'шанс':282 'штраф':59 'юридичний':115,136,244 'явлений':50 'язку':238 'як':71,94,164,287 'який':84,94,123,149,164,258,287 'ятати':29 'інше':118,265
rights-of-a-person-held-administratively-liable	en	Rights of a person held administratively liable	<h2>During a vehicle stop</h2>\r\n<p>When a vehicle is stopped, a police officer may issue a ruling in an administrative offense case without preparing a corresponding protocol. At this time, it's important to have the Administrative Code handy or remember your rights specified in Article 268 of the Code of Ukraine on Administrative Offenses.</p>\r\n\r\n<h2>Your possible actions</h2>\r\n<ul>\r\n<li>If you completely agree with the charges, then it's simple - sign the ruling and pay the fine.</li>\r\n<li>If you disagree, you need to have a defense plan before everything begins.</li>\r\n</ul>\r\n\r\n<p>One of the main components of a defense plan is knowing your rights specified in Article 268 of the Code.<br><br>\r\n<a href="https://zakon.rada.gov.ua/laws/show/80732-10#Text" target="_blank">Link to the Code</a></p>\r\n\r\n<h2>A person subject to administrative liability has the right to:</h2>\r\n<ul>\r\n<li>Examine the case materials</li>\r\n<li>Provide explanations</li>\r\n<li>Submit evidence</li>\r\n<li>File petitions</li>\r\n<li>Use legal assistance from a lawyer or other legal professional during case consideration</li>\r\n<li>Use their native language and interpreter services</li>\r\n<li>Appeal the ruling</li>\r\n</ul>\r\n\r\n<p>Administrative offense cases are considered with the person present, except when proper notification was given and no postponement was requested.</p>\r\n\r\n<h2>If you want to protect your rights</h2>\r\n<ol>\r\n<li>Review the case materials (video evidence, witness statements, officer's explanations)</li>\r\n<li>Prepare your written explanation (bring pen and paper)</li>\r\n<li>Request a postponement for legal assistance</li>\r\n<li>Submit available evidence (passenger statements, video recordings, etc.)</li>\r\n</ol>\r\n\r\n<p>Following these steps significantly improves your chances of winning if you appeal.</p>	It is important to know and have it on hand when your vehicle is stopped and a warrant is issued against you.	'268':46,105 'action':57 'administr':19,36,53,117,156,233 'agre':61 'appeal':153,227 'articl':45,104 'assist':135,207 'avail':209 'begin':88 'bring':198 'case':21,125,144,158,185 'chanc':222 'charg':64 'code':37,49,108,112 'complet':60 'compon':93 'consid':160 'consider':145 'correspond':25 'defens':84,96 'disagre':78 'etc':215 'everyth':87 'evid':130,188,210 'examin':123 'except':165 'explan':128,193,197 'file':131 'fine':75 'follow':216 'given':170 'handi':38 'held':232 'import':32 'improv':220 'interpret':151 'issu':14 'know':99 'languag':149 'lawyer':138 'legal':134,141,206 'liabil':118 'liabl':234 'link':109 'main':92 'materi':126,186 'may':13 'nativ':148 'need':80 'notif':168 'offens':20,54,157 'offic':12,191 'one':89 'paper':201 'passeng':211 'pay':73 'pen':199 'person':114,163,231 'petit':132 'plan':85,97 'polic':11 'possibl':56 'postpon':173,204 'prepar':23,194 'present':164 'profession':142 'proper':167 'protect':180 'protocol':26 'provid':127 'record':214 'rememb':40 'request':175,202 'review':183 'right':42,101,121,182,228 'rule':16,71,155 'servic':152 'sign':69 'signific':219 'simpl':68 'specifi':43,102 'statement':190,212 'step':218 'stop':4,9 'subject':115 'submit':129,208 'time':29 'ukrain':51 'use':133,146 'vehicl':3,7 'video':187,213 'want':178 'win':224 'wit':189 'without':22 'written':196
reservation-of-employees-for-the-period-of-mobilization	en	Reservation of employees of enterprises in Ukraine during martial law	<p>Since Russia's full-scale invasion of Ukraine in February 2022, workforce reservation has become crucial for maintaining economic stability.</p>\r\n\r\n<h2>Legal Framework</h2>\r\n<p>Key regulations include:</p>\r\n<ul>\r\n  <li>Ukraine's "On Mobilization Preparation and Mobilization" Law</li>\r\n  <li>Cabinet Resolution No.76 (27.01.2023)</li>\r\n  <li>Decrees by Economy and Defense Ministries</li>\r\n</ul>\r\n\r\n<h2>Eligibility Criteria</h2>\r\n<p>Employees qualify if they:</p>\r\n<ol>\r\n  <li>Maintain critical infrastructure</li>\r\n  <li>Work at economically vital enterprises</li>\r\n  <li>Possess unique qualifications</li>\r\n  <li>Fulfill defense contracts</li>\r\n</ol>\r\n\r\n<h2>Application Process</h2>\r\n<p>Employers must:</p>\r\n<ol>\r\n  <li>Submit ministry application</li>\r\n  <li>Provide employee list with justification</li>\r\n  <li>Obtain approval</li>\r\n  <li>Notify military offices</li>\r\n</ol>\r\n\r\n<h2>Limitations</h2>\r\n<ul>\r\n  <li>Revocable status</li>\r\n  <li>Excludes drafted employees</li>\r\n  <li>Requires periodic renewal</li>\r\n  <li>Peace-time service obligation remains</li>\r\n</ul>\r\n\r\n<h2>Employer Responsibilities</h2>\r\n<ul>\r\n  <li>Ensure actual employment</li>\r\n  <li>Report terminations immediately</li>\r\n  <li>Prevent system abuse</li>\r\n  <li>Cooperate with authorities</li>\r\n</ul>\r\n\r\n<h2>Future Developments</h2>\r\n<ol>\r\n  <li>Streamlined procedures</li>\r\n  <li>Enhanced oversight</li>\r\n  <li>Clearer criteria</li>\r\n  <li>Stronger penalties</li>\r\n</ol>\r\n\r\n<p>This system balances military needs with economic stability during wartime.</p>	A short introductory review article on the topic of booking for the period of martial law. It is useful to start with it.	'2022':12 '27.01.2023':38 'abus':107 'actual':100 'applic':65,71 'approv':78 'author':110 'balanc':123 'becom':16 'cabinet':35 'clearer':117 'contract':64 'cooper':108 'criteria':46,118 'critic':52 'crucial':17 'decre':39 'defens':43,63 'develop':112 'draft':86 'econom':20,56,127 'economi':41 'elig':45 'employ':67,97,101 'employe':47,73,87,133 'enhanc':115 'ensur':99 'enterpris':58,135 'exclud':85 'februari':11 'framework':23 'fulfil':62 'full':5 'full-scal':4 'futur':111 'immedi':104 'includ':26 'infrastructur':53 'invas':7 'justif':76 'key':24 'law':34,140 'legal':22 'limit':82 'list':74 'maintain':19,51 'martial':139 'militari':80,124 'ministri':44,70 'mobil':30,33 'must':68 'need':125 'no.76':37 'notifi':79 'oblig':95 'obtain':77 'offic':81 'oversight':116 'peac':92 'peace-tim':91 'penalti':120 'period':89 'possess':59 'prepar':31 'prevent':105 'procedur':114 'process':66 'provid':72 'qualif':61 'qualifi':48 'regul':25 'remain':96 'renew':90 'report':102 'requir':88 'reserv':14,131 'resolut':36 'respons':98 'revoc':83 'russia':2 'scale':6 'servic':94 'sinc':1 'stabil':21,128 'status':84 'streamlin':113 'stronger':119 'submit':69 'system':106,122 'termin':103 'time':93 'ukrain':9,27,137 'uniqu':60 'vital':57 'wartim':130 'work':54 'workforc':13
reservation-of-employees-for-the-period-of-mobilization	uk	Бронювання працівників підприємств в Україні під час воєнного стану	<p>З початком повномасштабного вторгнення російської федерації в Україну в лютому 2022 року, одним із ключових питань для підтримки економіки стало забезпечення стабільної роботи підприємств. Важливим інструментом для цього стало бронювання працівників від мобілізації.</p>\r\n\r\n<h2>Правова основа бронювання</h2>\r\n\r\n<p>Основні норми, що регулюють процес бронювання працівників, містяться у наступних документах:</p>\r\n\r\n<ul>\r\n  <li>Закон України "Про мобілізаційну підготовку та мобілізацію"</li>\r\n  <li>Постанова Кабінету Міністрів України №76 від 27 січня 2023 року</li>\r\n  <li>Накази Міністерства економіки та Міністерства оборони</li>\r\n</ul>\r\n\r\n<h2>Критерії для бронювання</h2>\r\n\r\n<p>Право на бронювання мають працівники підприємств, які:</p>\r\n\r\n<ol>\r\n  <li>Забезпечують функціонування критичної інфраструктури</li>\r\n  <li>Працюють на підприємствах, що мають важливе значення для економіки</li>\r\n  <li>Володіють унікальними кваліфікаціями, необхідними для роботи підприємства</li>\r\n  <li>Забезпечують виконання державного оборонного замовлення</li>\r\n</ol>\r\n\r\n<h2>Процедура оформлення бронювання</h2>\r\n\r\n<p>Для оформлення бронювання роботодавець повинен:</p>\r\n\r\n<ol>\r\n  <li>Подати заявку до відповідного міністерства або відомства</li>\r\n  <li>Надати перелік працівників з обґрунтуванням необхідності їх бронювання</li>\r\n  <li>Отримати рішення про затвердження бронювання</li>\r\n  <li>Інформувати ТЦК та СП про включення працівників до переліку броньованих</li>\r\n</ol>\r\n\r\n<h2>Обмеження та особливості</h2>\r\n\r\n<p>Важливо враховувати, що бронювання:</p>\r\n\r\n<ul>\r\n  <li>Не є абсолютним і може бути скасоване у разі зміни обставин</li>\r\n  <li>Не поширюється на працівників, які вже отримали повістки</li>\r\n  <li>Може бути тимчасовим і потребує періодичного підтвердження</li>\r\n  <li>Не звільняє від обов'язкової військової служби в мирний час</li>\r\n</ul>\r\n\r\n<h2>Відповідальність роботодавців</h2>\r\n\r\n<p>Підприємства, які отримали право на бронювання працівників, зобов'язані:</p>\r\n\r\n<ul>\r\n  <li>Забезпечувати фактичне виконання працівниками своїх обов'язків</li>\r\n  <li>Негайно повідомляти про звільнення броньованих працівників</li>\r\n  <li>Не допускати зловживань при використанні механізму бронювання</li>\r\n  <li>Співпрацювати з органами мобілізації у разі необхідності</li>\r\n</ul>\r\n\r\n<h2>Перспективи розвитку механізму</h2>\r\n\r\n<p>У зв'язку з триваючим воєнним станом, система бронювання продовжує вдосконалюватись. Очікуються зміни, спрямовані на:</p>\r\n\r\n<ol>\r\n  <li>Оптимізацію процедур оформлення</li>\r\n  <li>Удосконалення механізмів контролю</li>\r\n  <li>Більш чітке визначення критеріїв бронювання</li>\r\n  <li>Посилення відповідальності за зловживання</li>\r\n</ol>\r\n\r\n<p>Система бронювання працівників залишається важливим інструментом балансування між потребами армії та необхідністю підтримки функціонування економіки в умовах воєнного стану.</p>	Коротка вступна оглядова стаття на тему бронювання на період воєнного стану. Корисно почати саме з неї.	'2022':11 '2023':63 '27':61 '76':59 'абсолютний':153 'армія':267 'балансування':264 'броньований':143,209 'бронювання':30,36,42,73,76,108,111,128,133,150,194,217,236,253,259,277 'бута':156,171 'важливе':25,90,262 'важливий':25,90,262 'важливо':147 'вдосконалюватися':238 'вже':167 'визначення':251 'виконання':102,200 'використання':215 'включення':139 'володіти':94 'воєнний':233,275,284 'враховувати':148 'вторгнення':4 'відомство':120 'відповідальність':187,255 'відповідний':117 'військовий':182 'державний':103 'документ':47 'допускати':212 'економіка':19,67,93,272 'забезпечення':21 'забезпечувати':81,101,198 'закон':48 'залишатися':261 'замовлення':105 'затвердження':132 'заявка':115 'зв':229 'звільнення':208 'звільняти':178 'зловживання':213,257 'зміна':160,240 'змінити':160,240 'значення':91 'зобов':196 'кабінет':56 'кваліфікація':96 'ключовий':15 'контроль':248 'критерій':71,252 'критичний':83 'лютий':10 'маяти':77,89 'механізм':216,227,247 'мирний':185 'мобілізаційний':51 'мобілізація':33,54,221 'міністерство':66,69,118 'міністр':57 'міністрів':57 'міститися':44 'надати':121 'наказ':65 'наступний':46 'негайний':205 'необхідний':97 'необхідність':126,224,269 'норма':38 'обмеження':144 'обов':180,203 'оборона':70 'оборонити':70 'оборонний':104 'обставина':161 'обґрунтування':125 'один':13 'оптимізація':243 'орган':220 'основа':35 'основний':37 'особливість':146 'отримати':129,168,191 'оформлення':107,110,245 'очікуються':239 'перелік':122,142 'перспектива':225 'перти':214 'періодичний':175 'питання':16 'повинен':113 'повномасштабний':3 'повідомляти':206 'повістка':169 'подати':114 'посилення':254 'постанова':55 'потреба':266 'потребувати':174 'початок':2 'поширюватися':163 'право':74,192 'правовий':34 'працювати':85 'працівник':31,43,78,123,140,165,195,201,210,260,278 'продовжувати':237 'процедура':106,244 'процес':41 'підготовка':52 'підприємство':24,79,87,100,189,279 'підтвердження':176 'підтримка':18,270 'регулювати':40 'робот':23,99 'робота':23,99 'роботодавець':112,188 'розвиток':226 'рок':12,64 'російська':5 'російський':5 'рік':12,64 'рішення':130 'свій':202 'система':235,258 'скасований':157 'служба':183 'сп':137 'спрямований':241 'співпрацювати':218 'стабільний':22 'стало':20,29 'стан':234,276,285 'станути':20,29,276,285 'стати':20,29,276,285 'січень':62 'січня':62 'тимчасовий':172 'триваючим':232 'тцк':135 'у':45,158,222,228 'удосконалення':246 'україна':8,49,58,281 'умова':274 'унікальний':95 'фактичний':199 'федерація':6 'функціонування':82,271 'час':186,283 'чіткий':250 'язані':197 'язкової':181 'язку':230 'язків':204 'який':80,166,190 'із':14 'інструмент':26,263 'інформувати':134 'інфраструктура':84
increase-fines-for-speeding-violations-2025	uk	В Україні планують підвищити розміри штрафів за порушення швидкісного режиму	<p>Депутати Верховної Ради планують збільшити штрафи водіям за перевищення швидкості та прибрати «плюс 20 км/год». Це передбачається Проектом Закону 13314 від 26.05.2025 "Про внесення змін до Кодексу України про адміністративні правопорушення щодо запровадження пропорційності відповідальності за перевищення встановлених обмежень швидкості руху транспортних засобів".<br><br>Проєкт ґрунтується на тому, що надмірна швидкість є основною причиною смертності та травмування внаслідок ДТП. Депутати стверджують, що КУпАП не виконує одного із основних завдань – запобігати<br>адміністративним правопорушенням, зокрема, які пов’язані із перевищенням швидкості. Депутати приводять опитування, в якому стверджується, що 54% українців погоджують зниження порогу на 10 км для застосування штрафів. Але якщо подивитись опитування, то це не зовсім так. Тільки 28% повністю підтримують нововведення.<br><br>Пропонується така градація:<br>№ Розмір перевищення швидкості руху - Відповідальність<br>1 &gt;10 км/год 340 грн&nbsp;<br>2 &gt;20 км/год 680 грн&nbsp;<br>3 &gt;30 км/год 1360 грн&nbsp;<br>4 &gt;40 км/год 1700 грн&nbsp;<br>5 &gt;60 км/год 2720 грн&nbsp;<br>6 &gt;80 км/год 3400 грн&nbsp;<br>7 Перевищення у п.1 – 6 цієї таблиці, що спричинило створення аварійної обстановки - позбавлення права керування на строк від 6 місяців до 1 року.<br><br>Депутати планують знизити процент смертності на 35% на прикладі Польщі за 4 останніх роки. В якості відправної точки вони вказуть смерті 1770 людини які сталися у 2024 році в результаті перевищення швидкості.</p>	Сума штрафу зростатиме пропорційно до величини перевищення дозволеної швидкості	'1':120,160,178 '10':93,121 '13314':21 '1360':136 '1700':142 '1770':201 '2':126 '20':14,127 '2024':206 '26.05.2025':23 '2720':148 '28':108 '3':132 '30':133 '340':124 '3400':154 '35':186 '4':138,191 '40':139 '5':144 '54':87 '6':150,161,175 '60':145 '680':130 '7':156 '80':151 'аварійний':167 'адміністративний':31,71 'верховний':2 'виконувати':65 'вказуть':199 'внаслідок':58 'внесення':25 'водій':7 'встановлений':39 'відповідальність':36,119 'відправний':196 'год':16,123,129,135,141,147,153 'градація':114 'грн':125,131,137,143,149,155 'депутат':1,60,80,180 'дтп':59 'завдання':69 'закон':20 'запобігати':70 'запровадження':34 'застосування':96 'засіб':44 'збільшити':5 'зміна':26 'зниження':90 'знизити':182 'зокрема':73 'керування':171 'км':15,94,122,128,134,140,146,152 'кодекс':28 'купап':63 'людина':202 'місяць':176 'місяців':176 'надмірний':50 'нововведення':111 'обмеження':40 'обстановка':168 'один':66 'опитування':82,101 'основний':53,68 'останній':192 'п':159 'перевищення':9,38,78,116,157,210 'передбачатися':18 'планувати':4,181,214 'плюс':13 'пов':75 'повність':109 'повністю':109 'погоджувати':89 'подивитися':100 'позбавлення':169 'польща':189 'порушення':219 'поріг':91 'правий':170 'право':170 'правопорушення':32,72 'прибрати':12 'приводити':81 'приклад':188 'причина':54 'проект':19 'пропонуватися':112 'пропорційність':35 'процент':183 'проєкт':45 'підвищити':215 'підтримувати':110 'рад':3 'рада':3 'ради':3 'режим':221 'результат':209 'розмір':115,216 'рок':179 'рух':42,118 'рік':179,193,207 'смертність':55,184 'смерть':200 'спричинити':165 'статися':204 'стверджувати':61 'стверджуватися':85 'створення':166 'строк':173 'таблиця':163 'то':102 'том':48 'тома':48 'точка':197 'точок':197 'травмування':57 'транспортний':43 'у':158,205 'україна':29,213 'українець':88 'швидкісний':220 'швидкість':10,41,51,79,117,211 'штраф':6,97,217 'щодо':33 'язані':76 'який':74,84,203 'якість':195 'із':67,77 'ґрунтуватися':46
сircumstances-that-are-not-a-valid-reason-for-missing-a-procedural-deadline	uk	Обставина, яка не є поважною причиною пропуску процесуального строку	<p>Розглянемо таке поняття як обставина, як може бути або ні визнана поважною причиною пропуску процесуального строку.&nbsp;</p><p><a href="https://reyestr.court.gov.ua/Review/126803587" target="_blank">Посилання на рішення</a><br><br>Норми Кодексу адміністративного судочинства України не містять закритого переліку поважних причин для поновлення пропущеного процесуального строку. Кожна ситуація оцінюється індивідуально з урахуванням обставин конкретної справи. Іншими словами, поняття «поважні причини пропуску строку» має оціночний характер і вирішується судом на власний розсуд.<br><br>Якщо особа не знала про факт порушення своїх прав, але з певного моменту повинна була про нього дізнатись, відлік процесуального строку починається саме з цього моменту. Закон виходить не лише з фактичної обізнаності особи, а й з її об’єктивної можливості бути поінформованою про порушення. Співставлення формулювань «дізналася» і «повинна була дізнатися» свідчить про наявність презумпції обов’язку особи знати про стан своїх прав.<br><br>Для того щоб встановити, чи особа могла і повинна була дізнатись про порушення, суд має з’ясувати обставини, які б підтверджували реальну ймовірність обізнаності на достатньому рівні для висновку про те, що строк звернення був пропущений з об’єктивно поважних причин.<br></p><h2 class="">Висновок</h2><p>Велика Палата Верховного Суду дійшла висновку, що суб’єктивне сприйняття особою правових наслідків правопорушення, а також необізнаність через незацікавленість у власних правах або свідоме уникнення інформації не можуть визнаватися об’єктивними перешкодами для своєчасного звернення до суду. Тому хибна впевненість у відсутності порушення протягом тривалого часу не виправдовує пасивної поведінки позивача та його бездіяльність у процесі.</p>	Велика Палата Верховного Суду надала правову оцінку обставині, яка не може вважатися поважною підставою для поновлення пропущеного процесуального строку.	'а':95,181 'адміністративний':22 'б':144 'бездіяльність':220 'бута':8,102 'великий':167 'верховний':169 'визнаватися':195 'визнаний':11 'виправдовувати':214 'вирішуватися':56 'висновок':153,166,172 'виходити':88 'власний':59,187 'впевненість':206 'встановити':128 'відлік':79 'відсутність':208 'достатній':150 'дізнатися':78,108,112,135 'дійти':171 'дійшлий':171 'закон':87 'закритий':27 'звернення':158,201 'знати':64,120 'ймовірність':147 'кодекс':21 'кожний':36 'конкретний':43 'лише':90 'мая':52,139 'маяти':52,139 'могла':131 'можливість':101 'можуть':194 'момент':73,86 'містити':26 'наслідок':179 'наявність':115 'незацікавленість':185 'необізнаність':183 'норма':20 'нього':77 'об':99,162,196 'обов':117 'обставина':5,42,142,223 'обізнаність':93,148 'особа':62,94,119,130,177 'оціночний':53 'оцінюватися':38 'палата':168 'пасивний':215 'певний':72 'перелік':28 'перешкода':198 'поважний':12,29,48,164,227 'поведінка':216 'повинний':74,110,133 'позивач':217 'поновлення':32 'поняття':3,47 'порушення':67,105,137,209 'посилання':17 'починатися':82 'поінформований':103 'правити':69,124 'право':69,124,188 'правовий':178 'правопорушення':180 'прати':69,124 'презумпція':116 'причина':13,30,49,165,228 'причинити':49 'пропуск':14,50,229 'пропущений':33,160 'протяг':210 'протягом':210 'процес':222 'процесуальний':15,34,80,230 'підтверджувати':145 'реальний':146 'розглянути':1 'розсуд':60 'рівень':151 'рівний':151 'рівня':151 'рішення':19 'сам':83 'саме':83 'самий':83 'своєчасний':200 'свідомий':190 'свідчити':113 'свій':68,123 'ситуація':37 'слово':46 'справа':44 'сприйняття':176 'співставлення':106 'стан':122 'строк':16,35,51,81,157,231 'суб':174 'суд':57,138,170,203 'судома':57 'судочинство':23 'том':204 'тома':204 'тривалий':211 'у':186,207,221 'україна':24 'уникнення':191 'урахування':41 'факт':66 'фактичний':92 'формулювання':107 'характер':54 'хибний':205 'час':212 'язку':118 'як':4,6,224 'який':143,224 'ясувати':141 'єктивне':175 'єктивними':197 'єктивно':163 'єктивної':100 'індивідуальний':39 'інформація':192 'інші':45
document-verification-for-drivers	en	Document Verification for Drivers	<h1>Document Verification for Drivers by Police Officers: Updated Requirements and Procedures</h1><p>Since the beginning of 2024, important changes to the legislation regarding the verification of documents for vehicle drivers have come into force in Ukraine. These amendments to the Law of Ukraine "On the National Police" were introduced to improve road safety, reduce the level of offenses, and enhance the procedure for driver-police interaction during roadside checks.</p> <h2>Main Reasons for Document Verification</h2><p>Verifying drivers' documents is one of the key functions of the National Police, carried out to maintain public safety and order on the roads. The law stipulates that police officers have the right to stop vehicles and request the presentation of documents in the following cases:</p> <ul> <li><strong>Violation of traffic rules (TAC)</strong>. This is the most common reason for stopping vehicles. If a driver violates established rules, the police officer has the right to demand the presentation of a driver's license, vehicle registration documents, and insurance policies.</li> <li><strong>Suspicion of technical malfunction of the vehicle</strong>. If the vehicle appears faulty or poses a danger to other road users, the police officer may stop the vehicle for a technical check and document verification.</li> <li><strong>Conducting special operations</strong>. The National Police have the right to check drivers' documents as part of special operations, such as searching for stolen vehicles or criminals.</li> <li><strong>Suspicion of a criminal offense</strong>. If the driver or passengers are suspected of being involved in a criminal offense, the police officer may request documents to confirm their identity and the legality of the vehicle use.</li> <li><strong>Alcohol or drug intoxication</strong>. If the police officer has grounds to believe that the driver is intoxicated, they may stop the vehicle for document verification and direct the driver for a medical examination.</li> </ul> <h2>Documents Drivers Must Present</h2> <p>The law defines a list of documents that the driver is required to carry and present at the request of the police:</p> <ul> <li>A driver's license of the appropriate category.</li> <li>A vehicle registration certificate.</li> <li>A mandatory civil liability insurance policy for vehicle owners (MTPL).</li> <li>For commercial vehicle drivers, additional documents confirming the right to carry out transportation are required.</li> </ul> <h2>Verification Procedure</h2> <p>According to the updated legal norms, the police officer is required to verify the documents strictly within the scope of their powers and in accordance with established procedures. During the vehicle stop, the police officer must identify themselves, state their position, and explain the reason for the stop. The driver, in turn, has the right to know why they were stopped and may ask for clarification on the reasons for the document check.</p> <p>The police officer does not have the right to demand documents from the driver without explaining the reason for the stop or in the absence of legal grounds for the check. Additionally, the driver has the right to record the actions of the police officers using video or audio recording, which helps ensure transparency and compliance with the rights of all road users.</p> <h2>Refusal to Present Documents and Its Consequences</h2> <p>Refusal by the driver to present documents to the police is considered an administrative offense, which can have serious consequences. According to the Code of Administrative Offenses of Ukraine, a driver who refuses to present documents at the request of a police officer may be fined or even temporarily deprived of the right to drive the vehicle.</p> <p>Moreover, attempting to flee from the police or refusing to comply with their lawful demands can lead to more serious legal consequences, including detention or prosecution for resisting law enforcement officers.</p> <h2>Drivers' Rights and Responsibilities During Document Checks</h2> <p>Drivers have several rights during document checks:</p> <ul> <li>To know the reason for the stop and the purpose of the check.</li> <li>To request the police officer's identification.</li> <li>To record interactions with police officers using video or audio devices.</li> <li>To challenge the actions of the police if their powers are violated.</li> </ul> <p>At the same time, drivers are required to:</p> <ul> <li>Present documents at the request of the police officer.</li> <li>Comply with the lawful demands of law enforcement officers.</li> <li>Maintain public order and not obstruct the police in performing their duties.</li> </ul> <h2>New Technologies in Document Verification</h2> <p>With the introduction of digital technologies, the National Police increasingly use electronic means to verify documents. Drivers can present documents in the form of digital copies through the "Diia" app. This significantly simplifies the verification process, as it allows drivers to store all necessary documents electronically and quickly provide them at the police officer's request.</p> <h2>Conclusion</h2> <p>The updated rules for document verification for drivers introduced in Ukraine aim to improve road safety and ensure proper control over compliance with traffic rules. Drivers should be aware of their rights and obligations, as well as comply with the lawful demands of the police to avoid misunderstandings and legal consequences during checks.</p>	Since the beginning of 2024, important changes to the legislation regarding the verification of documents for vehicle drivers have come into force in Ukraine. These amendments to the Law of Ukraine "On the National Police" were introduced to improve road safety, reduce the level of offenses, and enhance the procedure for driver-police interaction during roadside checks.	'2024':16 'absenc':453 'accord':356,380,519 'action':469,635 'addit':343,460 'administr':512,524 'aim':755 'alcohol':258 'allow':725 'amend':37 'app':716 'appear':172 'appropri':323 'ask':419 'attempt':557 'audio':477,630 'avoid':790 'awar':772 'begin':14 'believ':269 'carri':88,308,349 'case':120 'categori':324 'certif':328 'challeng':633 'chang':18 'check':69,192,206,428,459,593,600,613,796 'civil':331 'clarif':421 'code':522 'come':31 'commerci':340 'common':130 'compli':566,661,781 'complianc':484,765 'conclus':743 'conduct':196 'confirm':248,345 'consequ':498,518,577,794 'consid':510 'control':763 'copi':712 'crimin':221,225,239 'danger':177 'defin':297 'demand':148,438,570,665,785 'depriv':548 'detent':579 'devic':631 'digit':691,711 'diia':715 'direct':284 'document':1,26,73,77,116,158,194,208,246,281,291,301,344,370,427,439,495,505,534,592,599,653,685,702,706,731,748,797 'drive':553 'driver':4,29,64,76,137,153,207,229,272,286,292,304,318,342,405,442,462,502,529,587,594,648,703,726,751,769,800 'driver-polic':63 'drug':260 'duti':681 'electron':698,732 'enforc':585,668 'enhanc':59 'ensur':481,761 'establish':139,382 'even':546 'examin':290 'explain':398,444 'faulti':173 'fine':544 'flee':559 'follow':119 'forc':33 'form':709 'function':83 'ground':267,456 'help':480 'ident':250 'identif':620 'identifi':392 'import':17 'improv':50,757 'includ':578 'increas':696 'insur':160,333 'interact':66,623 'intox':261,274 'introduc':48,752 'introduct':689 'involv':236 'key':82 'know':412,602 'law':40,100,296,569,584,664,667,784 'lead':572 'legal':253,360,455,576,793 'legisl':21 'level':55 'liabil':332 'licens':155,320 'list':299 'main':70 'maintain':91,670 'malfunct':165 'mandatori':330 'may':185,244,276,418,542 'mean':699 'medic':289 'misunderstand':791 'moreov':556 'mtpl':338 'must':293,391 'nation':45,86,200,694 'necessari':730 'new':682 'norm':361 'oblig':777 'obstruct':675 'offens':57,226,240,513,525 'offic':7,104,143,184,243,265,364,390,431,473,541,586,618,626,660,669,740 'one':79 'oper':198,213 'order':95,672 'owner':337 'part':210 'passeng':231 'perform':679 'polic':6,46,65,87,103,142,183,201,242,264,316,363,389,430,472,508,540,562,617,625,638,659,677,695,739,788 'polici':161,334 'pose':175 'posit':396 'power':377,641 'present':114,150,294,310,494,504,533,652,705 'procedur':11,61,355,383 'process':722 'proper':762 'prosecut':581 'provid':735 'public':92,671 'purpos':610 'quick':734 'reason':71,131,400,424,446,604 'record':467,478,622 'reduc':53 'refus':492,499,531,564 'regard':22 'registr':157,327 'request':112,245,313,537,615,656,742 'requir':9,306,353,366,650 'resist':583 'respons':590 'right':107,146,204,347,410,436,465,487,551,588,597,775 'road':51,98,180,490,758 'roadsid':68 'rule':124,140,746,768 'safeti':52,93,759 'scope':374 'search':216 'serious':517,575 'sever':596 'signific':718 'simplifi':719 'sinc':12 'special':197,212 'state':394 'stipul':101 'stolen':218 'stop':109,133,186,277,387,403,416,449,607 'store':728 'strict':371 'suspect':233 'suspicion':162,222 'tac':125 'technic':164,191 'technolog':683,692 'temporarili':547 'time':647 'traffic':123,767 'transpar':482 'transport':351 'turn':407 'ukrain':35,42,527,754 'updat':8,359,745 'use':257,474,627,697 'user':181,491 'vehicl':28,110,134,156,168,171,188,219,256,279,326,336,341,386,555 'verif':2,24,74,195,282,354,686,721,749,798 'verifi':75,368,701 'video':475,628 'violat':121,138,643 'well':779 'within':372 'without':443
administrative-detention	en	Administrative detention: legal grounds, terms and features	<p>Administrative detention is the forced delivery of a person to law enforcement agencies to establish identity or consider an offense. It differs from criminal detention and is regulated by the Code of Ukraine on Administrative Offenses (CUAO).</p>\r\n\r\n<div class="important">\r\nImportant: A police officer must clearly explain the reason for detention and present identification.\r\n</div><div class="important"><br></div>\r\n\r\n<h2>Legal Grounds for Administrative Detention</h2>\r\n<p>Detention is only possible in cases provided by law:</p>\r\n<ul>\r\n    <li>Public order violations (fights, offensive behavior, public intoxication - Articles 173-185 CUAO)</li>\r\n    <li>Traffic violations (driving under influence, refusal of testing - Articles 130-132)</li>\r\n    <li>Failure to comply with lawful police requests (Article 185-1)</li>\r\n    <li>Suspicion of committing an administrative offense when unable to present ID</li>\r\n</ul>\r\n\r\n<h2>Terms of Administrative Detention</h2>\r\n<ul>\r\n    <li>Up to 3 hours - standard period for identification and protocol preparation</li>\r\n    <li>Up to 72 hours - if the violation may lead to administrative arrest (e.g., petty hooliganism)</li>\r\n</ul>\r\n<p>After this period, the person is either released or transferred to court.</p>\r\n\r\n<h2>Rights of the Detainee</h2>\r\n<ul>\r\n    <li>Receive information about the reason for detention</li>\r\n    <li>Communicate in native language (with interpreter if needed)</li>\r\n    <li>Notify relatives about the detention</li>\r\n    <li>Request a lawyer - even for administrative offenses</li>\r\n    <li>Refuse testimony (Article 52 of Ukraine's Constitution)</li>\r\n</ul>\r\n\r\n<h2>What to Do If Detained?</h2>\r\n<ul>\r\n    <li>Calmly listen to the reason and check the officer's ID</li>\r\n    <li>Do not resist - this may qualify as disobedience (Article 185 CUAO)</li>\r\n    <li>Record the incident (audio/video recording, witnesses)</li>\r\n    <li>Demand a copy of the protocol</li>\r\n    <li>Contact a lawyer (even for minor offenses)</li>\r\n</ul>\r\n\r\n<h2>Comparison with Criminal Detention</h2>\r\n<table>\r\n    <tbody><tr>\r\n        <th>Criterion</th>\r\n        <th>Administrative</th>\r\n        <th>Criminal</th>\r\n    </tr>\r\n    <tr>\r\n        <td>Grounds</td>\r\n        <td>Minor offense</td>\r\n        <td>Suspicion of crime</td>\r\n    </tr>\r\n    <tr>\r\n        <td>Duration</td>\r\n        <td>Up to 3-72 hours</td>\r\n        <td>Up to 72 hours (+ arrest)</td>\r\n    </tr>\r\n    <tr>\r\n        <td>Consequences</td>\r\n        <td>Fine, arrest up to 15 days</td>\r\n        <td>Criminal liability</td>\r\n    </tr>\r\n</tbody></table>\r\n\r\n<h2><br></h2><h2>How to Appeal Illegal Detention?</h2>\r\n<ol>\r\n    <li>File a complaint with prosecutor's office or court (Article 255 CUAO)</li>\r\n    <li>Demand compensation for moral damages</li>\r\n    <li>Contact the Ombudsman's Office or human rights organizations</li>\r\n</ol>\r\n\r\n<div class="conclusion">\r\n    <h3>Conclusion</h3>\r\n    <p>Administrative detention is not a punishment, but a measure to maintain order. However, it can be abused, so knowing your rights helps protect yourself.</p>\r\n</div>	A brief list of information you need to know and remember to protect your rights and interests.	'-1':98 '-132':88 '-185':76 '-72':254 '130':87 '15':266 '173':75 '185':97,216 '255':285 '3':116,253 '52':186 '72':127,258 'abus':318 'administr':1,35,55,103,112,135,181,242,302,325 'agenc':13 'appeal':272 'arrest':136,260,263 'articl':74,86,96,185,215,284 'audio/video':221 'behavior':71 'calm':196 'case':62 'check':202 'clear':43 'code':31 'commit':101 'communic':163 'comparison':237 'compens':288 'complaint':277 'compli':91 'conclus':301 'consequ':261 'consid':18 'constitut':190 'contact':230,292 'copi':226 'court':151,283 'crime':249 'crimin':24,239,243,268 'criterion':241 'cuao':37,77,217,286 'damag':291 'day':267 'deliveri':6 'demand':224,287 'detain':195 'detaine':155 'detent':2,25,48,56,57,113,162,175,240,274,303,326 'differ':22 'disobedi':214 'drive':80 'durat':250 'e.g':137 'either':146 'enforc':12 'establish':15 'even':179,233 'explain':44 'failur':89 'featur':331 'fight':69 'file':275 'fine':262 'forc':5 'ground':53,244,328 'help':323 'hooligan':139 'hour':117,128,255,259 'howev':314 'human':298 'id':109,206 'ident':16 'identif':51,121 'illeg':273 'import':38 'incid':220 'influenc':82 'inform':157 'interpret':168 'intox':73 'know':320 'languag':166 'law':11,65,93 'lawyer':178,232 'lead':133 'legal':52,327 'liabil':269 'listen':197 'maintain':312 'may':132,211 'measur':310 'minor':235,245 'moral':290 'must':42 'nativ':165 'need':170 'notifi':171 'offens':20,36,70,104,182,236,246 'offic':41,204,281,296 'ombudsman':294 'order':67,313 'organ':300 'period':119,142 'person':9,144 'petti':138 'polic':40,94 'possibl':60 'prepar':124 'present':50,108 'prosecutor':279 'protect':324 'protocol':123,229 'provid':63 'public':66,72 'punish':307 'qualifi':212 'reason':46,160,200 'receiv':156 'record':218,222 'refus':83,183 'regul':28 'relat':172 'releas':147 'request':95,176 'resist':209 'right':152,299,322 'standard':118 'suspicion':99,247 'term':110,329 'test':85 'testimoni':184 'traffic':78 'transfer':149 'ukrain':33,188 'unabl':106 'violat':68,79,131 'wit':223
entering-a-road-with-a-lane-for-route-vehicles	uk	Заїзд на смугу для маршрутних транспортних засобів, з метою висадки пасажира	<p>В статті розглядаємо рішення Верховного суду щодо можливості зупинки водія у смузі для маршрутних транспортних засобів.&nbsp;</p><p><a href="https://reyestr.court.gov.ua/Review/89793144" target="_blank">Постанова Верховного Суду України по справі №201/2179/17(2-а/201/98/2017) адміністративне провадження №К/9901/21595/18.</a></p><h2 class="">Суть справи</h2><p><br>31 січня 2017 року працівниками поліції на позивача була винесена постанова про адміністративне правопорушення про притягнення до адміністративної відповідальності за частиною третьою статті 122 Кодексу України про адміністративне правопорушення і накладення штрафу в розмірі 510 грн.<br><br>У лютому 2017 року позивач звернувся до суду з позовом, в якому вважає постанову працівників поліції незаконною, оскільки хоча його автомобіль і зупинявся у місці, зазначеному в оскаржуваній постанові, але рухався він правильно, без порушення правил про швидкість і паркування, а постанова складалася відповідачем без врахування його зауважень, пояснень та конкретної дорожньої обстановки.<br></p><p>06 червня 2017 року постановою Жовтневого районного суду м. Дніпропетровська позовні вимоги були задоволені.<br><br>20 липня 2017 року Дніпропетровський апеляційного адміністративного суду скасував рішення суду першої інстанції та прийняв нове рішення про відмову у задоволенні позовних вимог.<br><br>Позивач звернувся до Верховного суду для скасування рішення суду апеляційної інстанції. При цьому позивач вказав, що на дорозі із смугою для маршрутних транспортних засобів, яка відокремлена переривчастою лінією дорожньої розмітки, він заїхав та зупинився біля правого краю проїзної частини, але&nbsp; виключно з метою висадки пасажира, що дозволено Правилами дорожнього руху України. А тому, на його думку, склад адміністративного правопорушення у випадку, що розглядається судом, відсутній.</p><p><span style="background-tag1:#FFFFFF;tag2:Roboto Condensed Light;tag3:14pt;">12 червня 2020 року</span>&nbsp;Верховним судом була розглянута&nbsp;<span align="justify" style="background-tag1:#FFFFFF;tag2:Roboto Condensed Light;tag3:14pt;">касаційна скарга та винесено рішення.</span></p><h2 class="">Висновок Верховного суду</h2><p><br>1. Враховуючи положення пункту 17.2. ПДР України, водій має право, зокрема, заїжджати на дорогу зі смугою для маршрутних транспортних засобів, яка відокремлена переривчастою лінією дорожньої розмітки, для висадки пасажира.<br>2. З матеріалів справи вбачається, що позивач здійснив саме висадку пасажира на вказаній смузі.<br>3. Скасування постанови апеляційного адміністративного суду та залишення в силі постанову суду першої інстанції.</p>	Водієві дозволено, заїжджати на смугу для маршрутних транспортних засобів, відокремлену переривчастою лінією розмітки, з метою висадки пасажира. Факт висадки має буде доведено матеріалами справи.	'/201/98/2017':26 '/9901/21595/18':30 '06':122 '1':240 '12':224 '122':56 '17.2':244 '2':24,269 '20':136 '201/2179/17':23 '2017':35,71,124,138 '2020':226 '3':283 '31':33 '510':67 'а':25,109,210 'автомобіль':89 'адміністративний':27,45,50,60,142,216,287 'апеляційний':141,168,286 'біля':193 'вбачатися':273 'вважати':81 'верховний':5,18,162,228,238 'виключний':199 'вимога':133,158 'винесений':42 'винести':235 'випадок':219 'висадка':202,267,278,306 'висновок':237 'вказаний':281 'вказати':173 'водій':10,247 'враховувати':241 'врахування':114 'відмова':154 'відокремлений':184,261 'відповідальність':51 'відповідач':112 'відсутній':223 'грн':68 'дніпропетровська':131 'дніпропетровський':131,140 'дозволити':205 'дорога':176,253 'дорогий':253 'дорожній':120,187,207,264 'думка':214 'жовтневий':127 'задоволений':135 'задоволення':156 'зазначений':94 'залишення':290 'засіб':16,182,259,303 'зауваження':116 'заїжджати':251 'заїзд':297 'заїхати':190 'звернутися':74,160 'здійснити':276 'зокрема':250 'зупинитися':192 'зупинка':9 'зупинятися':91 'зі':254 'к':29 'касаційний':232 'кодекс':57 'конкретний':119 'край':195 'краяти':195 'липень':137 'лютий':70 'лінія':186,263 'м':130 'маршрутний':14,180,257,301 'матеріал':271 'мая':248 'маяти':248 'мета':201,305 'можливість':8 'місце':93 'накладення':63 'незаконний':85 'нове':151 'новий':151 'обстановка':121 'оскаржуваний':96 'оскільки':86 'паркування':108 'пасажир':203,268,279,307 'пдр':245 'переривчастий':185,262 'перти':170 'перший':147,295 'позивач':40,73,159,172,275 'позовний':132,157 'позовом':78 'положення':242 'поліція':38,84 'порушення':103 'постанова':17,43,82,97,110,126,285,293 'постановити':285 'пояснення':117 'правий':194 'правило':104,206 'правильно':101 'право':249 'правопорушення':46,61,217 'працівник':37,83 'прийняти':150 'притягнення':48 'провадження':28 'проїзний':196 'пункт':243 'районний':128 'розглядати':3 'розглядатися':221 'розглянутий':231 'розмір':66 'розмітка':188,265 'рок':36,72,125,139,227 'рух':208 'рухатися':99 'рік':36,72,125,139,227 'рішення':4,145,152,166,236 'сам':277 'саме':277 'самий':277 'сила':292 'скарга':233 'скасування':165,284 'скасувати':144 'склад':215 'складатися':111 'смуга':12,178,255,282,299 'смузі':12,282 'справа':22,32,272 'стаття':2,55 'суд':6,19,76,129,143,146,163,167,222,229,239,288,294 'судома':222,229 'суть':31 'січень':34 'січня':34 'том':211 'тома':211 'транспортний':15,181,258,302 'третій':54 'у':11,69,92,155,218 'україна':20,58,209,246 'частина':53,197 'червень':123,225 'швидкість':106 'штраф':64 'щодо':7 'як':183,260 'який':80,183,260 'із':177 'інстанція':148,169,296
extension-of-the-guarantee-of-maintaining-a-servicemans-job	en	Extension of the guarantee of maintaining a serviceman's job	<p class=""><span style="font-weight: normal;"><a href="https://reyestr.court.gov.ua/Review/125855203" target="_blank">Court Decision</a></span></p>\r\n\r\n<h3>Who it applies to</h3>\r\n<p>The decision applies to employees who:</p>\r\n<ul>\r\n  <li>are conscripted for compulsory military service,</li>\r\n  <li>serve under conscription of officers,</li>\r\n  <li>serve under conscription during mobilization for a special period,</li>\r\n  <li>serve under conscription as reservists during a special period,</li>\r\n  <li>or have enlisted for military service under a contract, including by signing a new contract for military service.</li>\r\n</ul>\r\n\r\n<h3>What is preserved</h3>\r\n<ul>\r\n  <li>the workplace and position are preserved</li>\r\n  <li>monetary compensation is paid from the State Budget of Ukraine in accordance with the Law of Ukraine "On Social and Legal Protection of Military Servicemen and Their Family Members".</li>\r\n</ul>\r\n\r\n<h3>Guarantees also apply to</h3>\r\n<ul>\r\n  <li>employees who were injured (other health damages) during military service and are undergoing treatment in medical facilities,</li>\r\n  <li>those who were taken prisoner,</li>\r\n  <li>those declared missing.</li>\r\n</ul>\r\n\r\n<h3>Exceptions</h3>\r\n<ul>\r\n  <li>Civil Protection Service,</li>\r\n  <li>persons guilty of committing criminal offenses against the established procedure of military service</li>\r\n</ul>\r\n\r\n<p>The decision applies during the special period until its end or until the actual day of discharge.</p>\r\n	Employees called up for military service during the special period shall retain their place of work and position until its end.	'accord':80 'actual':157 'also':99 'appli':5,9,100,146 'budget':76 'civil':128 'commit':134 'compens':70 'compulsori':16 'conscript':14,21,26,35 'contract':50,56 'court':1 'crimin':135 'damag':108 'day':158 'decis':2,8,145 'declar':125 'discharg':160 'employe':11,102 'end':153 'enlist':44 'establish':139 'except':127 'extens':161 'facil':118 'famili':96 'guarante':98,164 'guilti':132 'health':107 'includ':51 'injur':105 'job':170 'law':83 'legal':89 'maintain':166 'medic':117 'member':97 'militari':17,46,58,92,110,142 'miss':126 'mobil':28 'monetari':69 'new':55 'offens':136 'offic':23 'paid':72 'period':32,41,150 'person':131 'posit':66 'preserv':62,68 'prison':123 'procedur':140 'protect':90,129 'reservist':37 'serv':19,24,33 'servic':18,47,59,111,130,143 'serviceman':168 'servicemen':93 'sign':53 'social':87 'special':31,40,149 'state':75 'taken':122 'treatment':115 'ukrain':78,85 'undergo':114 'workplac':64
evidence-in-administrative-law	en	Evidence in administrative law	<p>In the system of administrative justice, evidence plays a crucial role in establishing the factual circumstances of a case. It forms the basis for lawful and well-reasoned judicial decisions. Evidence is defined as any factual data on which the court determines the presence or absence of circumstances relevant to the case.</p>\r\n\r\n<h2>Definition of Evidence</h2>\r\n<p>According to the Code of Administrative Procedure of Ukraine (CAPU), evidence can include any legally admissible means that confirm or refute the claims of the parties. The court evaluates the evidence based on its own internal conviction, guided by the law, logic, and the principle of fairness.</p>\r\n\r\n<h2>Types of Evidence</h2>\r\n<p>CAPU defines several main types of evidence:</p>\r\n<ul>\r\n  <li>Written evidence — official documents, certificates, reports, contracts, correspondence, etc.</li>\r\n  <li>Material evidence — physical objects that may confirm or disprove specific facts (e.g., damaged goods, video recordings).</li>\r\n  <li>Explanations of the parties and third persons — oral or written statements by the claimant, defendant, or third parties concerning the case.</li>\r\n  <li>Witness testimony — information provided by persons who are aware of the circumstances of the case.</li>\r\n  <li>Expert conclusions — specialized knowledge obtained through expert examinations (e.g., economic, technical, linguistic expertise).</li>\r\n</ul>\r\n\r\n<h2>Submission of Evidence</h2>\r\n<p>Participants in the case have the right to submit evidence in support of their claims or objections. According to procedural rules, evidence must be submitted along with the administrative claim or during the trial within the deadlines set by the court.</p>\r\n\r\n<p>The court also has the right to request evidence on its own initiative if it is necessary for the correct resolution of the dispute.</p>\r\n\r\n<h2>Evaluation of Evidence</h2>\r\n<p>The court evaluates evidence based on the following principles:</p>\r\n<ul>\r\n  <li>sufficiency — there must be enough evidence to establish the facts of the case;</li>\r\n  <li>credibility — the evidence must be reliable and verifiable;</li>\r\n  <li>interconnection — individual pieces of evidence are considered in conjunction, not in isolation.</li>\r\n</ul>\r\n\r\n<p>No piece of evidence has predetermined weight. Even an official document may be challenged or deemed inadmissible if obtained in violation of the law.</p>\r\n\r\n<h2>Admissibility of Evidence</h2>\r\n<p>Admissibility means the evidence must be obtained in a lawful manner. For example, an audio recording of a conversation made without the other party’s knowledge may be ruled inadmissible if it was obtained in violation of individual rights or without proper authorization.</p>\r\n\r\n<h2>Storage and Examination of Evidence</h2>\r\n<p>Evidence submitted by the parties is added to the case file and kept in court until the case is resolved. During the hearing, the court examines each piece of evidence separately: reviewing documents, listening to statements, questioning witnesses, and analyzing expert conclusions.</p>\r\n	A general article on the topic of evidence in administrative law, its importance. Start with it.	'absenc':47 'accord':57,208 'ad':382 'administr':5,62,219,420 'admiss':72,325,328 'along':216 'also':234 'analyz':415 'audio':342 'author':370 'awar':168 'base':88,263 'basi':23 'capu':66,107 'case':19,53,159,174,194,280,385,393 'certif':118 'challeng':314 'circumst':16,49,171 'claim':79,205,220 'claimant':152 'code':60 'concern':157 'conclus':176,417 'confirm':75,129 'conjunct':297 'consid':295 'contract':120 'convers':346 'convict':93 'correct':251 'correspond':121 'court':42,84,231,233,260,390,400 'credibl':281 'crucial':10 'damag':135 'data':38 'deadlin':227 'decis':31 'deem':316 'defend':153 'defin':34,108 'definit':54 'determin':43 'disprov':131 'disput':255 'document':117,311,408 'e.g':134,183 'econom':184 'enough':272 'establish':13,275 'etc':122 'evalu':85,256,261 'even':308 'evid':7,32,56,67,87,106,113,115,124,190,200,212,240,258,262,273,283,293,304,327,331,375,376,405,418 'examin':182,373,401 'exampl':340 'expert':175,181,416 'expertis':187 'explan':139 'fact':133,277 'factual':15,37 'fair':103 'file':386 'follow':266 'form':21 'good':136 'guid':94 'hear':398 'inadmiss':317,357 'includ':69 'individu':290,365 'inform':162 'initi':244 'interconnect':289 'intern':92 'isol':300 'judici':30 'justic':6 'kept':388 'knowledg':178,353 'law':25,97,324,337,421 'legal':71 'linguist':186 'listen':409 'logic':98 'made':347 'main':110 'manner':338 'materi':123 'may':128,312,354 'mean':73,329 'must':213,270,284,332 'necessari':248 'object':126,207 'obtain':179,319,334,361 'offici':116,310 'oral':146 'parti':82,142,156,351,380 'particip':191 'person':145,165 'physic':125 'piec':291,302,403 'play':8 'predetermin':306 'presenc':45 'principl':101,267 'procedur':63,210 'proper':369 'provid':163 'question':412 'reason':29 'record':138,343 'refut':77 'relev':50 'reliabl':286 'report':119 'request':239 'resolut':252 'resolv':395 'review':407 'right':197,237,366 'role':11 'rule':211,356 'separ':406 'set':228 'sever':109 'special':177 'specif':132 'statement':149,411 'storag':371 'submiss':188 'submit':199,215,377 'suffici':268 'support':202 'system':3 'technic':185 'testimoni':161 'third':144,155 'trial':224 'type':104,111 'ukrain':65 'verifi':288 'video':137 'violat':321,363 'weight':307 'well':28 'well-reason':27 'wit':160,413 'within':225 'without':348,368 'written':114,148
impossibility-of-judicial-appeal-of-summons-to-appear-at-the-tcr	en	Impossibility of judicial appeal of summons to appear at the Territorial Centres of Recruitment	<div><p>If you want to challenge a Territorial Centers of Recruitment(TCR) summons in court as a way to avoid responsibility for failing to appear, this article is for you.</p>\r\n\r\n  <h2>Legal Framework</h2>\r\n  <p>According to Part 7, Article 1 of the Law of Ukraine "On Military Duty and Military Service," TRCs and military enlistment offices ensure the fulfillment of military obligations.</p>\r\n  <p>Additionally, Part 3, Article 22 of the Law of Ukraine "On Mobilization Preparation and Mobilization" states that citizens are required to report to military units or assembly points upon receiving a summons.</p>\r\n\r\n  <h2>Supreme Court Ruling</h2>\r\n  <ul>\r\n    <li>Issuing a TRC summons does not constitute a decision or action by a public authority under the Code of Administrative Justice of Ukraine.</li>\r\n    <li>The summons cannot be challenged in any court because it is merely a notification for an individual to fulfill their military duty as required by law.</li>\r\n    <li>The obligation of a person liable for military service to report to the relevant TRC or enlistment office is established not by the summons but by Law No. 2232-XII.</li></ul><p><a href="https://reyestr.court.gov.ua/Review/122522303" target="_blank">Supreme Court Resolution</a></p><ul>\r\n  </ul>\r\n</div>	Review of the Supreme Court's decision on the possibility of appealing the summons from the CCC	'1':37 '22':64 '2232':172 '3':62 '7':35 'accord':32 'action':105 'addit':60 'administr':114 'appeal':180 'appear':24,184 'articl':26,36,63 'assembl':86 'author':109 'avoid':19 'cannot':120 'center':8 'centr':188 'challeng':5,122 'citizen':77 'code':112 'constitut':101 'court':14,93,125,175 'decis':103 'duti':45,139 'enlist':52,160 'ensur':54 'establish':163 'fail':22 'framework':31 'fulfil':56,136 'imposs':177 'individu':134 'issu':95 'judici':179 'justic':115 'law':40,67,143,170 'legal':30 'liabl':149 'mere':129 'militari':44,47,51,58,83,138,151 'mobil':71,74 'notif':131 'oblig':59,145 'offic':53,161 'part':34,61 'person':148 'point':87 'prepar':72 'public':108 'receiv':89 'recruit':10,190 'relev':157 'report':81,154 'requir':79,141 'resolut':176 'respons':20 'rule':94 'servic':48,152 'state':75 'summon':12,91,98,119,167,182 'suprem':92,174 'tcr':11 'territori':7,187 'trc':97,158 'trcs':49 'ukrain':42,69,117 'unit':84 'upon':88 'want':3 'way':17 'xii':173
the-importance-of-seat-belts-when-driving-a-car	en	The importance of seat belts when driving a car	<p>Seat belts are one of the simplest yet most effective means of protecting drivers and passengers in the event of a traffic accident. They save lives, reduce the risk of injury, and are mandatory under Ukrainian law. Despite their obvious importance, many drivers and passengers still ignore this rule, viewing seat belts merely as a “formality” or an “inconvenience.”</p>\r\n\r\n<p>This article explains why using seat belts is critically important, what Ukrainian Traffic Rules say about it, what the consequences are for violators, and debunks common myths.</p>\r\n\r\n<h2>What is a seat belt and how does it work?</h2>\r\n<p>A seat belt is a passive safety device designed to keep a person in place during a collision or sudden braking. Its main function is to prevent ejection from the seat, which can be fatal even at speeds of 30–50 km/h.</p>\r\n\r\n<p>A typical three-point seat belt holds the body in two directions—forward and downward—distributing the impact force over the strongest areas of the body: the clavicles, chest, and pelvis. This significantly reduces the risk of serious injury.</p>\r\n\r\n<h2>Accident statistics: seat belts save lives</h2>\r\n<p>According to the World Health Organization, proper use of seat belts:</p>\r\n<ul>\r\n  <li>reduces the risk of death for drivers and front passengers by <strong>45–50%</strong>;</li>\r\n  <li>reduces the risk of serious injuries for rear passengers by <strong>25–75%</strong>;</li>\r\n  <li>lowers the chance of being ejected from the vehicle by 2–3 times.</li>\r\n</ul>\r\n<p>In Ukraine, tens of thousands of road accidents occur annually, resulting in thousands of deaths and injuries. According to the Patrol Police, a significant number of the deceased were not wearing seat belts.</p>\r\n\r\n<h2>Legal framework: what Ukrainian traffic rules say</h2>\r\n\r\n<p>The use of seat belts is regulated by the <strong>Traffic Rules of Ukraine</strong>, particularly <strong>Section 2: "Duties and rights of drivers of motor vehicles"</strong>.</p>\r\n\r\n<blockquote>\r\n  <p><strong>Clause 2.3 of the Traffic Rules:</strong><br>\r\n  "The driver is obliged to:... (i) wear a seat belt (if available) while driving and not to transport passengers who are not wearing seat belts."</p>\r\n</blockquote>\r\n\r\n<p>This means the driver must not only wear the belt themselves but also ensure that all passengers are wearing theirs.</p>\r\n\r\n<blockquote>\r\n  <p><strong>Clause 5.1 of the Traffic Rules:</strong><br>\r\n  "Passengers must wear seat belts while in a moving vehicle equipped with them."</p>\r\n</blockquote>\r\n\r\n<h2>Administrative liability</h2>\r\n\r\n<p>According to <strong>Article 121 of the Code of Administrative Offenses of Ukraine (CAO)</strong>, failure to use seat belts results in a fine:</p>\r\n\r\n<blockquote>\r\n  <p>"Driving a vehicle without wearing a seat belt... shall result in a fine of <strong>510 UAH</strong>."</p>\r\n</blockquote>\r\n\r\n<p>Repeated violations may lead to temporary license suspension, especially when combined with other serious traffic offenses.</p>\r\n\r\n<h2>Who is exempt from using seat belts?</h2>\r\n\r\n<p>According to the traffic rules, some categories of individuals are exempt from the mandatory use of seat belts:</p>\r\n<ul>\r\n  <li>drivers and passengers of emergency vehicles while on duty;</li>\r\n  <li>driving instructors during training sessions;</li>\r\n  <li>drivers and passengers of vehicles not equipped with seat belts (e.g., old buses).</li>\r\n</ul>\r\n\r\n<h2>Seat belts and children</h2>\r\n\r\n<p>Special attention should be given to transporting children. Traffic rules require drivers to ensure safe transportation of children using child safety seats or belt adapters.</p>\r\n\r\n<blockquote>\r\n  <p><strong>Clause 21.11 of the Traffic Rules:</strong><br>\r\n  "It is prohibited to transport children under the height of 145 cm or under the age of 12 without using special child restraints..."</p>\r\n</blockquote>\r\n\r\n<p>Regular seat belts may injure a child or fail to protect them in a crash. Child safety seats are a necessity, not a luxury.</p>\r\n\r\n<h2>Common myths vs. reality</h2>\r\n\r\n<h3>Myth 1: "I’m a good driver, accidents won’t happen to me"</h3>\r\n<p><strong>Fact:</strong> Over 60% of accidents involve victims who were not at fault. You can be careful, but you cannot control the actions of others on the road.</p>\r\n\r\n<h3>Myth 2: "It’s better to jump out of the car during a crash"</h3>\r\n<p><strong>Fact:</strong> A person ejected from a vehicle is 5 times more likely to die. A belted passenger stays inside, increasing the chance of survival.</p>\r\n\r\n<h3>Myth 3: "There’s no need to buckle up in the back seat"</h3>\r\n<p><strong>Fact:</strong> Unbelted rear passengers can injure themselves and others during a collision, including the driver and front passengers.</p>\r\n\r\n<h2>The psychological aspect</h2>\r\n\r\n<p>Many people avoid using seat belts out of carelessness, habit, or fear of looking "uncool" in front of others. This is an example of cognitive dissonance—when people are aware of the danger but ignore it due to habit or social pressure.</p>\r\n\r\n<p>That’s why public education is essential—starting with teaching children to buckle up and setting a good personal example.</p>\r\n\r\n<h2>Conclusion</h2>\r\n\r\n<p>Seat belts are more than just a vehicle feature. They are a vital line of defense that can save lives. Using them is mandatory under Ukrainian law, and ignoring this rule carries not only legal penalties but also real danger to life.</p>\r\n\r\n<p><strong>Be a responsible driver and passenger — always buckle up, at any speed, in any seat.</strong></p>\r\n	Using seat belts is critically important.	'1':563 '12':528 '121':373 '145':521 '2':231,289,603 '2.3':299 '21.11':506 '25':219 '3':232,641 '30':136 '45':207 '5':624 '5.1':350 '50':137,208 '510':406 '60':577 '75':220 'accid':23,179,241,569,579 'accord':185,251,370,431 'action':596 'adapt':504 'administr':368,378 'age':526 'also':341,774 'alway':785 'annual':243 'area':162 'articl':61,372 'aspect':673 'attent':481 'avail':315 'avoid':676 'awar':703 'back':651 'belt':2,52,66,91,99,145,182,195,266,278,313,328,338,359,387,399,430,448,472,477,503,536,631,679,738,798 'better':606 'bodi':148,165 'brake':117 'buckl':647,728,786 'buse':475 'cannot':593 'cao':382 'car':612,802 'care':590 'careless':682 'carri':768 'categori':437 'chanc':223,637 'chest':168 'child':499,532,540,549 'children':479,487,497,516,726 'claus':298,349,505 'clavicl':167 'cm':522 'code':376 'cognit':698 'collis':114,664 'combin':418 'common':85,558 'conclus':736 'consequ':79 'control':594 'crash':548,615 'critic':68 'danger':706,776 'death':200,248 'debunk':84 'deceas':261 'defens':752 'design':105 'despit':38 'devic':104 'die':629 'direct':151 'disson':699 'distribut':155 'downward':154 'drive':317,392,458,800 'driver':14,43,202,294,305,332,449,463,491,568,667,782 'due':710 'duti':290,457 'e.g':473 'educ':720 'effect':10 'eject':124,226,619 'emerg':453 'ensur':342,493 'equip':365,469 'especi':416 'essenti':722 'even':132 'event':19 'exampl':696,735 'exempt':426,441 'explain':62 'fact':575,616,653 'fail':542 'failur':383 'fatal':131 'fault':586 'fear':685 'featur':745 'fine':391,404 'forc':158 'formal':56 'forward':152 'framework':268 'front':204,669,690 'function':120 'given':484 'good':567,733 'habit':683,712 'happen':572 'health':189 'height':519 'hold':146 'ignor':47,708,765 'impact':157 'import':41,69,795 'includ':665 'inconveni':59 'increas':635 'individu':439 'injur':538,658 'injuri':31,178,214,250 'insid':634 'instructor':459 'involv':580 'jump':608 'keep':107 'km/h':138 'law':37,763 'lead':411 'legal':267,771 'liabil':369 'licens':414 'life':778 'like':627 'line':750 'live':26,184,756 'look':687 'lower':221 'luxuri':557 'm':565 'main':119 'mandatori':34,444,760 'mani':42,674 'may':410,537 'mean':11,330 'mere':53 'motor':296 'move':363 'must':333,356 'myth':86,559,562,602,640 'necess':554 'need':645 'number':258 'oblig':307 'obvious':40 'occur':242 'offens':379,423 'old':474 'one':4 'organ':190 'other':598,661,692 'particular':287 'passeng':16,45,205,217,322,345,355,451,465,632,656,670,784 'passiv':102 'patrol':254 'pelvi':170 'penalti':772 'peopl':675,701 'person':109,618,734 'place':111 'point':143 'polic':255 'pressur':715 'prevent':123 'prohibit':513 'proper':191 'protect':13,544 'psycholog':672 'public':719 'real':775 'realiti':561 'rear':216,655 'reduc':27,173,196,209 'regul':280 'regular':534 'repeat':408 'requir':490 'respons':781 'restraint':533 'result':244,388,401 'right':292 'risk':29,175,198,211 'road':240,601 'rule':49,73,272,284,303,354,435,489,510,767 'safe':494 'safeti':103,500,550 'save':25,183,755 'say':74,273 'seat':1,51,65,90,98,127,144,181,194,265,277,312,327,358,386,398,429,447,471,476,501,535,551,652,678,737,793,797 'section':288 'serious':177,213,421 'session':462 'set':731 'shall':400 'signific':172,257 'simplest':7 'social':714 'special':480,531 'speed':134,790 'start':723 'statist':180 'stay':633 'still':46 'strongest':161 'sudden':116 'surviv':639 'suspens':415 'teach':725 'temporari':413 'ten':236 'thousand':238,246 'three':142 'three-point':141 'time':233,625 'traffic':22,72,271,283,302,353,422,434,488,509 'train':461 'transport':321,486,495,515 'two':150 'typic':140 'uah':407 'ukrain':235,286,381 'ukrainian':36,71,270,762 'unbelt':654 'uncool':688 'use':64,192,275,385,428,445,498,530,677,757 'vehicl':229,297,364,394,454,467,622,744 'victim':581 'view':50 'violat':82,409 'vital':749 'vs':560 'wear':264,310,326,336,347,357,396 'without':395,529 'won':570 'work':96 'world':188 'yet':8
the-importance-of-seat-belts-when-driving-a-car	uk	Важливість ременів безпеки при керуванні автомобілем	<p data-start="248" data-end="653">Ремені безпеки — один із найпростіших, але водночас найефективніших засобів захисту водія та пасажирів у разі дорожньо-транспортної пригоди. Вони рятують життя, зменшують ризик травмування та є обов’язковими до використання згідно з законодавством України. Попри очевидну важливість, досі значна частина водіїв і пасажирів нехтують цим правилом, сприймаючи ремені лише як "формальність" або "незручність".</p>\r\n<p data-start="655" data-end="870">У цьому матеріалі розглянемо, чому використання ременів безпеки є критично важливим, що говорять з цього приводу Правила дорожнього руху України, які наслідки чекають на порушників, а також спростуємо поширені міфи.</p><h2 data-start="655" data-end="870" class=""><span style="font-weight: normal;">Що таке ремінь безпеки і як він працює?</span></h2><p data-start="925" data-end="1180">Ремінь безпеки — це пристрій пасивної безпеки, призначений для утримання людини на місці під час зіткнення або різкого гальмування. Його основна функція — не допустити викидання людини з сидіння, що може стати фатальним навіть при швидкості 30–50 км/год.</p>\r\n<p data-start="1182" data-end="1419">Типовий триточковий ремінь безпеки утримує тіло в двох напрямках — уперед і вниз, розподіляючи сили удару по найбільш міцних ділянках тіла: ключицях, грудній клітці та тазі. Завдяки цьому ризик отримати серйозні травми знижується в рази.</p><h2 data-start="1182" data-end="1419" class=""><span style="font-weight: normal;">Статистика ДТП: ремінь безпеки рятує життя</span></h2><p data-start="1477" data-end="1573">Згідно з даними Всесвітньої організації охорони здоров’я, правильне використання ременя безпеки:</p><ul><li>знижує ризик загибелі водія та переднього пасажира на <strong data-start="1631" data-end="1641">45–50%</strong>;</li><li>зменшує ймовірність серйозних травм у задніх пасажирів на <strong data-start="1703" data-end="1713">25–75%</strong>;</li><li>у 2–3 рази зменшує шанс бути викинутим із транспортного засобу.</li></ul><p data-start="1477" data-end="1573">В Україні щороку трапляються десятки тисяч ДТП, в яких гинуть і травмуються тисячі людей. За даними Патрульної поліції, значна частина загиблих не користувалися ременями безпеки.</p><h2 data-start="1182" data-end="1419" class=""><span style="font-weight: normal;">Нормативна база: що говорять Правила дорожнього руху України</span></h2><p></p>\r\n<p>Використання ременів безпеки регламентується <strong>Правилами дорожнього руху України</strong>, зокрема <strong>розділом 2 «Обов’язки і права водіїв механічних транспортних засобів»</strong>.</p>\r\n\r\n<blockquote>\r\n  <p><strong>Пункт 2.3. ПДР України:</strong><br>\r\n  "Водій зобов'язаний:... ї) під час руху бути пристебнутим засобом безпеки (за наявності) і не перевозити пасажирів, не пристебнутих засобами безпеки."</p>\r\n</blockquote>\r\n\r\n<p>Цей пункт зобов'язує водія не лише самому використовувати ремінь, а й контролювати, щоб усі пасажири в салоні теж були пристебнуті.</p>\r\n\r\n<blockquote>\r\n  <p><strong>Пункт 5.1. ПДР України:</strong><br>\r\n  "Пасажири зобов’язані користуватися ременями безпеки під час руху транспортного засобу, обладнаного такими засобами."</p>\r\n</blockquote>\r\n\r\n<h2><span style="font-weight: normal;">Адміністративна відповідальність</span></h2>\r\n\r\n<p>Відповідно до <strong>статті 121 Кодексу України про адміністративні правопорушення (КУпАП)</strong>, за порушення правил користування ременями безпеки передбачено штраф:</p>\r\n\r\n<blockquote>\r\n  <p>"Керування водієм транспортним засобом, не пристебнутим ременем безпеки... — тягне за собою накладення штрафу в розмірі <strong>510 гривень</strong>."</p>\r\n</blockquote>\r\n\r\n<p>Крім того, за систематичні порушення можливе тимчасове вилучення прав, особливо якщо це поєднується з іншими грубими порушеннями правил.</p>\r\n\r\n<h2><span style="font-weight: normal;">Хто звільняється від обов’язку користуватися ременем?</span></h2>\r\n\r\n<p>Згідно з ПДР, окремі категорії осіб можуть бути звільнені від обов’язкового використання ременів. Це:</p>\r\n<ul>\r\n  <li>водії і пасажири оперативних транспортних засобів під час виконання службових обов'язків;</li>\r\n  <li>інструктори під час навчальної їзди;</li>\r\n  <li>водії і пасажири транспортних засобів, обладнаних сидіннями без ременів (наприклад, старі автобуси).</li>\r\n</ul>\r\n\r\n<h2><span style="font-weight: normal;">Ремінь безпеки та діти</span></h2>\r\n\r\n<p>Особливу увагу варто приділити перевезенню дітей. ПДР зобов’язують водіїв забезпечувати безпечне перевезення дітей за допомогою спеціальних автокрісел або адаптерів ременя.</p>\r\n\r\n<blockquote>\r\n  <p><strong>Пункт 21.11 ПДР України:</strong><br>\r\n  "Забороняється перевозити дітей, зріст яких менше 145 см або вік менше 12 років, без використання спеціальних засобів..."</p>\r\n</blockquote>\r\n\r\n<p>Під час зіткнення звичайний ремінь безпеки може травмувати дитину або взагалі не спрацювати. Тому дитячі автокрісла — не опція, а необхідність.</p>\r\n\r\n<h2><span style="font-weight: normal;">Поширені міфи та реальність</span></h2>\r\n\r\n<h3>Міф 1: «Я добре воджу, аварій не буде»</h3>\r\n<p><strong>Факт:</strong> Понад 60% ДТП відбуваються не з вини того, хто постраждав. Ви можете бути обережним, але не здатні передбачити дії інших водіїв.</p>\r\n\r\n<h3>Міф 2: «При аварії краще вистрибнути»</h3>\r\n<p><strong>Факт:</strong> Людина, яку викидає з машини, має у 5 разів більшу ймовірність загинути. Пристебнутий пасажир залишається в салоні, де більше шансів вижити.</p>\r\n\r\n<h3>Міф 3: «На задньому сидінні не обов’язково пристібатися»</h3>\r\n<p><strong>Факт:</strong> Пасажири на задніх сидіннях, які не пристебнуті, під час аварії можуть травмувати не лише себе, а й водія або переднього пасажира.</p>\r\n\r\n<h2><span style="font-weight: normal;">Психологічний аспект</span></h2>\r\n\r\n<p>Багато людей уникають користування ременями через побутову недбалість, небажання витрачати час або навіть страх виглядати "смішно" в очах інших. Така поведінка — приклад когнітивного дисонансу, коли люди знають про небезпеку, але ігнорують її через звичку або соціальний тиск.</p>\r\n\r\n<p>Саме тому важливо вести інформаційну кампанію, вчити дітей з дитинства пристібатися та демонструвати особистий приклад.</p>\r\n\r\n<h2><span style="font-weight: normal;">Висновки</span></h2>\r\n\r\n<p>Ремінь безпеки — не просто елемент оснащення автомобіля. Це ваша гарантія життя і здоров’я. Його використання є обов’язковим відповідно до Правил дорожнього руху України, і нехтування цим правилом тягне не лише адміністративну відповідальність, а й реальну небезпеку для життя.</p>\r\n\r\n<p><strong>Будьте відповідальними водіями і пасажирами — пристібайтеся завжди, на будь-якій швидкості та на будь-якому сидінні.</strong></p>	Використання ременів безпеки є критично важливим для життя.	'1':507 '12':476 '121':335 '145':471 '2':204,257,537 '2.3':267 '21.11':462 '25':201 '3':205,565 '30':127 '45':191 '5':550 '5.1':313 '50':128,192 '510':365 '60':516 '75':202 'а':80,301,500,589,684 'аварія':511,539,583 'автобус':435 'автокрісло':457,497 'автомобіль':656,713 'адаптер':459 'адміністративний':330,339,682 'аспект':596 'база':240 'безпека':2,62,88,94,98,134,168,182,238,249,280,290,321,347,357,437,487,651,710 'безпечний':451 'будь':699,705 'будь-який':698,704 'будьте':690 'бута':209,277,399,527 'більший':552,561 'важливе':65 'важливий':65 'важливо':636 'важливість':38,708 'варта':442 'варто':442 'ваш':658 'веста':637 'вести':637 'взагалі':492 'виглядати':611 'вижити':563 'викидання':116 'викидати':545 'викинутий':210 'виконання':415 'використання':31,60,180,247,404,479,665 'використовувати':299 'вилучення':374 'вина':521 'винити':521 'висновок':649 'вистрибнути':541 'витрачати':606 'вниз':142 'водити':510 'водночас':7 'водій':11,42,186,262,270,295,351,407,424,449,535,591,692 'всесвітній':174 'вчити':640 'відбуватися':518 'відповідальний':691 'відповідальність':331,683 'відповідно':332,669 'вік':474 'віка':474 'віко':474 'гальмування':110 'гарантія':659 'гинути':223 'говорити':67,242 'год':130 'гривня':366 'грубий':382 'грудний':152 'даний':173,229 'дані':173,229 'двох':138 'демонструвати':646 'десятка':218 'десяток':218 'дисонанс':620 'дитина':490 'дитинство':643 'дитячий':496 'добре':509 'добрий':509 'допомога':455 'допустити':115 'дорожньо':17 'дорожньо-транспортний':16 'дорожній':72,244,252,672 'досі':39 'доха':39 'дтп':166,220,517 'ділянка':149 'дітей':445,453,467,641 'діти':439 'дія':533 'елемент':654 'життя':22,170,660,689 'забезпечувати':450 'заборонятися':465 'завдяки':156 'загибель':185 'загиблий':234 'загинути':554 'задній':198,567,576 'законодавство':34 'залишатися':557 'засіб':9,213,265,279,289,326,329,353,412,428,481 'захист':10 'звичайний':485 'звичка':630 'звільнений':400 'звільнятися':386 'згідний':32,171,392 'здатний':531 'здоров':177,662 'здоровити':177,662 'зменшувати':23,193,207 'знавати':623 'знати':623 'значний':40,232 'знижувати':183 'знижуватися':162 'зобов':271,293,317,447 'зокрема':255 'зріст':468 'зіткнення':107,484 'ймовірність':194,553 'кампанія':639 'категорія':396 'керування':350,712 'ключиця':151 'клітка':153 'км':129 'когнітивний':619 'кодекс':336 'кола':621 'колоти':621 'контролювати':303 'користування':345,600 'користуватися':236,319,390 'краще':540 'кращий':540 'критичний':64 'купап':341 'кіл':621 'лише':50,297,587,681 'люда':622 'людей':227,598 'люди':622 'людин':543 'людина':102,117,543 'матеріал':57 'машина':547 'мая':548 'маяти':548 'менше':470,475 'менший':470,475 'механічний':263 'можете':526 'можливе':372 'можливий':372 'можуть':398,584 'місце':104 'міф':84,503,506,536,564 'міцний':148 'навчальний':422 'найбільш':147 'найефективніший':8 'найпростіший':5 'накладення':361 'наприклад':433 'напрямок':139 'наслідок':76 'наявність':282 'небажання':605 'небезпека':625,687 'недбалість':604 'незручність':54 'необхідність':501 'нехтування':676 'нехтувати':45 'нормативний':239 'обережний':528 'обладнаний':327,429 'обов':28,258,388,402,417,570,667 'один':3 'окремий':395 'оперативний':410 'опція':499 'організація':175 'оснащення':655 'основний':112 'особа':397 'особистий':647 'особливий':376,440 'отримати':159 'охорона':176 'очах':614 'очевидний':37 'пасажир':13,44,189,199,286,306,316,409,426,556,574,594,694 'пасивний':97 'патрульний':230 'пдр':268,314,394,446,463 'перевезення':444,452 'перевозити':285,466 'передбачити':348,532 'передній':188,593 'перти':125,538,711 'побутовий':603 'поведінка':617 'поліція':231 'понад':515 'понада':515 'поперти':36 'попри':36 'порушення':343,371,383 'порушник':79 'постраждати':524 'поширений':83,502 'поєднуватися':379 'правий':261 'правило':47,71,243,251,344,384,671,678 'правильний':179 'правити':71,243,375 'право':261,375 'правопорушення':340 'прати':375 'працювати':92 'привод':70 'привід':70 'пригода':19 'приділити':443 'призначений':99 'приклад':618,648 'пристебнутий':278,288,311,355,555,580 'пристрій':96 'пристібатися':572,644,695 'просто':653 'психологічний':595 'пункт':266,292,312,461 'реальний':686 'реальність':505 'регламентуватися':250 'ременів':61,248,405,432,709 'ремінь':1,49,61,87,93,133,167,181,237,248,300,320,346,356,391,405,432,436,460,486,601,650,709 'ризик':24,158,184 'розглянути':58 'розділ':256 'розмір':364 'розподіляти':143 'рух':73,245,253,276,324,673 'рятувати':21,169 'різкий':109 'рік':477 'салон':308,559 'сам':298,634 'саме':634 'самий':298,634 'серйозний':160,195 'сидіння':119,430,568,577,707 'сила':144 'систематичний':370 'службовий':416 'см':472 'смішно':612 'собою':360 'соціальний':632 'спеціальний':456,480 'спрацювати':494 'сприймати':48 'спростувати':82 'стар':434 'старий':434 'стати':122 'статистик':165 'статистика':165 'стаття':334 'страх':610 'таз':155 'тимчасовий':373 'типовий':131 'тиск':633 'тисяча':219,226 'том':495,635 'тома':495,635 'травма':161,196 'травмування':25 'травмувати':489,585 'травмуватися':225 'транспортний':18,212,264,325,352,411,427 'траплятися':217 'триточковий':132 'тягнути':358,679 'тягти':358,679 'тіло':136,150 'у':14,55,197,203,549 'увага':441 'удар':145 'україна':35,74,215,246,254,269,315,337,464,674 'уникати':599 'уперед':140 'ус':305 'утримання':101 'утримувати':135 'факт':514,542,573 'фатальний':123 'формальність':52 'функція':113 'цим':46,677 'час':106,275,323,414,421,483,582,607 'частина':41,233 'чекати':77 'чома':59 'шанс':208,562 'швидкість':126,701 'штраф':349,362 'щороку':216 'я':178,508,663 'язаний':272 'язані':318 'язки':259 'язковим':668 'язковими':29 'язково':571 'язкового':403 'язку':389 'язків':418 'язують':448 'язує':294 'як':51,90,544 'який':75,222,469,544,578,700,706 'ігнорувати':627 'із':4,211 'інструктор':419 'інформаційний':638 'інші':381,534,615 'ї':273 'їзда':423
code-of-ukraine-on-administrative-offenses	en	Code of Ukraine on Administrative Offenses	<p>The Code of Ukraine on Administrative Offenses is the main legal act regulating administrative liability for offenses that infringe upon governance order, public order, property, citizens' rights, and the established order of administration.</p>\r\n\r\n<p>The document was adopted on December 7, 1984, has the number <i>8073-X</i>, and has been repeatedly amended and supplemented to meet the needs of society and legal development.</p><p><a href="https://zakon.rada.gov.ua/laws/show/80731-10#Text" target="_blank">Link to the document</a>.</p>\r\n\r\n<p>The Code consists of a preamble and 5 sections, which are further divided into chapters and articles. Its structure is logically organized, allowing easy navigation through the provisions of the document.</p>\r\n\r\n<h2>Main Sections of the Code</h2>\r\n\r\n<p>Section I. General Provisions — establishes the basics of administrative liability, the concept of an administrative offense, jurisdictional boundaries, and the Code's application in time and space.</p>\r\n\r\n<p>Section II. Administrative Offense and Administrative Liability — contains a list of types of administrative penalties, rules for their imposition, and also defines circumstances that mitigate or aggravate liability.</p>\r\n\r\n<p>Section III. Authorities (Officials) Authorized to Consider Cases of Administrative Offenses — defines the range of bodies authorized to draw up protocols and consider cases of administrative offenses.</p>\r\n\r\n<p>Section IV. Proceedings in Cases of Administrative Offenses — regulates the procedure for drawing up protocols, reviewing cases, issuing decisions, appealing, and enforcing rulings.</p>\r\n\r\n<p>Section V. Features of Proceedings in Cases of Certain Categories — covers specifics of reviewing cases concerning minors, military personnel, foreigners, as well as proceedings in cases related to traffic safety, public order, etc.</p>\r\n\r\n<h2>Significance of the Code</h2>\r\n<p>The Code of Ukraine on Administrative Offenses plays an important role in maintaining public order, discipline, and the rule of law in the state. Its provisions are applied in the daily work of internal affairs bodies, courts, executive authorities, and other subjects of governmental powers.</p>\r\n	An introductory review article about one of the main documents regulating the field of administrative law.	'1984':41 '5':74 '7':40 '8073':45 'act':12 'administr':6,14,33,111,117,132,135,143,167,183,191,250,294 'adopt':37 'affair':279 'aggrav':156 'allow':89 'also':150 'amend':51 'appeal':204 'appli':272 'applic':125 'articl':83 'author':160,162,174,283 'basic':109 'bodi':173,280 'boundari':120 'case':165,181,189,201,214,222,233 'categori':217 'certain':216 'chapter':81 'circumst':152 'citizen':26 'code':2,68,102,123,244,246,290 'concept':114 'concern':223 'consid':164,180 'consist':69 'contain':137 'court':281 'cover':218 'daili':275 'decemb':39 'decis':203 'defin':151,169 'develop':62 'disciplin':260 'divid':79 'document':35,66,97 'draw':176,197 'easi':90 'enforc':206 'establish':30,107 'etc':240 'execut':282 'featur':210 'foreign':227 'general':105 'govern':21 'government':288 'ii':131 'iii':159 'import':254 'imposit':148 'infring':19 'intern':278 'issu':202 'iv':186 'jurisdict':119 'law':265 'legal':11,61 'liabil':15,112,136,157 'link':63 'list':139 'logic':87 'main':10,98 'maintain':257 'meet':55 'militari':225 'minor':224 'mitig':154 'navig':91 'need':57 'number':44 'offens':7,17,118,133,168,184,192,251,295 'offici':161 'order':22,24,31,239,259 'organ':88 'penalti':144 'personnel':226 'play':252 'power':289 'preambl':72 'procedur':195 'proceed':187,212,231 'properti':25 'protocol':178,199 'provis':94,106,270 'public':23,238,258 'rang':171 'regul':13,193 'relat':234 'repeat':50 'review':200,221 'right':27 'role':255 'rule':145,207,263 'safeti':237 'section':75,99,103,130,158,185,208 'signific':241 'societi':59 'space':129 'specif':219 'state':268 'structur':85 'subject':286 'supplement':53 'time':127 'traffic':236 'type':141 'ukrain':4,248,292 'upon':20 'v':209 'well':229 'work':276 'x':46
plaintiff's-failure-to-appear-in-court	en	Plaintiff's failure to appear in court	<div>\r\n  <h1>Analysis of Court Absence Provisions</h1>\r\n\r\n  <p>The Supreme Court noted that according to Part 1 of Article 205 of the Code of Administrative Justice of Ukraine, the absence of any case participant from a court hearing - when properly notified about its time and location - doesn't prevent case consideration, except in circumstances defined by this article.</p>\r\n\r\n  <h2>Consequences of Absence</h2>\r\n  <p>Part 5 establishes that if a plaintiff fails to appear without valid reasons or doesn't explain their absence (and hasn't submitted a request for consideration in absentia), the court may dismiss the claim unless the defendant insists on proceeding with the case based on available evidence. For non-governmental plaintiffs, these provisions only apply after repeated absences.</p>\r\n\r\n  <h2>Procedural Alignment</h2>\r\n  <p>This norm correlates with Article 240(1)(4) of the Code, which similarly permits claim dismissal when a plaintiff (or repeatedly for non-governmental plaintiffs) misses preparatory or main hearings without justification or notice, unless they've requested in-absentia consideration.</p>\r\n\r\n  <h2>Key Legal Principles</h2>\r\n  <ul>\r\n    <li>Claim dismissal requires repeated unexplained absences by non-governmental plaintiffs</li>\r\n    <li>Defendant's insistence on proceeding overrides automatic dismissal</li>\r\n    <li>These rules implement constitutional access-to-justice guarantees</li>\r\n    <li>They presume litigants will actively participate in proceedings</li>\r\n  </ul>\r\n\r\n  <p>Article 205(5) effectively creates a form of procedural accountability for plaintiffs who fail to attend hearings without proper justification, allowing courts to return claims unconsidered as a consequence of such non-participation.</p><p><a href="https://5aa.court.gov.ua/sud4854/pres-centr/news/1702390/" target="_blank">Supreme Court Resolution</a></p></div>	Explanation by the court about the consequences of the plaintiff's failure to appear in court.	'1':14,127 '205':17,204 '240':126 '4':128 '5':60,205 'absenc':4,27,58,77,118,172 'absentia':87,162 'access':191 'access-to-justic':190 'accord':11 'account':212 'activ':199 'administr':22 'align':120 'allow':223 'analysi':1 'appear':68,244 'appli':115 'articl':16,55,125,203 'attend':218 'automat':184 'avail':105 'base':103 'case':30,47,102 'circumst':51 'claim':93,135,167,227 'code':20,131 'consequ':56,231 'consider':48,85,163 'constitut':189 'correl':123 'court':3,8,34,89,224,238,246 'creat':207 'defend':96,178 'defin':52 'dismiss':91,136,168,185 'doesn':44,73 'effect':206 'establish':61 'evid':106 'except':49 'explain':75 'fail':66,216 'failur':242 'form':209 'government':110,145,176 'guarante':194 'hasn':79 'hear':35,151,219 'implement':188 'in-absentia':160 'insist':97,180 'justic':23,193 'justif':153,222 'key':164 'legal':165 'litig':197 'locat':43 'main':150 'may':90 'miss':147 'non':109,144,175,235 'non-government':108,143,174 'non-particip':234 'norm':122 'note':9 'notic':155 'notifi':38 'overrid':183 'part':13,59 'particip':31,200,236 'permit':134 'plaintiff':65,111,139,146,177,214,240 'preparatori':148 'presum':196 'prevent':46 'principl':166 'procedur':119,211 'proceed':99,182,202 'proper':37,221 'provis':5,113 'reason':71 'repeat':117,141,170 'request':83,159 'requir':169 'resolut':239 'return':226 'rule':187 'similar':133 'submit':81 'suprem':7,237 'time':41 'ukrain':25 'unconsid':228 'unexplain':171 'unless':94,156 'valid':70 've':158 'without':69,152,220
plaintiff's-failure-to-appear-in-court	uk	Неявка до суду позивача	<div>\r\n  <h1>Аналіз положень про неявку до суду</h1>\r\n\r\n  <p>Верховний Суд зазначив, що згідно з частиною 1 статті 205 КАС України, неявка будь-якого учасника справи на судове засідання - за умови належного повідомлення про час і місце проведення - не перешкоджає розгляду справи, крім випадків, передбачених цією статтею.</p>\r\n\r\n  <h2>Наслідки неявки</h2>\r\n  <p>Частина 5 встановлює, що у разі неявки позивача без поважних причин або неповідомлення про причини відсутності (і за відсутності заяви про розгляд у його відсутність), суд може залишити позов без розгляду, якщо відповідач не наполягає на продовженні розгляду на підставі наявних доказів. Для позивачів, які не є суб'єктами владних повноважень, ці положення застосовуються лише після повторної неявки.</p>\r\n\r\n  <h2>Процесуальна узгодженість</h2>\r\n  <p>Ця норма корелює зі статтею 240(1)(4) КАС, яка аналогічно дозволяє залишати позов без розгляду, коли позивач (або повторно для недержавних позивачів) відсутній на підготовчих чи основних засіданнях без обґрунтування, якщо не надійшла заява про розгляд у відсутності.</p>\r\n\r\n  <h2>Ключові правові принципи</h2>\r\n  <ul>\r\n    <li>Залишення позову без розгляду вимагає повторної необґрунтованої неявки недержавних позивачів</li>\r\n    <li>Наполягання відповідача на розгляді скасовує автоматичне залишення без розгляду</li>\r\n    <li>Ці норми реалізують конституційні гарантії доступу до правосуддя</li>\r\n    <li>Вони передбачають активну участь сторін у процесі</li>\r\n  </ul>\r\n\r\n  <p>Стаття 205(5) КАС фактично встановлює форму процесуальної відповідальності для позивачів, які не з'являються на засідання без поважних причин, дозволяючи судам повертати позовні заяви без розгляду як наслідок такої неучасті.</p><p><a href="https://5aa.court.gov.ua/sud4854/pres-centr/news/1702390/" target="_blank">Постанова ВС</a></p></div>	Роз'яснення суду про наслідки неявки до суду позивача.	'1':14,114 '205':16,185 '240':113 '4':115 '5':49,186 'автоматичний':165 'активний':179 'аналогічно':118 'аналіз':1 'будь':21 'будь-який':20 'верховний':7 'вимагати':154 'випадок':42 'владний':97 'вс':216 'встановлювати':50,189 'відповідальність':192 'відповідач':80,161 'відсутній':131 'відсутність':63,66,72,146 'гарантія':173 'дозволяти':119,204 'доказ':89 'доступ':174 'зазначити':9 'залишати':120 'залишення':150,166 'залишити':75 'застосовуватися':101 'засідання':27,136,200 'заява':67,142,208 'заявити':67,208 'згідний':11 'зі':111 'кас':17,116,187 'каса':17,116,187 'ключовий':147 'кола':124 'колоти':124 'конституційний':172 'корелювати':110 'кіл':124 'лише':102 'місце':35 'надійти':141 'належне':30 'належний':30 'наполягання':160 'наполягати':82 'наслідок':46,212 'наявний':88 'недержавний':129,158 'необґрунтований':156 'неповідомлення':60 'неучасть':214 'неявка':4,19,47,54,105,157,217 'норма':109,170 'обґрунтування':138 'основний':135 'передбачати':178 'передбачений':43 'перешкоджати':38 'поважний':57,202 'повертати':206 'повноваження':98 'повторний':104,127,155 'повідомлення':31 'позивач':55,91,125,130,159,194,220 'позов':76,121 'позовний':207 'позову':151 'положення':2,100 'постанова':215 'правовий':148 'правосуддя':176 'принцип':149 'причина':58,62,203 'причинити':62 'проведення':36 'продовження':84 'процес':183 'процесуальний':106,191 'підготовчий':133 'підстава':87 'реалізувати':171 'розгляд':39,69,78,85,123,144,153,163,168,210 'скасовувати':164 'справа':24,40 'стаття':15,45,112,184 'сторона':181 'суб':95 'суд':6,8,73,205,219 'судовий':26 'у':52,70,145,182 'узгодженість':107 'україна':18 'умова':29 'учасник':23 'участь':180 'фактичний':188 'форма':190 'час':33 'частина':13,48 'являтися':198 'як':117,211 'який':22,92,117,195 'єктами':96
increase-fines-for-speeding-violations-2025	en	Ukraine Plans to Increase Fines for Speeding Violations	<p>Members of the Verkhovna Rada intend to raise fines for drivers who exceed speed limits and eliminate the current tolerance of "+20 km/h." These changes are outlined in Draft Law No. 13314 dated May 26, 2025, titled "On Amendments to the Code of Ukraine on Administrative Offenses Regarding the Introduction of Proportional Liability for Exceeding Established Vehicle Speed Limits."<br><br>The draft is based on the premise that excessive speed is a leading cause of fatalities and injuries resulting from traffic accidents. Lawmakers argue that the Code of Administrative Offenses (CUoAO) fails to fulfill one of its main functions: preventing administrative violations, particularly those related to speeding.<br><br>They cite a survey in which 54% of Ukrainians reportedly support lowering the penalty threshold by 10 km/h. However, a closer look reveals that only 28% fully support the proposed changes.<br><br>The proposed fine structure is as follows:<br><br>No.&nbsp; &nbsp; Speed Limit Exceeded&nbsp; &nbsp; Fine<br>1&nbsp; &nbsp; &gt;10 km/h&nbsp; &nbsp; 340 UAH<br>2&nbsp; &nbsp; &gt;20 km/h&nbsp; &nbsp; 680 UAH<br>3&nbsp; &nbsp; &gt;30 km/h&nbsp; &nbsp; 1,360 UAH<br>4&nbsp; &nbsp; &gt;40 km/h&nbsp; &nbsp; 1,700 UAH<br>5&nbsp; &nbsp; &gt;60 km/h&nbsp; &nbsp; 2,720 UAH<br>6&nbsp; &nbsp; &gt;80 km/h&nbsp; &nbsp; 3,400 UAH<br>7&nbsp; &nbsp; Any of the above (1–6) that causes a hazardous situation&nbsp; &nbsp; License suspension for 6 to 12 months<br><br>Lawmakers aim to reduce the traffic fatality rate by 35%, using Poland’s experience over the past four years as an example. As a reference point, they note that 1,770 people died in 2024 in Ukraine as a result of speeding-related accidents.</p>	Fines for speeding are set to rise in proportion to how much a driver exceeds the speed limit	'+20':22 '1':150,163,169,189,232 '10':123,151 '12':201 '13314':32 '2':155,175 '20':156 '2024':237 '2025':36 '26':35 '28':132 '3':160,181 '30':161 '340':153 '35':212 '360':164 '4':166 '40':167 '400':182 '5':172 '54':113 '6':178,190,199 '60':173 '680':158 '7':184 '700':170 '720':176 '770':233 '80':179 'accid':81,247 'administr':46,88,100 'aim':204 'amend':39 'argu':83 'base':63 'caus':73,192 'chang':25,137 'cite':108 'closer':127 'code':42,86 'cuoao':90 'current':19 'date':33 'die':235 'draft':29,61 'driver':11 'elimin':17 'establish':56 'exampl':224 'exceed':13,55,148 'excess':68 'experi':216 'fail':91 'fatal':75,209 'fine':9,140,149,252 'follow':144 'four':220 'fulfil':93 'fulli':133 'function':98 'hazard':194 'howev':125 'increas':251 'injuri':77 'intend':6 'introduct':50 'km/h':23,124,152,157,162,168,174,180 'law':30 'lawmak':82,203 'lead':72 'liabil':53 'licens':196 'limit':15,59,147 'look':128 'lower':118 'main':97 'may':34 'member':1 'month':202 'note':230 'offens':47,89 'one':94 'outlin':27 'particular':102 'past':219 'penalti':120 'peopl':234 'plan':249 'point':228 'poland':214 'premis':66 'prevent':99 'proport':52 'propos':136,139 'rada':5 'rais':8 'rate':210 'reduc':206 'refer':227 'regard':48 'relat':104,246 'report':116 'result':78,242 'reveal':129 'situat':195 'speed':14,58,69,106,146,245,254 'speeding-rel':244 'structur':141 'support':117,134 'survey':110 'suspens':197 'threshold':121 'titl':37 'toler':20 'traffic':80,208 'uah':154,159,165,171,177,183 'ukrain':44,239,248 'ukrainian':115 'use':213 'vehicl':57 'verkhovna':4 'violat':101,255 'year':221
сode-of-administrative-procedure-of-ukraine	en	Code of Administrative Procedure of Ukraine	<p>The <strong>Code of Administrative Procedure of Ukraine</strong> is the primary legislative act that defines the procedure for appealing decisions, actions (or inaction) of state authorities and local self-government bodies, as well as the time limits and means for representing interests in administrative court cases.\r\n  </p><p><a href="https://zakon.rada.gov.ua/laws/show/2747-15#Text" target="_blank">Link to the official source</a></p><p>Document No. 2747-IV, currently in force.\r\n  </p>\r\n\r\n  <h2>Fundamental Principles Established by the Code:</h2>\r\n  <ul>\r\n    <li>The right to access the court and methods of legal protection;</li>\r\n    <li>Equality of all participants in the judicial process before the law and the court;</li>\r\n    <li>Adversarial nature of proceedings;</li>\r\n    <li>Transparency of the court process;</li>\r\n    <li>Openness of case-related information.</li>\r\n  </ul>\r\n\r\n  <p>\r\n    This legislative document must be followed by all participants in the judicial process — judges, lawyers, plaintiffs, and defendants.\r\n  </p>\r\n\r\n  <h2>Key Chapters Plaintiffs Should Pay Attention To:</h2>\r\n  <ul>\r\n    <li>Jurisdiction</li>\r\n    <li>Parties involved</li>\r\n    <li>Evidence</li>\r\n    <li>Deadlines</li>\r\n    <li>Summons</li>\r\n    <li>Costs</li>\r\n    <li>Application</li>\r\n    <li>Initiation of proceedings</li>\r\n    <li>Case consideration</li>\r\n    <li>Case closure</li>\r\n    <li>Simplified proceedings</li>\r\n    <li>Appeal proceedings</li>\r\n    <li>Cassation proceedings</li>\r\n    <li>Review of decisions</li>\r\n  </ul>\r\n\r\n  <p>\r\n    The Code is quite extensive, comprising approximately 276 A4-format pages and around 400 articles.\r\n    It is not necessary to read and know everything, as much of it is intended for judges.\r\n    However, if you decide to initiate an appeal process, it is essential to familiarize yourself with the sections listed above.\r\n  </p>	A brief overview of one of the key documents in administrative law that governs judicial proceedings.	'2747':54 '276':161 '400':168 'a4':163 'a4-format':162 'access':68 'act':12 'action':20 'administr':4,44,208 'adversari':90 'appeal':18,147,194 'applic':137 'approxim':160 'around':167 'articl':169 'attent':128 'author':25 'bodi':31 'case':46,102,141,143 'case-rel':101 'cassat':149 'chapter':124 'closur':144 'code':2,64,155,206 'compris':159 'consider':142 'cost':136 'court':45,70,89,97 'current':56 'deadlin':134 'decid':190 'decis':19,153 'defend':122 'defin':14 'document':52,107 'equal':76 'essenti':198 'establish':61 'everyth':178 'evid':133 'extens':158 'familiar':200 'follow':110 'forc':58 'format':164 'fundament':59 'govern':30 'howev':187 'inact':22 'inform':104 'initi':138,192 'intend':184 'interest':42 'involv':132 'iv':55 'judg':118,186 'judici':82,116 'jurisdict':130 'key':123 'know':177 'law':86 'lawyer':119 'legal':74 'legisl':11,106 'limit':37 'link':47 'list':205 'local':27 'mean':39 'method':72 'much':180 'must':108 'natur':91 'necessari':173 'offici':50 'open':99 'page':165 'parti':131 'particip':79,113 'pay':127 'plaintiff':120,125 'primari':10 'principl':60 'procedur':5,16,209 'proceed':93,140,146,148,150 'process':83,98,117,195 'protect':75 'quit':157 'read':175 'relat':103 'repres':41 'review':151 'right':66 'section':204 'self':29 'self-govern':28 'simplifi':145 'sourc':51 'state':24 'summon':135 'time':36 'transpar':94 'ukrain':7,211 'well':33
traffic-rules	en	Traffic rules of Ukraine: a complete overview of the regulatory framework	<h2>1. General Information About the Document</h2>\r\n\r\n<p>The main regulatory act governing road traffic in Ukraine is <b>Resolution of the Cabinet of Ministers of Ukraine No. 1306</b> dated October 10, 2001 "On Traffic Rules". This document was adopted by the Cabinet of Ministers of Ukraine in accordance with the requirements of the Law of Ukraine "On Road Traffic" and came into force on January 1, 2002.</p>\r\n\r\n<p>Traffic Rules are mandatory for all road users in Ukraine, including drivers of vehicles, pedestrians, cyclists and passengers.</p>\r\n<p><a href="https://zakon.rada.gov.ua/laws/show/1306-2001-%D0%BF#n16" target="_blank">Link to the document</a></p>\r\n\r\n<h2>2. Document Structure</h2>\r\n\r\n<p>The full text of Traffic Rules contains 33 sections that regulate all aspects of road traffic in detail:</p>\r\n\r\n<ul>\r\n<li>Sections 1-3: General provisions, terminology, obligations of road users</li>\r\n<li>Sections 4-12: Rules for drivers (speed limits, maneuvering, stopping and parking)</li>\r\n<li>Sections 13-15: Requirements for pedestrians, cyclists and animal-drawn vehicles</li>\r\n<li>Sections 16-22: Road signs, traffic lights and road markings</li>\r\n<li>Sections 23-28: Special provisions for cargo transportation, passengers and special vehicles</li>\r\n<li>Sections 29-33: Technical requirements for vehicles, appendices</li>\r\n</ul>\r\n\r\n<h2>3. Key Provisions of Traffic Rules</h2>\r\n\r\n<h3>3.1. Drivers' Obligations</h3>\r\n\r\n<p>The document specifies in detail:</p>\r\n<ul>\r\n<li>Permissible speed limits in various conditions</li>\r\n<li>Overtaking and passing rules</li>\r\n<li>Intersection passing procedures</li>\r\n<li>Stopping and parking requirements</li>\r\n<li>Rules for using lighting devices</li>\r\n<li>Obligations in case of traffic accidents</li>\r\n</ul>\r\n\r\n<h3>3.2. Requirements for Pedestrians</h3>\r\n\r\n<p>Traffic Rules establish clear rules for pedestrians:</p>\r\n<ul>\r\n<li>Designated crossing points</li>\r\n<li>Rules for nighttime road behavior</li>\r\n<li>Restrictions on roadway movement</li>\r\n<li>Interaction rules with vehicles</li>\r\n</ul>\r\n\r\n<h2>4. Recent Changes and Current Amendments</h2>\r\n\r\n<p>Since its adoption, the document has undergone numerous changes. The most significant amendments were made by:</p>\r\n\r\n<ul>\r\n<li><b>CMU Resolution No. 663 of 2023</b>:\r\n  <ul>\r\n  <li>Clarified requirements for retroreflective elements</li>\r\n  <li>Introduced new child transportation rules</li>\r\n  <li>Updated regulations on low beam headlights usage</li>\r\n  </ul>\r\n</li>\r\n<li><b>CMU Resolution No. 111 of 2022</b>:\r\n  <ul>\r\n  <li>Changed rules for uncontrolled intersections</li>\r\n  <li>Introduced new requirements for dangerous goods transportation</li>\r\n  </ul>\r\n</li>\r\n</ul>\r\n\r\n<h2>5. Liability for Violations</h2>\r\n\r\n<p>According to Article 121 of the Code of Ukraine on Administrative Offenses, violation of Traffic Rules entails:</p>\r\n\r\n<ul>\r\n<li>Administrative liability (fines)</li>\r\n<li>Driver's license suspension</li>\r\n<li>Vehicle impoundment in cases provided by law</li>\r\n<li>Civil or criminal liability for traffic accident consequences</li>\r\n</ul>\r\n\r\n<p>Fines for traffic violations are established by separate regulatory acts and are constantly adjusted considering inflation and legislative changes.</p>\r\n	One of the main regulatory legal acts that regulate relations in the field of road traffic. It is the basis for passing exams to obtain a driver's license.	'-12':121 '-15':133 '-22':145 '-28':155 '-3':111 '-33':167 '1':1,64,110 '10':29 '111':290 '121':312 '13':132 '1306':26 '16':144 '2':88 '2001':30 '2002':65 '2022':292 '2023':269 '23':154 '29':166 '3':173 '3.1':179 '3.2':215 '33':98 '4':120,242 '5':305 '663':267 'accid':214,346 'accord':46,309 'act':10,357 'adjust':361 'administr':319,326 'adopt':37,250 'amend':247,260 'anim':140 'animal-drawn':139 'appendic':172 'articl':311 'aspect':103 'beam':284 'behavior':233 'cabinet':20,40 'came':59 'cargo':159 'case':211,336 'chang':244,256,293,366 'child':277 'civil':340 'clarifi':270 'clear':222 'cmu':264,287 'code':315 'complet':372 'condit':192 'consequ':347 'consid':362 'constant':360 'contain':97 'crimin':342 'cross':227 'current':246 'cyclist':81,137 'danger':302 'date':27 'design':226 'detail':108,186 'devic':208 'document':6,35,87,89,183,252 'drawn':141 'driver':77,124,180,329 'element':274 'entail':325 'establish':221,353 'fine':328,348 'forc':61 'framework':377 'full':92 'general':2,112 'good':303 'govern':11 'headlight':285 'impound':334 'includ':76 'inflat':363 'inform':3 'interact':238 'intersect':197,297 'introduc':275,298 'januari':63 'key':174 'law':52,339 'legisl':365 'liabil':306,327,343 'licens':331 'light':149,207 'limit':126,189 'link':84 'low':283 'made':262 'main':8 'mandatori':69 'maneuv':127 'mark':152 'minist':22,42 'movement':237 'new':276,299 'nighttim':231 'numer':255 'oblig':115,181,209 'octob':28 'offens':320 'overtak':193 'overview':373 'park':130,202 'pass':195,198 'passeng':83,161 'pedestrian':80,136,218,225 'permiss':187 'point':228 'procedur':199 'provid':337 'provis':113,157,175 'recent':243 'regul':101,281 'regulatori':9,356,376 'requir':49,134,169,203,216,271,300 'resolut':17,265,288 'restrict':234 'retroreflect':273 'road':12,56,72,105,117,146,151,232 'roadway':236 'rule':33,67,96,122,178,196,204,220,223,229,239,279,294,324,368 'section':99,109,119,131,143,153,165 'separ':355 'sign':147 'signific':259 'sinc':248 'special':156,163 'specifi':184 'speed':125,188 'stop':128,200 'structur':90 'suspens':332 'technic':168 'terminolog':114 'text':93 'traffic':13,32,57,66,95,106,148,177,213,219,323,345,350,367 'transport':160,278,304 'ukrain':15,24,44,54,75,317,370 'uncontrol':296 'undergon':254 'updat':280 'usag':286 'use':206 'user':73,118 'various':191 'vehicl':79,142,164,171,241,333 'violat':308,321,351
traffic-rules	uk	Правила дорожнього руху України: повний огляд нормативно-правової бази	<h2>1. Загальні відомості про документ</h2>\r\n\r\n<p>Основним нормативним актом, що регулює дорожній рух в Україні, є <b>Постанова Кабінету Міністрів України № 1306</b> від 10 жовтня 2001 року "Про Правила дорожнього руху". Цей документ був прийнятий Кабінетом Міністрів України на виконання вимог Закону України "Про дорожній рух" та набрав чинності з 1 січня 2002 року.</p>\r\n\r\n<p>Правила дорожнього руху є обов'язковими для виконання всіма учасниками дорожнього руху на території України, включаючи водіїв транспортних засобів, пішоходів, велосипедистів та пасажирів.</p><p><a href="https://zakon.rada.gov.ua/laws/show/1306-2001-%D0%BF#n16" target="_blank">Посилання на документ</a></p>\r\n\r\n<h2>2. Структура документа</h2>\r\n\r\n<p>Повний текст ПДР містить 33 розділи, які детально регламентують усі аспекти дорожнього руху:</p>\r\n\r\n<ul>\r\n<li>Розділи 1-3: Загальні положення, термінологія, обов'язки учасників руху</li>\r\n<li>Розділи 4-12: Правила для водіїв (швидкісний режим, маневрування, зупинка та стоянка)</li>\r\n<li>Розділи 13-15: Вимоги до пішоходів, велосипедистів та возників</li>\r\n<li>Розділи 16-22: Дорожні знаки, світлофори та дорожня розмітка</li>\r\n<li>Розділи 23-28: Особливості перевезення вантажів, пасажирів та спецтранспорту</li>\r\n<li>Розділи 29-33: Технічні вимоги до транспортних засобів, додатки</li>\r\n</ul>\r\n\r\n<h2>3. Ключові положення ПДР</h2>\r\n\r\n<h3>3.1. Обов'язки водіїв</h3>\r\n\r\n<p>Документ детально прописує:</p>\r\n<ul>\r\n<li>Види допустимої швидкості в різних умовах</li>\r\n<li>Правила обгону та випередження</li>\r\n<li>Порядок проїзду перехресть</li>\r\n<li>Вимоги до зупинки та стоянки</li>\r\n<li>Правила користування світловими приладами</li>\r\n<li>Обов'язки при ДТП</li>\r\n</ul>\r\n\r\n<h3>3.2. Вимоги до пішоходів</h3>\r\n\r\n<p>ПДР встановлюють чіткі правила для пішоходів:</p>\r\n<ul>\r\n<li>Місця переходу проїзної частини</li>\r\n<li>Правила поведінки на дорозі в темну пору доби</li>\r\n<li>Обмеження для руху по проїзній частині</li>\r\n<li>Правила взаємодії з транспортними засобами</li>\r\n</ul>\r\n\r\n<h2>4. Останні зміни та актуальні новели</h2>\r\n\r\n<p>З моменту прийняття документ зазнав численних змін. Найбільш суттєві корективи були внесені:</p>\r\n\r\n<ul>\r\n<li><b>Постановою КМУ № 663 від 2023 року</b>:\r\n  <ul>\r\n  <li>Уточнено вимоги до світлоповертаючих елементів</li>\r\n  <li>Введено нові правила перевезення дітей</li>\r\n  <li>Оновлено норми щодо використання ближнього світла фар</li>\r\n  </ul>\r\n</li>\r\n<li><b>Постановою КМУ № 111 від 2022 року</b>:\r\n  <ul>\r\n  <li>Змінено правила проїзду нерегульованих перехресть</li>\r\n  <li>Введено нові вимоги до перевезення небезпечних вантажів</li>\r\n  </ul>\r\n</li>\r\n</ul>\r\n\r\n<h2>5. Відповідальність за порушення</h2>\r\n\r\n<p>Відповідно до статті 121 Кодексу України про адміністративні правопорушення, порушення Правил дорожнього руху тягне за собою:</p>\r\n\r\n<ul>\r\n<li>Адміністративну відповідальність (штрафи)</li>\r\n<li>Позбавлення права керування транспортними засобами</li>\r\n<li>Арешту транспортного засобу у випадках, передбачених законом</li>\r\n<li>Цивільну або кримінальну відповідальність за наслідки ДТП</li>\r\n</ul>\r\n\r\n<p>Розміри штрафів за порушення ПДР встановлюються окремими нормативними актами та постійно коректуються з урахуванням інфляції та змін у законодавстві.</p>	Один з основних нормативно-правових актів, які регулюють відносини у сфері дорожнього руху. Є базою для здачі іспитів на отримання посвідчення водія.	'-12':107 '-15':119 '-22':128 '-28':137 '-3':97 '-33':146 '1':1,49,96 '10':22 '111':266 '121':289 '13':118 '1306':20 '16':127 '2':79 '2001':24 '2002':51 '2022':268 '2023':245 '23':136 '29':145 '3':153 '3.1':157 '3.2':190 '33':86 '4':106,223 '5':282 '663':243 'адміністративний':293,302 'акт':8,332 'актуальний':227 'арешт':310 'аспект':92 'база':352 'ближній':261 'вантаж':140,281 'ввести':252,275 'ввесь':61 'велосипедист':73,123 'весь':61 'взаємодія':219 'вид':164 'виконання':38,60 'використання':260 'вимога':39,120,148,177,191,248,277 'випадок':314 'випередження':173 'включати':68 'внесений':240 'водій':69,110,160 'возників':125 'встановлювати':195 'встановлюватися':329 'всіма':61 'відомість':3 'відповідальність':283,303,320 'відповідно':286 'детальний':89,162 'доба':211 'додаток':152 'документ':5,31,78,81,161,232 'допустимий':165 'дорога':207 'дорожній':11,28,43,54,63,93,129,133,297,344 'дтп':189,323 'дітей':256 'елемент':251 'жовтень':23 'загальний':2,98 'зазнати':233 'закон':40,316 'законодавство':342 'засіб':71,151,222,309,312 'зміна':225,235,340 'змінити':225,270 'знак':130 'зупинка':114,179 'кабінет':17,34 'керування':307 'ключовий':154 'кму':242,265 'кодекс':290 'коректив':238 'коректива':238 'коректуватися':335 'користування':183 'кримінальний':319 'маневрування':113 'момент':230 'міністр':18,35 'міністрів':18,35 'містити':85 'місце':200 'набрати':46 'найбільш':236 'наслідок':322 'небезпечний':280 'нерегульований':273 'новела':228 'новий':253,276 'норма':258 'нормативний':7,331,350 'нормативно-правовий':349 'обгін':171 'обмеження':212 'обов':57,101,158,186 'огляд':348 'окремий':330 'оновити':257 'основний':6 'особливість':138 'останній':224 'пасажир':75,141 'пдр':84,156,194,328 'перевезення':139,255,279 'передбачений':315 'перехрестя':176,274 'перехід':201 'перти':188 'поведінка':205 'повний':82,347 'позбавлення':305 'положення':99,155 'пора':210 'порушення':285,295,327 'порядок':174 'посилання':76 'постанова':16,241,264 'постійно':334 'правий':306 'правило':27,53,108,170,182,197,204,218,254,271,296,343 'правити':27,53,108,170,182,197,204,218,254,271,343 'право':306 'правовий':351 'правопорушення':294 'прийнятий':33 'прийняття':231 'прилад':185 'прописувати':163 'проїзд':175,272 'проїзний':202,216 'пішохід':72,122,193,199 'регламентувати':90 'регулювати':10 'режим':112 'розділ':87,95,105,117,126,135,144 'розділити':87,95,105,117,126,135,144 'розмір':324 'розмітка':134 'рок':25,52,246,269 'рух':12,29,44,55,64,94,104,214,298,345 'різний':168 'рік':25,52,246,269 'світлий':262 'світло':262 'світловий':184 'світлоповертаючих':250 'світлофор':131 'собою':301 'спецтранспорт':143 'стаття':288 'стоянка':116,181 'стоянок':116,181 'структура':80 'суттєвий':237 'січень':50 'січня':50 'текст':83 'темний':209 'територія':66 'термінологія':100 'технічний':147 'транспортний':70,150,221,308,311 'тягнути':299 'тягти':299 'у':313,341 'україна':14,19,36,41,67,291,346 'умова':169 'урахування':337 'ус':91 'уточнити':247 'учасник':62,103 'фара':263 'цивільний':317 'частина':203,217 'чинність':47 'численний':234 'чіткий':196 'швидкісний':111 'швидкість':166 'штраф':304,325 'щодо':259 'язки':102,159,187 'язковими':58 'який':88 'інфляція':338
grounds-for-stopping-a-vehicle-by-police-officers	en	Grounds for stopping a vehicle by police officers in Ukraine	  <h2>Legal Framework:</h2>\r\n  <p>\r\n    The issue of stopping vehicles is regulated by the following legal acts:\r\n  </p>\r\n  <ul>\r\n    <li><strong>Law of Ukraine "On the National Police"</strong> (Article 35),</li>\r\n    <li><strong>Traffic Rules of Ukraine</strong> (approved by Resolution of the Cabinet of Ministers No. 1306 dated October 10, 2001),</li>\r\n    <li><strong>Code of Ukraine on Administrative Offenses</strong>,</li>\r\n    <li><strong>Law of Ukraine "On Road Traffic"</strong>.</li>\r\n  </ul>\r\n  <p>\r\n    These documents define the list of legal grounds, the procedure for police officers' actions, and the rights of drivers during a traffic stop.\r\n  </p>\r\n\r\n  <h2>Grounds for Stopping a Vehicle:</h2>\r\n\r\n  <ol>\r\n    <li>\r\n      <strong>Violation of traffic rules by the driver.</strong><br>\r\n      If a police officer detects or has reasonable suspicion that the driver has violated traffic rules—such as speeding, running a red light, or malfunctioning lights—he or she has the right to stop the vehicle.\r\n    </li>\r\n    <li>\r\n      <strong>Obvious signs of a vehicle's technical malfunction.</strong><br>\r\n      A vehicle with visible damage or faults that could pose a threat to traffic safety (e.g., broken headlights, faulty brakes) may be stopped.\r\n    </li>\r\n    <li>\r\n      <strong>The need to interview the driver or passengers as witnesses.</strong><br>\r\n      A vehicle can be stopped if its occupants may have witnessed a traffic accident or other violation.\r\n    </li>\r\n    <li>\r\n      <strong>The need to involve the driver in providing assistance to other road users or the police.</strong><br>\r\n      This could include evacuating victims or pursuing a suspect.\r\n    </li>\r\n    <li>\r\n      <strong>Information about the vehicle’s or driver's involvement in a violation.</strong><br>\r\n      If the car is wanted or suspected to be involved in a crime, it may be stopped.\r\n    </li>\r\n    <li>\r\n      <strong>Document checks in areas with special traffic conditions.</strong><br>\r\n      This includes checkpoints, areas near government buildings, or zones under curfew or anti-terrorist operations.\r\n    </li>\r\n    <li>\r\n      <strong>Control over the transportation of dangerous, oversized, or overweight cargo.</strong><br>\r\n      A police officer may stop a vehicle suspected of violating these specific rules for further inspection.\r\n    </li>\r\n    <li>\r\n      <strong>Conducting special operations or alert plans.</strong><br>\r\n      During law enforcement operations (e.g., "Siren", "Filter"), all vehicles in a given area may be subject to stops.\r\n    </li>\r\n    <li>\r\n      <strong>Presence of external signs indicating potential criminal involvement.</strong><br>\r\n      This includes visible blood, damage to the vehicle, or aggressive behavior from occupants.\r\n    </li>\r\n    <li>\r\n      <strong>Weight or environmental inspections.</strong><br>\r\n      This applies particularly to freight or commercial passenger transport and may involve checking for environmental compliance.\r\n    </li>\r\n  </ol>\r\n\r\n  <h2>Additional Requirements for a Stop:</h2>\r\n  <p>\r\n    According to traffic rules and the law, a stop must be performed <strong>with the use of special signals</strong>, the police officer must present a <strong>service ID</strong>, and must <strong>clearly state the reason for the stop</strong>.\r\n    The driver has the right to request an explanation and record the officer’s actions using a video device.\r\n  </p>\r\n  <p>\r\n    An unlawful stop may be considered an <strong>abuse of authority</strong>, which carries legal consequences for the police officer involved.\r\n  </p>	Stopping a vehicle by police officers in Ukraine - regulatory legal acts, grounds.	'10':40 '1306':37 '2001':41 '35':23 'abus':418 'accid':179 'accord':357 'act':14 'action':67,406 'addit':352 'administr':46 'aggress':328 'alert':291 'anti':258 'anti-terrorist':257 'appli':337 'approv':28 'area':240,248,305 'articl':22 'assist':191 'author':420 'behavior':329 'blood':322 'brake':152 'broken':149 'build':251 'cabinet':33 'car':222 'cargo':270 'carri':422 'check':238,348 'checkpoint':247 'clear':385 'code':42 'commerci':342 'complianc':351 'condit':244 'conduct':287 'consequ':424 'consid':416 'control':261 'could':141,200 'crime':232 'crimin':317 'curfew':255 'damag':137,323 'danger':266 'date':38 'defin':56 'detect':93 'devic':410 'document':55,237 'driver':72,88,100,161,188,214,393 'e.g':148,297 'enforc':295 'environment':334,350 'evacu':202 'explan':400 'extern':313 'fault':139 'faulti':151 'filter':299 'follow':12 'framework':2 'freight':340 'given':304 'govern':250 'ground':61,77,430 'headlight':150 'id':382 'includ':201,246,320 'indic':315 'inform':208 'inspect':286,335 'interview':159 'involv':186,216,229,318,347,429 'issu':4 'law':15,48,294,363 'legal':1,13,60,423 'light':111,114 'list':58 'malfunct':113,132 'may':153,174,234,274,306,346,414 'minist':35 'must':366,378,384 'nation':20 'near':249 'need':157,184 'obvious':125 'occup':173,331 'octob':39 'offens':47 'offic':66,92,273,377,404,428,437 'oper':260,289,296 'overs':267 'overweight':269 'particular':338 'passeng':163,343 'perform':368 'plan':292 'polic':21,65,91,198,272,376,427,436 'pose':142 'potenti':316 'presenc':311 'present':379 'procedur':63 'provid':190 'pursu':205 'reason':96,388 'record':402 'red':110 'regul':9 'request':398 'requir':353 'resolut':30 'right':70,120,396 'road':52,194 'rule':25,85,104,283,360 'run':108 'safeti':147 'servic':381 'sign':126,314 'signal':374 'siren':298 'special':242,288,373 'specif':282 'speed':107 'state':386 'stop':6,76,79,122,155,170,236,275,310,356,365,391,413,432 'subject':308 'suspect':207,226,278 'suspicion':97 'technic':131 'terrorist':259 'threat':144 'traffic':24,53,75,84,103,146,178,243,359 'transport':264,344 'ukrain':17,27,44,50,439 'unlaw':412 'use':371,407 'user':195 'vehicl':7,81,124,129,134,167,211,277,301,326,434 'victim':203 'video':409 'violat':82,102,182,219,280 'visibl':136,321 'want':224 'weight':332 'wit':165,176 'zone':253
zakon-pro-dorojniy-ruh-ukraini	en	The Law on Road Traffic of Ukraine	<p><p data-start="172" data-end="559"><a href="https://zakon.rada.gov.ua/laws/show/3353-12#Text" target="_blank">Official link on the website of the Verkhovna Rada of Ukraine</a><br></p>Document 3353-XII, current.<br><br>The Law of Ukraine "On Road Traffic" is a fundamental legal act that regulates the relationships between road users, defines their rights and obligations, and establishes the principles for organizing road traffic in Ukraine. It serves as the foundation for ensuring road safety, preventing accidents, and fostering a culture of responsibility among drivers, pedestrians, and passengers.<br><br><h2 class="">Key Provisions of the Law</h2><br>The law was first adopted in 1993 and has since undergone numerous amendments and updates in response to infrastructure development, advancements in the transportation system, and emerging road safety challenges. The main areas regulated by the law include:<br></p><ul><li>behavior rules for road users (drivers, pedestrians, passengers);</li><li>traffic organization and management systems;</li><li>technical requirements for vehicles;</li><li>legal liability for traffic violations;</li><li>the role of the National Police in monitoring and enforcement.</li></ul><h2 class="">Road Users</h2><p>The law clearly states that all road users must be familiar with and comply with traffic rules, remain alert, and avoid endangering others. Drivers have specific responsibilities regarding vehicle condition, adherence to speed limits, yielding to pedestrians, and more. Pedestrians also have duties, such as crossing the road only at designated places.<br><br></p><h2 class="">Safety as a Core Priority</h2><p><br>One of the law’s primary objectives is to ensure road traffic safety. According to the legislation, the state must create conditions for safe movement: maintain roads, provide proper signage and markings, and enforce regulations.<br><br>The law also includes provisions to protect the life and health of all road users, such as mandatory use of seat belts, child safety seats, helmets for motorcyclists, and a strict ban on driving under the influence of alcohol or drugs.<br><br></p><h2 class="">Role of the Police and Legal Responsibility</h2><p><br>Enforcement of traffic regulations is the responsibility of the National Police of Ukraine. Officers are authorized to stop vehicles, check documents, conduct alcohol tests, and issue administrative violation reports.<br><br>Traffic rule violations may lead to administrative or, in some cases, criminal liability. The law defines penalties including fines, license suspension, arrest, and other disciplinary actions.<br><br></p><h2 class="">Relevance and Future of the Law</h2><p><br>In today’s context—characterized by a growing number of vehicles and increasing infrastructure demands—this law remains highly relevant. It requires continuous updates in line with European standards and technological advancements.<br><br>Current reforms focus on road safety enhancement, implementation of automated violation detection, and improvements in driver education, all of which are based on the provisions of this law.</p><h2 class="">Conclusion</h2><p>The Law of Ukraine "On Road Traffic" is a crucial tool for maintaining order and safety on the roads. Complying with its provisions is not only a legal duty but also a means of protecting life and health. The safety of our roads depends largely on the awareness and discipline of all traffic participants.</p>	The Law of Ukraine "On Road Traffic" is a fundamental legal act that regulates the relationships between road users.	'1993':83 '3353':13 'accid':60 'accord':219 'act':27 'action':343 'adher':179 'administr':315,324 'adopt':81 'advanc':97,381 'alcohol':279,311 'alert':167 'also':189,243,441 'amend':89 'among':67 'area':109 'arrest':339 'author':304 'autom':391 'avoid':169 'awar':458 'ban':272 'base':403 'behavior':115 'belt':262 'case':328 'challeng':106 'character':354 'check':308 'child':263 'clear':151 'compli':162,430 'conclus':410 'condit':178,227 'conduct':310 'context':353 'continu':372 'core':204 'creat':226 'crimin':329 'cross':194 'crucial':420 'cultur':64 'current':15,382 'defin':35,333 'demand':364 'depend':454 'design':199 'detect':393 'develop':96 'disciplin':460 'disciplinari':342 'document':12,309 'drive':274 'driver':68,120,172,397 'drug':281 'duti':191,439 'educ':398 'emerg':103 'endang':170 'enforc':146,239,289 'enhanc':388 'ensur':56,215 'establish':41 'european':377 'familiar':159 'fine':336 'first':80 'focus':384 'foster':62 'foundat':54 'fundament':25 'futur':346 'grow':357 'health':251,448 'helmet':266 'high':368 'implement':389 'improv':395 'includ':114,244,335 'increas':362 'influenc':277 'infrastructur':95,363 'issu':314 'key':72 'larg':455 'law':17,76,78,113,150,209,242,332,349,366,409,412,466 'lead':322 'legal':26,132,287,438 'legisl':222 'liabil':133,330 'licens':337 'life':249,446 'limit':182 'line':375 'link':2 'main':108 'maintain':231,423 'manag':126 'mandatori':258 'mark':237 'may':321 'mean':443 'monitor':144 'motorcyclist':268 'movement':230 'must':157,225 'nation':141,298 'number':358 'numer':88 'object':212 'oblig':39 'offic':302 'offici':1 'one':206 'order':424 'organ':45,124 'other':171 'particip':464 'passeng':71,122 'pedestrian':69,121,185,188 'penalti':334 'place':200 'polic':142,285,299 'prevent':59 'primari':211 'principl':43 'prioriti':205 'proper':234 'protect':247,445 'provid':233 'provis':73,245,406,433 'rada':9 'reform':383 'regard':176 'regul':29,110,240,292 'relationship':31 'relev':344,369 'remain':166,367 'report':317 'requir':129,371 'respons':66,93,175,288,295 'right':37 'road':21,33,46,57,104,118,147,155,196,216,232,254,386,416,429,453,468 'role':138,282 'rule':116,165,319 'safe':229 'safeti':58,105,201,218,264,387,426,450 'seat':261,265 'serv':51 'signag':235 'sinc':86 'specif':174 'speed':181 'standard':378 'state':152,224 'stop':306 'strict':271 'suspens':338 'system':101,127 'technic':128 'technolog':380 'test':312 'today':351 'tool':421 'traffic':22,47,123,135,164,217,291,318,417,463,469 'transport':100 'ukrain':11,19,49,301,414,471 'undergon':87 'updat':91,373 'use':259 'user':34,119,148,156,255 'vehicl':131,177,307,360 'verkhovna':8 'violat':136,316,320,392 'websit':5 'xii':14 'yield':183
сode-of-administrative-procedure-of-ukraine	uk	Кодекс адміністративного судочинства України	<p>Кодекс адміністративного судочинства України є основним нормативно‑правовим актом, що визначає порядок оскарження рішень, дій (бездіяльності) органів державної влади й органів місцевого самоврядування, а також строків та засобів представництва інтересів у адміністративних судових справах.<br><br><a href="https://zakon.rada.gov.ua/laws/show/2747-15#Text" target="_blank">Посилання на офіційне джерело</a>&nbsp;<br><br>Документ 2747-IV, чинний.<br><br>Кодекс закріплює такі основні засади:</p><ul><li>право на звернення до суду та способи судового захисту;</li><li>рівність усіх учасників судового процесу перед законом і судом;</li><li>змагальність сторін;</li><li>гласність судового процесу;</li><li>відкритість інформації щодо справи;</li></ul><p>Даним нормативно-правовим документом керуються всі учасники судового процесу - судді, адвокати, позивачі та відповідачі.&nbsp;<br><br></p><h2 class="">Основні глави, на які треба звернути увагу позивачу</h2><ul><li>Юрисдикція</li><li>Учасники</li><li>Докази</li><li>Строки</li><li>Повістки</li><li>Витрати</li><li>Заява</li><li>Відкриття провадження</li><li>Розгляд</li><li>Закриття</li><li>Спрощене провадження</li><li>Апеляційне провадження</li><li>Касаційне провадження</li><li>Перегляд</li></ul><p>Кодекс дуже великим за змістом, має приблизно 276 сторінок формату А4 і 400 статей. Не все потрібно знати та прочитати, тому що велика частка призначена для судів. Але, Якщо ви вирішили почати процес оскарження, то прочитати все що вказано вище необхідно.&nbsp;<br><br></p>	Стислий огляд одного з основних документів адміністративного права, який регулює судовий процес.	'2747':40 '276':123 '400':128 'iv':41 'а':24 'а4':126 'адвокат':86 'адміністративний':2,32,158 'акт':9 'апеляційний':111 'бездіяльність':16 'ввесь':81,131,152 'великий':118,138 'весь':81,131,152 'визначати':11 'вирішити':146 'витрата':103 'вище':155 'вищий':155 'вказати':154 'влад':19 'влада':19 'все':131,152 'всі':81 'відкриття':105 'відкритість':71 'відповідач':89 'глава':91 'гласність':68 'даний':75 'дані':75 'державний':18 'джерело':38 'доказ':100 'документ':39,79 'дужий':117 'дія':15 'діяти':15 'закон':63 'закриття':108 'закріплювати':44 'засада':47 'засадити':47 'засіб':28 'захист':56 'заява':104 'звернення':50 'звернути':95 'змагальність':66 'зміст':120 'знати':133 'касаційний':113 'керуватися':80 'кодекс':1,43,116,157 'мая':121 'маяти':121 'місцевий':22 'необхідно':156 'нормативний':7,77 'нормативно-правовий':76 'орган':17,21 'оскарження':13,149 'основний':6,46,90 'офіційний':37 'перегляд':115 'повістка':102 'позивач':87,97 'порядок':12 'посилання':35 'потрібно':132 'почати':147 'право':48 'правовий':8,78 'представництво':29 'приблизний':122 'призначений':140 'провадження':106,110,112,114 'процес':61,70,84,148 'прочитати':135,151 'розгляд':107 'рівність':57 'рішення':14 'самоврядування':23 'спосіб':54 'справа':34,74 'спрощений':109 'стаття':129 'стать':129 'сторона':67 'сторінка':124 'строк':26,101 'строки':26,101 'строків':26 'суд':52,65,142 'суддя':85 'судовий':33,55,60,69,83 'судома':65 'судочинство':3,159 'то':150 'том':136 'тома':136 'у':31 'увага':96 'україна':4,160 'учасник':59,82,99 'формат':125 'частка':139 'чинний':42 'щодо':73 'юрисдикція':98 'який':93 'інтерес':30 'інформація':72
amendments-resolution-no-76-27.01.23	en	Amendments to the Resolution of the Cabinet of Ministers on the Reservation of Conscripts No. 27.01.23 No. 76	<div>\r\n  <p class=""><span style="font-weight: normal;">New Changes to the CMU Resolution on Reserving Conscripts No. 27.01.23 No. 76</span></p>\r\n\r\n  <p><a href="https://zakon.rada.gov.ua/laws/show/76-2023-%D0%BF#Text">Link to the resolution</a></p>\r\n\r\n  <p>This resolution defines:</p>\r\n  <ul>\r\n    <li>the procedure for reserving conscripts during mobilization and wartime</li>\r\n    <li>criteria and procedures for identifying enterprises as critically important</li>\r\n  </ul>\r\n\r\n  <h3>Main Changes</h3>\r\n\r\n  <ul>\r\n    <li>Expanded criteria for recognizing enterprises as critically important. Added are legal entities, regardless of organizational-legal form, that guard fuel and energy complex facilities and whose founder, participant (shareholder) is a business company with 100% state-owned shares (directly or indirectly).</li>\r\n    <li>The reservation procedure does not apply to conscripts registered with the Security Service of Ukraine or Ukrainian intelligence agencies.</li>\r\n    <li>The number of conscripted employees in heat energy-related enterprises subject to reservation must not exceed 75% of the total conscripted employees of such enterprises.</li>\r\n  </ul>\r\n</div>\r\n\r\n	Some changes in the criteria for recognizing enterprises as critical. Changes for employees of enterprises related to thermal energy.	'100':76 '27.01.23':11,144 '75':120 '76':13,146 'ad':49 'agenc':102 'amend':129 'appli':89 'busi':73 'cabinet':135 'chang':2,40 'cmu':5 'compani':74 'complex':64 'conscript':9,25,91,106,124,142 'criteria':30,42 'critic':37,47 'defin':20 'direct':81 'employe':107,125 'energi':63,111 'energy-rel':110 'enterpris':35,45,113,128 'entiti':52 'exceed':119 'expand':41 'facil':65 'form':58 'founder':68 'fuel':61 'guard':60 'heat':109 'identifi':34 'import':38,48 'indirect':83 'intellig':101 'legal':51,57 'link':14 'main':39 'minist':137 'mobil':27 'must':117 'new':1 'number':104 'organiz':56 'organizational-leg':55 'own':79 'particip':69 'procedur':22,32,86 'recogn':44 'regardless':53 'regist':92 'relat':112 'reserv':8,24,85,116,140 'resolut':6,17,19,132 'secur':95 'servic':96 'share':80 'sharehold':70 'state':78 'state-own':77 'subject':114 'total':123 'ukrain':98 'ukrainian':100 'wartim':29 'whose':67
using-a-video-recorder	en	Using a Dashcam	<p>In today’s world of rapid vehicle growth and increasing road traffic accidents, more and more drivers are installing dashcams in their cars. This device, though seemingly simple, holds significant legal value. Using a dashcam while driving has become a powerful tool for protecting one’s violated rights, especially in situations where the fault is disputed.<br></p><h2 class="">Dashcam as Evidence in Court</h2><p>One of the main functions of a dashcam is to record real-time events on the road. In the case of an accident or a conflict with other road users, footage from a dashcam can be used as evidence in court or during police proceedings. The video helps establish the sequence of events, vehicle speeds, driver actions, and other important details that may influence the legal assessment of the situation.<br>Ukrainian court practice accepts dashcam footage as admissible evidence, provided it was obtained legally. This means the video must be unedited and authentic. In many cases, such recordings have helped drivers prove their innocence and avoid fines or administrative liability.<br></p><h2 class="">Protection Against Unlawful Actions by Police Officers</h2><p>Sometimes drivers face abuse of authority by law enforcement, such as being stopped without cause or facing fabricated reports. In these cases, a dashcam becomes a key tool for defense. The recording can verify whether the driver actually violated any laws or whether the officer acted improperly.<br>Moreover, the awareness that all actions are being recorded encourages both drivers and police officers to act more responsibly, reducing the likelihood of conflicts on the road.<br></p><h2 class="">Recording Violations by Other Road Users</h2><p>A dashcam not only helps protect the driver but also captures dangerous behavior by others—speeding, running red lights, driving into oncoming traffic, and so on. Drivers can voluntarily submit such footage to the police to assist in holding offenders accountable. These actions not only help improve road safety but also promote legal consciousness and civic responsibility.<br></p><h2 class="">Usefulness in Insurance Disputes</h2><p>Dashcam footage is often crucial in settling insurance claims. Insurance companies usually accept such recordings as valid evidence when assessing the circumstances of an accident. This can speed up investigations, avoid disputes, and ensure fair compensation for damages.<br></p><h2 class="">Legal Aspects of Dashcam Use</h2><p>Using a dashcam must comply with legal regulations, especially regarding personal data protection. While drivers are allowed to film what happens on public roads, publicly sharing footage that includes identifiable individuals without their consent may violate their privacy rights. Therefore, it's important to understand the boundaries of lawful use.</p><h2 class="">Conclusion</h2><p>A dashcam is a vital legal protection tool for drivers. It not only captures an objective view of road events but also serves as an effective means of defending one’s rights in conflict situations. Considering the growing risks on the roads, installing a dashcam is not only advisable but also a necessary step for every responsible driver.</p>	Using a dashcam while driving has become a powerful tool for protecting one’s violated rights.	'abus':183 'accept':136,333 'accid':13,85,345 'account':300 'act':225,243 'action':119,176,232,302 'actual':217 'administr':171 'admiss':140 'advis':463 'allow':380 'also':269,310,436,465 'aspect':360 'assess':129,340 'assist':296 'authent':155 'author':185 'avoid':168,351 'awar':229 'becom':39,204 'behavior':272 'boundari':410 'captur':270,428 'car':23 'case':82,158,201 'caus':194 'circumst':342 'civic':315 'claim':329 'compani':331 'compens':356 'compli':368 'conclus':414 'conflict':88,250,448 'conscious':313 'consent':397 'consid':450 'court':61,103,134 'crucial':325 'damag':358 'danger':271 'dashcam':20,35,57,69,96,137,203,261,321,362,366,416,459,475 'data':375 'defend':443 'defens':209 'detail':123 'devic':25 'disput':56,320,352 'drive':37,279 'driver':17,118,163,181,216,238,267,286,378,424,472 'effect':440 'encourag':236 'enforc':188 'ensur':354 'especi':49,372 'establish':111 'event':76,115,434 'everi':470 'evid':59,101,141,338 'fabric':197 'face':182,196 'fair':355 'fault':54 'film':382 'fine':169 'footag':93,138,291,322,390 'function':66 'grow':452 'growth':8 'happen':384 'help':110,162,264,305 'hold':29,298 'identifi':393 'import':122,406 'improp':226 'improv':306 'includ':392 'increas':10 'individu':394 'influenc':126 'innoc':166 'instal':19,457 'insur':319,328,330 'investig':350 'key':206 'law':187,220,412 'legal':31,128,146,312,359,370,420 'liabil':172 'light':278 'likelihood':248 'main':65 'mani':157 'may':125,398 'mean':148,441 'moreov':227 'must':151,367 'necessari':467 'object':430 'obtain':145 'offend':299 'offic':179,224,241 'often':324 'oncom':281 'one':45,62,444 'other':274 'person':374 'polic':106,178,240,294 'power':41 'practic':135 'privaci':401 'proceed':107 'promot':311 'protect':44,173,265,376,421 'prove':164 'provid':142 'public':386,388 'rapid':6 'real':74 'real-tim':73 'record':72,160,211,235,254,335 'red':277 'reduc':246 'regard':373 'regul':371 'report':198 'respons':245,316,471 'right':48,402,446 'risk':453 'road':11,79,91,253,258,307,387,433,456 'run':276 'safeti':308 'seem':27 'sequenc':113 'serv':437 'settl':327 'share':389 'signific':30 'simpl':28 'situat':51,132,449 'sometim':180 'speed':117,275,348 'step':468 'stop':192 'submit':289 'therefor':403 'though':26 'time':75 'today':2 'tool':42,207,422 'traffic':12,282 'ukrainian':133 'understand':408 'unedit':153 'unlaw':175 'use':33,99,317,363,364,413,473 'user':92,259 'usual':332 'valid':337 'valu':32 'vehicl':7,116 'verifi':213 'video':109,150 'view':431 'violat':47,218,255,399 'vital':419 'voluntarili':288 'whether':214,222 'without':193,395 'world':4
сircumstances-that-are-not-a-valid-reason-for-missing-a-procedural-deadline	en	Circumstances that are not a valid reason for missing a procedural deadline	 <p>Let us consider the concept of a circumstance that <strong>may or may not be recognized</strong> as a valid reason for missing a procedural deadline.</p>\r\n\r\n  <p><a href="https://reyestr.court.gov.ua/Review/126803587" target="_blank">Reference to the decision</a></p>\r\n\r\n  <p>\r\n    The provisions of the <strong>Code of Administrative Procedure of Ukraine</strong> do not contain a closed list of valid reasons for restoring a missed procedural deadline.\r\n    Each case is assessed individually, taking into account the specific circumstances.\r\n    In other words, the concept of <em>"valid reasons for missing a deadline"</em> is evaluative in nature and is decided at the discretion of the court.\r\n  </p>\r\n\r\n  <p>\r\n    If a person was unaware of a violation of their rights but, from a certain point in time, <strong>should have become aware of it</strong>,\r\n    the procedural period begins from that moment.\r\n    The law is based not only on the person's actual awareness of the violation but also on their <strong>objective ability</strong> to be aware of such a fact.\r\n    Comparing the wording <em>"became aware"</em> and <em>"should have become aware"</em> suggests a presumption of a person's duty to know the status of their rights.\r\n  </p>\r\n\r\n  <p>\r\n    To determine whether the person could and should have known about the violation,\r\n    the court must establish facts that clearly demonstrate a high and sufficient likelihood that the person was or could reasonably be expected to be informed.\r\n    Only then can the missed deadline be deemed to have valid reasons.\r\n  </p>\r\n\r\n  <h2>Conclusion</h2>\r\n  <p>\r\n    The Grand Chamber of the Supreme Court concluded that a person's <strong>subjective understanding</strong> of the legal consequences of an act,\r\n    as well as <strong>ignorance due to indifference to one’s rights</strong> or an intentional avoidance of information,\r\n    <strong>cannot be considered objective reasons</strong> preventing timely recourse to the court.\r\n    Therefore, an incorrect belief that no rights were violated over an extended period\r\n    <strong>does not justify passive behavior</strong> or procedural inaction on the part of the plaintiff.\r\n  </p>	The Grand Chamber of the Supreme Court Provided a Legal Assessment of a Circumstance That Cannot Be Considered a Valid Reason for Missing a Procedural Deadline	'abil':141 'account':61 'act':245 'actual':131 'administr':35 'also':137 'assess':57 'avoid':260 'awar':111,132,144,153,158 'base':124 'becam':152 'becom':110,157 'begin':117 'behavior':291 'belief':277 'cannot':263 'case':55 'certain':104 'chamber':227 'circumst':8,64,301 'clear':193 'close':43 'code':33 'compar':149 'concept':5,69 'conclud':232 'conclus':224 'consequ':242 'consid':3,265 'contain':41 'could':179,205 'court':89,188,231,273 'deadlin':24,53,76,217,312 'decid':83 'decis':28 'deem':219 'demonstr':194 'determin':175 'discret':86 'due':250 'duti':166 'establish':190 'evalu':78 'expect':208 'extend':285 'fact':148,191 'grand':226 'high':196 'ignor':249 'inact':294 'incorrect':276 'indiffer':252 'individu':58 'inform':211,262 'intent':259 'justifi':289 'know':168 'known':183 'law':122 'legal':241 'let':1 'likelihood':199 'list':44 'may':10,12 'miss':21,51,74,216,309 'moment':120 'must':189 'natur':80 'object':140,266 'one':254 'part':297 'passiv':290 'period':116,286 'person':92,129,164,178,202,235 'plaintiff':300 'point':105 'presumpt':161 'prevent':268 'procedur':23,36,52,115,293,311 'provis':30 'reason':19,47,72,206,223,267,307 'recogn':15 'recours':270 'refer':25 'restor':49 'right':100,173,256,280 'specif':63 'status':170 'subject':237 'suffici':198 'suggest':159 'suprem':230 'take':59 'therefor':274 'time':107,269 'ukrain':38 'unawar':94 'understand':238 'us':2 'valid':18,46,71,222,306 'violat':97,135,186,282 'well':247 'whether':176 'word':67,151
laws-and-regulations-governing-the-field-of-military-law	en	Laws and regulations governing the field of military law	<p>Military law is an essential part of the national legal system, which defines the legal foundations of the activities of the Armed Forces of Ukraine and other military formations. Its purpose is to ensure the effective defense of the state, the observance of legal order in the Armed Forces, as well as the rights and duties of military personnel.</p>\r\n\r\n<h2>Main Sources of Military Law</h2>\r\n\r\n<p>The key legislative acts regulating the field of military law include:</p>\r\n\r\n<ul>\r\n  <li><em>The Constitution of Ukraine</em> — establishes the basic principles of state defense, the legal status of the Armed Forces, and the obligation of citizens to defend the homeland.</li>\r\n  <li><em>The Law of Ukraine "On the Defense of Ukraine"</em> — defines the legal basis of defense, the procedure for its organization, and the tasks of the Armed Forces of Ukraine.</li>\r\n  <li><em>The Law of Ukraine "On the Armed Forces of Ukraine"</em> — determines the structure, functions, powers, and operational procedures of the Armed Forces.</li>\r\n  <li><em>The Law of Ukraine "On Military Duty and Military Service"</em> — regulates conscription, military service, benefits, and social guarantees for military personnel.</li>\r\n  <li><em>The Criminal Code of Ukraine</em> — contains a section on military crimes, including responsibility for violations of military discipline, desertion, insubordination, and other offenses.</li>\r\n</ul>\r\n\r\n<h2>Subordinate Regulatory Acts</h2>\r\n\r\n<p>In addition to laws, decrees of the President of Ukraine, resolutions of the Cabinet of Ministers, and orders of the Ministry of Defense and the General Staff of the Armed Forces play an important role. They detail legal provisions and regulate practical aspects of military service.</p>\r\n\r\n<p>For example, orders of the Ministry of Defense define:</p>\r\n\r\n<ul>\r\n  <li>the procedure for military service;</li>\r\n  <li>requirements for military uniforms and insignia;</li>\r\n  <li>internal rules in military units;</li>\r\n  <li>mobilization procedures and reservist training.</li>\r\n</ul>\r\n\r\n<h2>International Humanitarian Law</h2>\r\n\r\n<p>An important component of military law is international treaties, in particular the 1949 Geneva Conventions and their Additional Protocols. They regulate the rules of warfare, the protection of civilians, the wounded, and prisoners of war. Ukraine is a party to these international treaties, and their provisions take precedence over national legislation in case of conflict.</p>\r\n\r\n<h2>Judicial Practice and Interpretation</h2>\r\n\r\n<p>Judicial practice, especially the decisions of the Constitutional Court of Ukraine and the Supreme Court, plays a significant role in forming and clarifying military law norms. They provide legal interpretations regarding the application of laws in specific situations, such as mobilization, discharge from military service, and the liability of military personnel.</p>\r\n\r\n<h2>Conclusion</h2>\r\n\r\n<p>The field of military law in Ukraine is governed by a set of laws, subordinate acts, and international treaties. It is dynamic and requires continuous updates in response to changes in security and defense. A clear and effective legal framework ensures the combat readiness of the army, the protection of the rights of service members, and the safeguarding of national interests.</p>\r\n	An introductory article on the topic of military law will introduce the reader to the main regulatory and legal documents in this area.	'1949':292 'act':68,200,406 'activ':19 'addit':202,297 'applic':371 'arm':22,48,92,128,138,152,230 'armi':437 'aspect':243 'basi':115 'basic':82 'benefit':168 'cabinet':214 'case':332 'chang':420 'citizen':98 'civilian':308 'clarifi':361 'clear':426 'code':177 'combat':433 'compon':282 'conclus':390 'conflict':334 'conscript':165 'constitut':77,346 'contain':180 'continu':415 'convent':294 'court':347,353 'crime':185 'crimin':176 'decis':343 'decre':205 'defend':100 'defens':37,86,109,117,223,254,424 'defin':13,112,255 'desert':193 'detail':237 'determin':142 'discharg':380 'disciplin':192 'duti':56,160 'dynam':412 'effect':36,428 'ensur':34,431 'especi':341 'essenti':5 'establish':80 'exampl':248 'field':71,392,457 'forc':23,49,93,129,139,153,231 'form':359 'format':29 'foundat':16 'framework':430 'function':145 'general':226 'geneva':293 'govern':399,455 'guarante':171 'homeland':102 'humanitarian':278 'import':234,281 'includ':75,186 'insignia':266 'insubordin':194 'interest':451 'intern':267,277,287,321,408 'interpret':338,368 'judici':335,339 'key':66 'law':2,64,74,104,133,155,204,279,285,363,373,395,404,452,460 'legal':10,15,44,88,114,238,367,429 'legisl':67,330 'liabil':386 'main':60 'member':445 'militari':1,28,58,63,73,159,162,166,173,184,191,245,259,263,270,284,362,382,388,394,459 'minist':216 'ministri':221,252 'mobil':272,379 'nation':9,329,450 'norm':364 'oblig':96 'observ':42 'offens':197 'oper':148 'order':45,218,249 'organ':122 'part':6 'parti':318 'particular':290 'personnel':59,174,389 'play':232,354 'power':146 'practic':242,336,340 'preced':327 'presid':208 'principl':83 'prison':312 'procedur':119,149,257,273 'protect':306,439 'protocol':298 'provid':366 'provis':239,325 'purpos':31 'readi':434 'regard':369 'regul':69,164,241,300,454 'regulatori':199 'requir':261,414 'reservist':275 'resolut':211 'respons':187,418 'right':54,442 'role':235,357 'rule':268,302 'safeguard':448 'section':182 'secur':422 'servic':163,167,246,260,383,444 'set':402 'signific':356 'situat':376 'social':170 'sourc':61 'specif':375 'staff':227 'state':40,85 'status':89 'structur':144 'subordin':198,405 'suprem':352 'system':11 'take':326 'task':125 'train':276 'treati':288,322,409 'ukrain':25,79,106,111,131,135,141,157,179,210,315,349,397 'uniform':264 'unit':271 'updat':416 'violat':189 'war':314 'warfar':304 'well':51 'wound':310
laws-and-regulations-governing-the-field-of-military-law	uk	Закони та нормативно-правові акти, які регулюють сферу військового права	<p>Військове право є важливою складовою системи національного законодавства, яка визначає правові засади діяльності Збройних Сил України та інших військових формувань. Його мета — забезпечити ефективну оборону держави, дотримання правового порядку у Збройних Силах, а також прав та обов’язків військовослужбовців.</p>\r\n\r\n<h2>Основні джерела військового права</h2>\r\n\r\n<p>До ключових законодавчих актів, які регулюють сферу військового права, належать:</p>\r\n\r\n<ul>\r\n  <li><em>Конституція України</em> — закріплює основні засади оборони держави, правовий статус Збройних Сил та обов’язок громадян щодо захисту Вітчизни.</li>\r\n  <li><em>Закон України «Про оборону України»</em> — визначає правові основи оборони, порядок її організації, завдання Збройних Сил України.</li>\r\n  <li><em>Закон України «Про Збройні Сили України»</em> — встановлює структуру, функції, повноваження та порядок діяльності Збройних Сил.</li>\r\n  <li><em>Закон України «Про військовий обов’язок і військову службу»</em> — регулює призов, проходження служби, пільги та соціальні гарантії військовослужбовців.</li>\r\n  <li><em>Кримінальний кодекс України</em> — містить розділ про військові злочини, які передбачають відповідальність за порушення військової дисципліни, дезертирство, непокору та інші правопорушення.</li>\r\n</ul>\r\n\r\n<h2>Підзаконні нормативно-правові акти</h2>\r\n\r\n<p>Окрім законів, у військовій сфері важливу роль відіграють укази Президента України, постанови Кабінету Міністрів, накази Міністерства оборони та Генерального штабу ЗСУ. Вони деталізують норми законів і регулюють практичні аспекти військової служби.</p>\r\n\r\n<p>Наприклад, накази Міністерства оборони визначають:</p>\r\n\r\n<ul>\r\n  <li>порядок проходження військової служби;</li>\r\n  <li>вимоги до військової форми та відзнак;</li>\r\n  <li>внутрішній розпорядок у військових частинах;</li>\r\n  <li>питання мобілізації та підготовки резервістів.</li>\r\n</ul>\r\n\r\n<h2>Міжнародне гуманітарне право</h2>\r\n\r\n<p>Важливою складовою військового права є міжнародні договори, зокрема Женевські конвенції 1949 року та додаткові протоколи до них. Вони регулюють правила ведення війни, захист цивільного населення, поранених та військовополонених. Україна є стороною цих міжнародних договорів, і відповідні норми мають пріоритет перед національним законодавством у разі суперечностей.</p>\r\n\r\n<h2>Судова практика та тлумачення</h2>\r\n\r\n<p>Судова практика, зокрема рішення Конституційного Суду України та Верховного Суду, відіграє важливу роль у формуванні та уточненні норм військового права. Вони надають юридичні роз’яснення щодо застосування законів у конкретних ситуаціях, зокрема щодо мобілізації, звільнення з військової служби та відповідальності військовослужбовців.</p>\r\n\r\n<h2>Висновок</h2>\r\n\r\n<p>Сфера військового права в Україні регулюється комплексом законів, підзаконних актів та міжнародних договорів. Вона має динамічний характер і потребує постійного оновлення в умовах змін у сфері безпеки та оборони. Чітка та ефективна правова база є запорукою боєздатності армії, дотримання прав військовослужбовців і захисту національних інтересів.</p>\r\n	Ввідна стаття на тему військового права познайомить читача з основними нормативно-правовими документами у цій сфері.	'1949':215 'а':33 'акт':47,145,305,346 'армія':333 'аспект':174 'база':329 'безпека':322 'боєздатність':332 'важливий':4,151,205,265 'ведення':225 'верховний':262 'визначати':10,77,181 'вимога':186 'висновок':295 'внутрішній':192 'вон':309 'встановлювати':94 'відзнака':191 'відповідальність':131,293 'відповідний':240 'відігравати':153,264 'відіграти':153,264 'війна':226 'війнути':226 'військовий':1,19,42,51,106,110,127,134,149,175,184,188,195,207,272,290,297,350 'військовополонений':232 'військовослужбовець':39,120,294,336 'вітчизна':71 'гарантія':119 'генеральний':164 'громадянин':68 'гуманітарний':203 'дезертирство':136 'держава':26,60 'деталізувати':168 'джерело':41 'динамічний':311 'дисципліна':135 'договорити':211 'договір':211,238,308 'додатковий':218 'додаток':218 'дотримання':27,334 'діяльність':13,100 'ефективний':24,327 'женевський':213 'забезпечити':23 'завдання':84 'закон':72,88,103,147,170,281,303,341 'законодавство':8,246 'законодавчий':46 'закріплювати':56 'запорука':331 'засада':12,58 'засадити':12,58 'застосування':280 'захист':70,227,338 'збройний':14,31,63,85,91,101 'звільнення':288 'злочин':128 'зміна':319 'зокрема':212,256,285 'зсу':166 'кабінет':158 'ключовий':45 'кодекс':122 'комплекс':302 'конвенція':214 'конкретний':283 'конституційний':258 'конституція':54 'кримінальний':121 'мая':310 'маяти':242,310 'мета':22 'мобілізація':198,287 'міжнародний':202,210,237,307 'міністерство':161,179 'міністр':159 'міністрів':159 'містити':124 'надавати':275 'наказ':160,178 'належати':53 'наприклад':177 'населення':229 'національний':7,245,339 'непокора':137 'них':221 'норма':169,241,271 'нормативний':143,344 'нормативно-правовий':142,343 'обов':37,66,107 'оборона':25,59,75,80,162,180,324 'оборонити':59,80,162,180,324 'окрім':146 'оновлення':316 'організація':83 'основа':79 'основний':40,57 'передбачати':130 'питання':197 'повноваження':97 'поранений':230 'порушення':133 'порядок':29,81,99,182 'постанова':157 'постановити':157 'постійне':315 'постійний':315 'потребувати':314 'правий':43,52,208,273,298,351 'правило':224 'правити':35,224,335 'право':2,35,43,52,204,208,273,298,335,351 'правовий':11,28,61,78,144,328,345 'правопорушення':140 'практик':251,255 'практика':251,255 'практичний':173 'прати':35,335 'президент':155 'призов':113 'протокол':219 'проходження':114,183 'пріоритет':243 'підготовка':200 'підзаконний':141,304 'пільга':116 'регулювати':49,112,172,223,348 'регулюватися':301 'резервіст':201 'роза':277 'розділ':125 'розпорядок':193 'рок':216 'роль':152,266 'рік':216 'рішення':257 'сила':15,32,64,86,92,102 'система':6 'ситуація':284 'складова':5,206 'складовий':5,206 'служба':111,115,176,185,291 'соціальний':118 'статус':62 'сторона':235 'структура':95 'суд':259,263 'судовий':250,254 'суперечність':249 'сфера':50,150,296,321,349 'тлумачення':253 'у':30,148,194,247,267,282,320 'указ':154 'україна':16,55,73,76,87,89,93,104,123,156,233,260,300 'умова':318 'уточнення':270 'форма':189 'формування':20,268 'функція':96 'характер':312 'цивільний':228 'частина':196 'чіткий':325 'штаб':165 'штаба':165 'щодо':69,279,286 'юридичний':276 'язків':38 'язок':67,108 'як':9 'який':9,48,129,347 'яснення':278 'інтерес':340 'інші':18,139
document-verification-for-drivers	uk	Перевірка документі у водіїв транспортних засобів	<h2>Перевірка документів у водіїв працівниками поліції: оновлені вимоги та процедури</h2>\r\n<p>З початку 2024 року в Україні набули чинності важливі зміни до законодавства, що стосуються перевірки документів у водіїв транспортних засобів. Відповідні правки до Закону України «Про Національну поліцію» були внесені для підвищення безпеки на дорогах, зниження рівня правопорушень та вдосконалення процедури взаємодії водіїв із поліцейськими під час дорожніх перевірок.</p>\r\n<h3>Основні причини для перевірки документів</h3>\r\n<ul>Перевірка документів водіїв є однією з важливих функцій Національної поліції, що виконується з метою підтримання громадської безпеки та порядку на дорогах. Закон передбачає, що поліцейські мають право зупиняти транспортні засоби та вимагати у водіїв пред'явлення документів у таких випадках:\r\n    <li>Порушення правил дорожнього руху (ПДР). Це найбільш поширена причина зупинки автомобілів. Якщо водій порушує встановлені правила, поліцейський має право вимагати пред'явити посвідчення водія, реєстраційні документи на транспортний засіб та страхові поліси.</li>\r\n    <li>Виникнення підозри щодо технічної несправності транспортного засобу. Якщо автомобіль виглядає несправним або створює небезпеку для інших учасників руху, поліцейський може зупинити транспорт для перевірки технічного стану та документів.</li>\r\n    <li>Проведення спеціальних заходів. Національна поліція має право перевіряти документи у водіїв у рамках спеціальних операцій, наприклад, пошуку викрадених автомобілів або злочинців.</li>\r\n    <li>Підозра у вчиненні кримінального правопорушення. Якщо водія або пасажирів підозрюють у причетності до кримінального правопорушення, поліцейський може вимагати документи для підтвердження їх особи та законності використання транспортного засобу.</li>\r\n    <li>Стан алкогольного або наркотичного сп'яніння. Якщо у поліцейського є підстави вважати, що водій перебуває у стані сп'яніння, його можуть зупинити для перевірки документів та направлення на медичний огляд.</li>\r\n</ul>\r\n<h3>Документи, які необхідно пред'являти водіям</h3>\r\n<ul>Закон визначає перелік документів, які водій зобов'язаний мати при собі та пред'являти на вимогу поліцейських:\r\n    <li>Посвідчення водія відповідної категорії.</li>\r\n    <li>Свідоцтво про реєстрацію транспортного засобу.</li>\r\n    <li>Поліс обов'язкового страхування цивільно-правової відповідальності власників транспортних засобів (ОСЦПВ).</li>\r\n    <li>Для водіїв комерційних транспортних засобів додатково потрібно мати документи, що підтверджують дозвіл на здійснення перевезень.</li>\r\n</ul>\r\n<h3>Процедура перевірки</h3>\r\n<p>Згідно з оновленими нормами закону, поліцейський зобов'язаний здійснювати перевірку документів виключно в рамках своїх повноважень та у відповідності до встановлених процедур. Під час зупинки транспортного засобу поліцейський повинен представитися, назвати свою посаду та причину зупинки. Водій, у свою чергу, має право знати, чому його зупинили, і може попросити пояснення причин перевірки документів.</p>\r\n<p>Поліцейський не має права вимагати у водія документи без пояснення причини зупинки або за відсутності законних підстав для перевірки. Крім того, водій має право фіксувати дії поліцейських за допомогою відео- або аудіозапису, що допомагає забезпечити прозорість та дотримання прав усіх учасників дорожнього руху.</p>\r\n<h3>Відмова від пред'явлення документів та її наслідки</h3>\r\n<p>Відмова водія від пред'явлення документів поліцейським розглядається як адміністративне правопорушення, яке може мати серйозні наслідки. Відповідно до Кодексу України про адміністративні правопорушення, водію, який відмовився пред'явити документи на вимогу поліцейського, може бути винесено штраф або навіть тимчасове позбавлення права керування транспортним засобом.</p>\r\n<p>Крім того, спроба втечі від поліцейських або відмова від виконання їх законних вимог може призвести до більш серйозних правових наслідків, включно із затриманням або притягненням до відповідальності за опір правоохоронцям.</p>\r\n<h3>Права та обов'язки водіїв під час перевірки документів</h3>\r\n<ul>Водій має ряд прав під час перевірки документів:\r\n    <li>Знати причину зупинки та мету перевірки.</li>\r\n    <li>Вимагати пред'явлення службового посвідчення поліцейського.</li>\r\n    <li>Фіксувати взаємодію з поліцейськими на відео чи аудіо.</li>\r\n    <li>Оскаржити дії поліцейських у разі порушення їхніх повноважень.</li>\r\n</ul>\r\n<ul>Водночас водій зобов'язаний:\r\n<li>Надавати документи на вимогу поліцейського.</li>\r\n    <li>Дотримуватися законних вимог правоохоронців.</li>\r\n    <li>Не порушувати громадський порядок та не перешкоджати виконанню службових обов'язків поліцейських.</li>\r\n</ul>\r\n<h3>Нові технології у перевірці документів</h3>\r\n<p>Із впровадженням цифрових технологій Національна поліція дедалі частіше використовує електронні засоби перевірки документів. Водії можуть пред'являти документи у вигляді цифрових копій через додаток «Дія». Це значно спрощує процес перевірки, оскільки дозволяє зберігати всі необхідні документи в електронному вигляді та швидко надавати їх на вимогу поліцейських.</p>\r\n<h3>Висновок</h3>\r\n<p>Оновлені правила перевірки документів у водіїв, введені в Україні, спрямовані на підвищення безпеки на дорогах та забезпечення належного контролю за дотриманням правил дорожнього руху. Водії повинні знати свої права та обов'язки, а також дотримуватися законних вимог поліцейських, щоб уникнути непорозумінь та правових наслідків під час перевірок.</p>	З початку 2024 року в Україні набули чинності важливі зміни до законодавства в сфері перевірки документів у водіїв працівниками поліції: оновлені вимоги та процедури	'2024':13 'а':637 'автомобіль':115,145,183 'адміністративний':418,430 'алкогольний':215 'аудіо':519 'аудіозапис':389 'безпека':43,81,617 'бута':442 'важливий':19,71 'вважати':225 'введений':611 'ввесь':591 'вдосконалення':50 'весь':591 'взаємодія':52,513 'взаємодіяти':513 'вигляд':577,596 'виглядати':146 'визначати':251 'виключний':316 'виконання':462,548 'виконуватися':76 'використання':211 'використовувати':566 'викрадений':182 'вимагати':96,124,203,362,506 'вимога':8,265,439,465,535,539,602,641 'винести':443 'виникнення':137 'випадок':104 'висновок':604 'включно':473 'власник':284 'внесений':40 'водночас':528 'водій':4,28,53,67,98,117,128,175,192,227,249,255,268,289,341,364,379,410,432,487,492,529,571,610,629,655 'впровадження':559 'встановлений':119,325 'всі':591 'втеча':456 'вчинення':188 'відео':387,517 'відмова':401,409,460 'відмовитися':434 'відповідальність':283,479 'відповідний':31,269 'відповідно':425 'відповідність':323 'відсутність':372 'громадський':80,543 'дедал':564 'дедалі':564 'додатковий':293 'додаток':581 'дозволяти':589 'дозвіл':299 'документ':2,26,64,66,101,130,164,173,204,238,244,253,296,315,357,365,405,414,437,491,499,533,557,570,575,593,608,653 'допомагати':391 'допомога':386 'дорога':45,85,619 'дорожній':58,107,399,627 'дотримання':395,625 'дотримуватися':537,639 'дія':383,521,582 'електронний':567,595 'забезпечення':621 'забезпечити':392 'закон':34,86,250,309 'законний':373,464,538,640 'законність':210 'законодавство':22 'засіб':30,94,133,143,213,275,286,292,331,452,568,657 'затримання':475 'захід':167 'зберігати':590 'згідний':305 'здійснення':301 'здійснювати':313 'злочинець':185 'зміна':20 'змінити':20 'знати':347,500,631 'значний':584 'зниження':46 'зобов':256,311,530 'зупинити':157,235,350 'зупинка':114,329,340,369,502 'зупиняти':92 'категорія':270 'керування':450 'кодекс':427 'комерційний':290 'контроль':623 'копія':579 'кримінальний':189,199 'мат':258,295,422 'мата':258,295,422 'мая':122,170,345,360,380,493 'маяти':90,122,170,345,360,380,493 'медичний':242 'мести':504 'мета':78,504 'можуть':234,572 'набути':17 'надавати':532,599 'назвати':335 'найбільш':111 'належне':622 'належний':622 'направлення':240 'наприклад':180 'наркотичний':217 'наслідок':408,424,472,648 'національний':37,73,168,562 'небезпека':150 'необхідний':592 'необхідно':246 'непорозуміння':645 'несправний':147 'несправність':141 'новий':553 'норма':308 'обов':277,485,550,635 'огляд':243 'один':69 'оновлений':7,307,605 'операція':179 'опір':481 'оскаржити':520 'оскільки':588 'основний':60 'особа':208 'осцпв':287 'пасажир':194 'пдр':109 'перебувати':228 'перевезення':302 'перевірка':1,25,59,63,65,160,237,304,314,356,376,490,498,505,556,569,587,607,651,652 'перевіряти':172 'передбачати':87 'перелік':252 'перешкоджати':547 'перти':259 'повинен':333 'повинний':630 'повноваження':320,527 'позбавлення':448 'поліс':136,276 'поліцейський':121,155,201,310,332,358 'поліцейським':415 'поліцейськими':55,515 'поліцейських':266,384,458,522,552,603,642 'поліцейського':222,440,511,536 'поліцейські':89 'поліція':6,38,74,169,563 'попросити':353 'порушення':105,525 'порушувати':118,542 'порядок':83,544 'посад':337 'посада':337 'посвідчення':127,267,510 'потрібно':294 'початок':12 'поширений':112 'пошук':181 'пояснення':354,367 'правий':361,449,483,633 'правило':106,120,606,626 'правити':120,396,495,606 'правка':32 'право':91,123,171,346,361,381,396,449,483,495,633 'правовий':282,471,647 'правоохоронець':482,540 'правопорушення':48,190,200,419,431 'прати':396,495 'працівник':5 'пред':99,125,247,262,403,412,435,507,573 'представитися':334 'призвести':467 'притягнення':477 'причетність':197 'причина':61,113,339,355,368,501 'причинити':61,368 'проведення':165 'прозорість':393 'процедура':10,51,303,326 'процес':586 'підвищення':42,616 'підозра':138,186 'підозрювати':195 'підстава':224,374 'підставити':374 'підтвердження':206 'підтверджувати':298 'підтримання':79 'рамка':177,318 'реєстраційний':129 'реєстрація':273 'розглядатися':416 'рок':14 'рух':108,154,400,628 'ряд':494 'рівень':47 'рівня':47 'рік':14 'свідоцтво':271 'свій':319,336,343,632 'серйозний':423,470 'службовий':509,549 'соб':260 'собі':260 'сп':218,231 'спеціальний':166,178 'спроба':455 'спрощувати':585 'спрямований':614 'стан':162,214,230 'станути':162 'стати':162 'створювати':149 'стосуватися':24 'страх':135 'страховий':135 'страхові':135 'страхування':279 'технологія':554,561 'технічний':140,161 'тимчасовий':447 'транспорт':158 'транспортний':29,93,132,142,212,274,285,291,330,451,656 'у':3,27,97,102,174,176,187,196,221,229,322,342,363,523,555,576,609,654 'україна':16,35,428,613 'уникнути':644 'учасник':153,398 'функція':72 'фіксувати':382,512 'цивільний':281 'цивільно-правовий':280 'цифровий':560,578 'час':57,328,489,497,650 'частіше':565 'частіший':565 'черга':344 'чинність':18 'чома':348 'швидко':598 'штраф':444 'щодо':139 'явити':126,436 'явлення':100,404,413,508 'являти':248,263,574 'язаний':257,312,531 'язки':486,636 'язкового':278 'язків':551 'як':417 'який':245,254,420,433 'яніння':219,232 'із':54,474,558 'інші':152 'їхній':526
military-registration-document	en	Military Registration Document: Importance and Features	<p>The military registration document is an official paper confirming a person's enlistment in the Armed Forces of Ukraine or other military formations. It is mandatory for every citizen who is subject to military registration according to Ukrainian legislation.</p>\r\n\r\n<h2>Types of Military Registration Documents</h2>\r\n\r\n<p>The main types of military registration documents include:</p>\r\n\r\n<ul>\r\n  <li>Certificate of registration with the conscription office (for young men aged 17);</li>\r\n  <li>Military ID card (for conscripts);</li>\r\n  <li>Temporary certificate of a conscript (issued while the military ID is being processed);</li>\r\n  <li>Officer certificate (for reserve or retired officers).</li>\r\n</ul>\r\n\r\n<h2>Importance of the Military Document</h2>\r\n\r\n<p>This document serves several key purposes:</p>\r\n\r\n<ul>\r\n  <li>Confirmation of registration for military service;</li>\r\n  <li>Record of military service, rank, and specialty;</li>\r\n  <li>Basis for mobilization or conscription;</li>\r\n  <li>Required for employment, access to certain state services, and border crossing during martial law.</li>\r\n</ul>\r\n\r\n<h2>Who Must Have a Military Registration Document</h2>\r\n\r\n<p>All men aged 17 to 60, as well as women of certain professions (medical, telecommunications, IT, etc.) who are fit for service, are subject to military registration. Therefore, each eligible individual is required to obtain the corresponding document in a timely manner.</p>\r\n\r\n<h2>Receiving and Storing the Document</h2>\r\n\r\n<p>To receive a military registration document, one must visit the Territorial Center of Recruitment and Social Support. Required documents include a passport, tax ID code, photos, medical certificates, and other relevant paperwork.</p>\r\n\r\n<p>The document must be stored in a secure place. In case of loss, it is necessary to immediately notify the authorities, file a report, and request a duplicate. Failure to possess a military registration document may result in administrative penalties.</p>\r\n\r\n<h2>Liability for Absence or Late Updates</h2>\r\n\r\n<p>Current Ukrainian law provides administrative liability for:</p>\r\n\r\n<ul>\r\n  <li>Evasion of military registration;</li>\r\n  <li>Failure to provide updated information (e.g., change of address, marital status, or employment);</li>\r\n  <li>Loss of the document without proper notification.</li>\r\n</ul>\r\n\r\n<h2>Conclusion</h2>\r\n\r\n<p>The military registration document is an essential part of a conscript's legal status. Timely issuance, careful storage, and regular updates help avoid legal issues and ensure proper fulfillment of civic duties. During martial law, the significance of this document increases, as it forms the basis for military registration, mobilization, and national defense.</p>\r\n	An introductory article on the official document confirming a person's military registration in the Armed Forces of Ukraine. It is worth starting with it.	'17':64,143 '60':145 'absenc':261 'access':122 'accord':36 'address':284 'administr':257,269 'age':63,142 'arm':16 'author':239 'avoid':319 'basi':114,342 'border':128 'card':67 'care':313 'case':229 'center':198 'certain':124,151 'certif':53,71,84,214 'chang':282 'citizen':29 'civic':327 'code':211 'conclus':296 'confirm':9,101 'conscript':58,69,74,118,307 'correspond':176 'cross':129 'current':265 'defens':349 'document':4,44,51,94,96,139,177,186,192,205,220,253,292,300,336,352 'duplic':246 'duti':328 'e.g':281 'elig':169 'employ':121,288 'enlist':13 'ensur':323 'essenti':303 'etc':156 'evas':272 'everi':28 'failur':247,276 'featur':355 'file':240 'fit':159 'forc':17 'form':340 'format':23 'fulfil':325 'help':318 'id':66,79,210 'immedi':236 'import':90,353 'includ':52,206 'increas':337 'individu':170 'inform':280 'issu':75,321 'issuanc':312 'key':99 'late':263 'law':132,267,331 'legal':309,320 'legisl':39 'liabil':259,270 'loss':231,289 'main':46 'mandatori':26 'manner':181 'marit':285 'martial':131,330 'may':254 'medic':153,213 'men':62,141 'militari':2,22,34,42,49,65,78,93,105,109,137,165,190,251,274,298,344,350 'mobil':116,346 'must':134,194,221 'nation':348 'necessari':234 'notif':295 'notifi':237 'obtain':174 'offic':59,83,89 'offici':7 'one':193 'paper':8 'paperwork':218 'part':304 'passport':208 'penalti':258 'person':11 'photo':212 'place':227 'possess':249 'process':82 'profess':152 'proper':294,324 'provid':268,278 'purpos':100 'rank':111 'receiv':182,188 'record':107 'recruit':200 'registr':3,35,43,50,55,103,138,166,191,252,275,299,345,351 'regular':316 'relev':217 'report':242 'request':244 'requir':119,172,204 'reserv':86 'result':255 'retir':88 'secur':226 'serv':97 'servic':106,110,126,161 'sever':98 'signific':333 'social':202 'specialti':113 'state':125 'status':286,310 'storag':314 'store':184,223 'subject':32,163 'support':203 'tax':209 'telecommun':154 'temporari':70 'territori':197 'therefor':167 'time':180,311 'type':40,47 'ukrain':19 'ukrainian':38,266 'updat':264,279,317 'visit':195 'well':147 'without':293 'women':149 'young':61
amendments-resolution-no-76-27.01.23	uk	Зміни до постанови КМУ щодо бронювання військовозобов'язаних № 27.01.23 № 76	<p>Нові зміни до постанови КМУ щодо бронювання військовозобов'язаних № 27.01.23 № 76</p><p><a href="https://zakon.rada.gov.ua/laws/show/76-2023-%D0%BF#Text" target="_blank">Посилання на постанову</a><br><br>Вказана постанова визначає<br></p><ul><li>порядок бронювання військовозобов’язаних на період мобілізації та на воєнний час.</li><li>критерії та порядок, визначення підприємств, які є критично важливими</li></ul><h2 class="">Основні зміни</h2><p><br>Розширені критерії визнання підприємств, які є критично важливими. До них додані юридичні особи незалежно від організаційно-правової форми, які здійснюють охорону об’єктів паливно-енергетичного комплексу і засновником, учасником (акціонером) яких є господарські товариства, у статутному капіталі яких 100 відсотків акцій (часток) прямо чи опосередковано належать державі.<br><br>Правці порядку бронювання не поширюється на військовозобов’язаних, які перебувають на військовому обліку в СБУ, розвідувальних органах України.<br><br>Встановлена кількість військовозобов’язаних працівників підприємств, що пов'язані з тепловою енергією, які підлягають бронюванню, повинна становити не більше 75 відсотків кількості військовозобов’язаних працівників таких підприємств.</p>	Деякі зміни в критеріях визнання підприємств критично важливими. Зміни для працівників підприємств, що пов'язані з тепловою енергією.	'100':80 '27.01.23':10,142 '75':126 '76':11,143 'акціонер':71 'акція':82 'бронювання':7,19,91,121,139 'більший':125 'важливий':37,47 'визнання':42 'визначати':17 'визначення':32 'вказаний':15 'воєнний':27 'встановлений':107 'відсоток':81,127 'військовий':100 'військовозобов':8,20,95,109,129,140 'господарський':74 'держава':88 'доданий':50 'енергетичний':66 'енергія':118 'засновник':69 'здійснювати':60 'зміна':2,39,134 'змінити':2,39,134 'капітал':78 'кму':5,137 'комплекс':67 'критерій':29,41 'критичний':36,46 'кількість':108,128 'мобілізація':24 'належати':87 'незалежно':53 'них':49 'новий':1 'об':62 'облік':101 'опосередкований':86 'опосередкувати':86 'орган':105 'організаційний':56 'організаційно-правовий':55 'основний':38 'особа':52 'охорона':61 'паливно':65 'паливно-енергетичний':64 'перебувати':98 'період':23 'пов':114 'повинний':122 'порядок':18,31,90 'посилання':12 'постанова':4,14,16,136 'постановити':4,136 'поширюватися':93 'правець':89 'правка':89 'правовий':57 'працівник':111,131 'прямий':84 'підлягати':120 'підприємство':33,43,112,133 'розвідувальний':104 'розширений':40 'сбу':103 'становити':123 'статутний':77 'тепловий':117 'товариство':75 'у':76 'україна':106 'учасник':70 'форма':58 'час':28 'частка':83 'щодо':6,138 'юридичний':51 'язаних':9,21,96,110,130,141 'язані':115 'який':34,44,59,72,79,97,119 'єктів':63
military-registration-document	uk	Військово-обліковий документ: значення та особливості	<p>Військово-обліковий документ — це офіційний документ, що підтверджує взяття особи на військовий облік у Збройних Силах України або інших військових формуваннях. Він є обов’язковим для кожного громадянина, який підлягає військовому обліку згідно з чинним законодавством України.</p>\r\n\r\n<h2>Види військово-облікових документів</h2>\r\n\r\n<p>До основних видів військово-облікових документів належать:</p>\r\n\r\n<ul>\r\n  <li>Посвідчення про приписку до призовної дільниці (для юнаків віком 17 років);</li>\r\n  <li>Військовий квиток (для військовозобов’язаних);</li>\r\n  <li>Тимчасове посвідчення військовозобов’язаного (видається на час оформлення військового квитка);</li>\r\n  <li>Офіцерське посвідчення (для осіб офіцерського складу запасу або у відставці).</li>\r\n</ul>\r\n\r\n<h2>Значення військово-облікового документа</h2>\r\n\r\n<p>Цей документ виконує кілька ключових функцій:</p>\r\n\r\n<ul>\r\n  <li>Підтвердження факту взяття на військовий облік;</li>\r\n  <li>Фіксація основних відомостей про проходження служби, звання, спеціальність;</li>\r\n  <li>Підстава для участі у мобілізації або призові;</li>\r\n  <li>Необхідний документ для працевлаштування, отримання деяких державних послуг, перетину кордону в період воєнного стану тощо.</li>\r\n</ul>\r\n\r\n<h2>Хто зобов’язаний мати військово-обліковий документ</h2>\r\n\r\n<p>Військовому обліку підлягають усі чоловіки віком від 17 до 60 років, а також жінки певних спеціальностей (медичних, телекомунікаційних, ІТ тощо), які придатні до проходження служби. Відповідно, кожна особа зобов’язана отримати відповідний обліковий документ у визначений термін.</p>\r\n\r\n<h2>Отримання та зберігання документа</h2>\r\n\r\n<p>Щоб отримати військово-обліковий документ, необхідно звернутися до територіального центру комплектування та соціальної підтримки (колишнього військкомату). При собі слід мати паспорт, ідентифікаційний код, фотографії, медичні довідки та інші документи, які можуть знадобитися під час оформлення.</p>\r\n\r\n<p>Зберігати документ необхідно у надійному місці. У разі втрати слід негайно повідомити органи ТЦК СП, написати заяву та оформити дублікат. За відсутність військово-облікового документа можуть передбачатися адміністративні санкції.</p>\r\n\r\n<h2>Відповідальність за відсутність або невчасне оновлення</h2>\r\n\r\n<p>Чинне законодавство України передбачає адміністративну відповідальність за:</p>\r\n\r\n<ul>\r\n  <li>Ухилення від взяття на військовий облік;</li>\r\n  <li>Ненадання оновленої інформації про зміну місця проживання, сімейного стану або роботи;</li>\r\n  <li>Втрату документа без належного повідомлення органів обліку.</li>\r\n</ul>\r\n\r\n<h2>Висновки</h2>\r\n\r\n<p>Військово-обліковий документ є важливою складовою правового статусу кожного військовозобов’язаного громадянина. Його своєчасне оформлення, зберігання та оновлення даних дозволяє уникнути юридичних проблем і забезпечує належне виконання обов’язків перед державою. В умовах воєнного стану роль цього документа набуває особливого значення, адже він є підставою для реалізації військового обліку, мобілізації та захисту держави.</p>	Ввідна стаття на тему офіційного документа, що підтверджує взяття особи на військовий облік у Збройних Силах України. Варто почати саме з неї.	'17':61,150 '60':152 'а':154 'адміністративний':248,260 'важливий':293 'взяття':10,101,265 'вид':39,46 'видаватися':72 'визначений':178 'виконання':315 'виконувати':95 'висновок':287 'воєнний':132,322 'втрата':228,280 'відомість':107 'відповідальність':250,261 'відповідний':174 'відповідно':168 'відставка':87 'відсутність':241,252 'військкомат':200 'військовий':13,21,32,63,76,103,143,267,336 'військово':2,41,48,90,140,187,243,289,343 'військово-обліковий':1,139,186,288,342 'військово-облікових':40,47 'військово-облікового':89,242 'військовозобов':66,70,298 'вік':60,148 'віко':60,148 'громадянин':29,300 'даний':307 'дані':307 'держава':319,341 'державний':126 'деякий':125 'довідка':210 'дозволяти':308 'документ':4,7,43,50,92,94,121,142,176,183,189,213,221,245,281,291,326,345 'дублікат':239 'дільниця':57 'жінка':156 'забезпечувати':313 'законодавство':37,257 'запас':84 'запасти':84 'захист':340 'заява':236 'зберігання':182,304 'зберігати':220 'збройний':16 'звання':111 'звернутися':191 'згідний':34 'зміна':273 'знадобитися':216 'значення':88,329,346 'зобов':136,171 'квиток':64,77 'ключовий':97 'код':207 'кода':207 'кожний':28,169,297 'колишній':199 'комплектування':195 'кордон':129 'кілька':96 'мат':138,204 'мата':138,204 'медичний':159,209 'мобілізація':117,338 'можуть':215,246 'місце':225,274 'набувати':327 'надійне':224 'надійний':224 'належати':51 'належне':283,314 'належний':283,314 'написати':235 'невчасний':254 'негайний':230 'ненадання':269 'необхідний':120 'необхідно':190,222 'облік':14,33,104,144,268,286,337 'обліковий':3,42,49,91,141,175,188,244,290,344 'обов':25,316 'оновлений':270 'оновлення':255,306 'орган':232,285 'основний':45,106 'особа':11,81,170 'особливий':328 'особливість':348 'отримання':124,180 'отримати':173,185 'оформити':238 'оформлення':75,219,303 'офіцерський':78,82 'офіційний':6 'паспорт':205 'певний':157 'передбачати':259 'передбачатися':247 'перетин':128 'перти':201 'період':131 'повідомити':231 'повідомлення':284 'посвідчення':52,69,79 'послуга':127 'правовий':295 'працевлаштування':123 'придатний':164 'приз':119 'призовий':119 'призовний':56 'призові':119 'приписка':54 'проблема':311 'проживання':275 'проходження':109,166 'підлягати':31,145 'підстава':113,333 'підтвердження':99 'підтверджувати':9 'підтримка':198 'реалізація':335 'робот':279 'робота':279 'роль':324 'рік':62,153 'санкція':249 'своєчасний':302 'сила':17 'склад':83 'складова':294 'складовий':294 'скласти':83 'служба':110,167 'слід':203,229 'соб':202 'собі':202 'соціальний':197 'сп':234 'спеціальність':112,158 'стан':133,277,323 'станути':133,277,323 'стати':133,277,323 'статус':296 'сімейний':276 'телекомунікаційний':160 'територіальний':193 'термін':179 'тимчасовий':68 'тощо':134,162 'тцк':233 'у':15,86,116,177,223,226 'україна':18,38,258 'умова':321 'уникнути':309 'ус':146 'ухилення':263 'участь':115 'факт':100 'формування':22 'фотографія':208 'функція':98 'фіксація':105 'центр':194 'час':74,218 'чинний':36,256 'чоловік':147 'юнак':59 'юнаки':59 'юнаків':59 'юридичний':310 'язана':172 'язаний':137 'язаних':67 'язаного':71,299 'язковим':26 'язків':317 'який':30,163,214 'ідентифікаційний':206 'інформація':271 'інші':20,212 'іт':161
entering-a-road-with-a-lane-for-route-vehicles	en	Enter a lane designated for public transport vehicles, for the purpose of dropping off a passenger	<p>This article examines a decision by the Supreme Court regarding whether a driver may stop in a public transport lane.<br><br><a href="https://reyestr.court.gov.ua/Review/89793144" target="_blank">Resolution of the Supreme Court of Ukraine in case No. 201/2179/17 (2-a/201/98/2017) administrative proceedings No. K/9901/21595/18</a><br></p><h2 class="">Case Summary</h2><p>On January 31, 2017, police officers issued a resolution against the plaintiff for an administrative offense, holding him liable under Part 3 of Article 122 of the Code of Ukraine on Administrative Offenses and imposing a fine of 510 UAH.<br><br>In February 2017, the plaintiff filed a lawsuit, arguing that the police resolution was unlawful. While his vehicle did stop at the location indicated in the contested resolution, he claims that his driving was proper and did not violate any rules regarding speed or parking. He also stated that the resolution was issued without considering his remarks, explanations, or the specific traffic situation.<br><br>On June 6, 2017, the Zhovtnevyi District Court of Dnipro upheld the plaintiff’s claims.<br><br>On July 20, 2017, the Dnipropetrovsk Administrative Court of Appeal overturned the lower court’s decision and issued a new ruling denying the plaintiff’s claims.<br><br>The plaintiff then appealed to the Supreme Court, requesting the cancellation of the appellate court's decision. He stated that he had entered and stopped on a road with a designated public transport lane separated by a broken line marking, solely for the purpose of dropping off a passenger — which is allowed by the Traffic Rules of Ukraine. Therefore, he believed there was no legal basis for the administrative offense in this case.<br><br>On June 12, 2020, the Supreme Court reviewed the cassation complaint and issued its ruling.<br></p><h2 class="">Supreme Court Conclusion</h2><ul><li>Taking into account paragraph 17.2 of the Traffic Rules of Ukraine, a driver is permitted to enter a public transport lane separated by a broken line marking to drop off a passenger.</li><li>The case materials confirm that the plaintiff was in fact dropping off a passenger in the designated lane.</li><li>The resolution of the appellate administrative court is annulled, and the decision of the first-instance court is upheld.</li></ul>	A driver is allowed to enter a lane designated for public transport vehicles, separated by a broken line marking, for the purpose of dropping off a passenger. The fact of the passenger drop-off must be proven by the case materials.	'12':259 '122':64 '17.2':279 '2':32 '20':160 '201/2179/17':31 '2017':43,82,146,161 '2020':260 '3':61 '31':42 '510':78 '6':145 'a/201/98/2017':33 'account':277 'administr':34,54,71,164,252,330 'allow':235 'also':126 'annul':333 'appeal':167,187 'appel':197,329 'argu':88 'articl':2,63 'basi':249 'believ':244 'broken':221,299 'cancel':194 'case':29,38,256,308 'cassat':266 'claim':109,157,183 'code':67 'complaint':267 'conclus':274 'confirm':310 'consid':134 'contest':106 'court':9,25,150,165,171,191,198,263,273,331,342 'decis':5,173,200,336 'deni':179 'design':214,323,348 'district':149 'dnipro':152 'dnipropetrovsk':163 'drive':112 'driver':13,287 'drop':229,303,317,357 'enter':206,291,345 'examin':3 'explan':137 'fact':316 'februari':81 'file':85 'fine':76 'first':340 'first-inst':339 'hold':56 'impos':74 'indic':103 'instanc':341 'issu':46,132,175,269 'januari':41 'juli':159 'june':144,258 'k/9901/21595/18':37 'lane':20,217,295,324,347 'lawsuit':87 'legal':248 'liabl':58 'line':222,300 'locat':102 'lower':170 'mark':223,301 'materi':309 'may':14 'new':177 'offens':55,72,253 'offic':45 'overturn':168 'paragraph':278 'park':124 'part':60 'passeng':232,306,320,360 'permit':289 'plaintiff':51,84,155,181,185,313 'polic':44,91 'proceed':35 'proper':114 'public':18,215,293,350 'purpos':227,355 'regard':10,121 'remark':136 'request':192 'resolut':21,48,92,107,130,326 'review':264 'road':211 'rule':120,178,239,271,283 'separ':218,296 'situat':142 'sole':224 'specif':140 'speed':122 'state':127,202 'stop':15,99,208 'summari':39 'suprem':8,24,190,262,272 'take':275 'therefor':242 'traffic':141,238,282 'transport':19,216,294,351 'uah':79 'ukrain':27,69,241,285 'unlaw':94 'upheld':153,344 'vehicl':97,352 'violat':118 'whether':11 'without':133 'zhovtnevyi':148
administrative-detention	uk	Адміністративне затримання: правові підстави, строки та особливості	<p>Адміністративне затримання — це примусова доставка особи до правоохоронних органів для встановлення її особи або розгляду правопорушення. Воно відрізняється від кримінального затримання і регулюється Кодексом України про адміністративні правопорушення (КУпАП).</p><div class="important">\r\n        Важливо<strong>:</strong> Поліцейський має чітко пояснити причину затримання та представитися.</div><h2>Правові підстави для адміністративного затримання</h2>\r\n    <p>Затримання можливе лише у випадках, передбачених законом:</p>\r\n    <ul>\r\n        <li>Порушення громадського порядку (бійка, образливе поводження, сп'яніння у громадських місцях — ст. 173-185 КУпАП)</li>\r\n        <li>Порушення ПДР (керування авто у стані сп'яніння, відмова від перевірки — ст. 130-132)</li>\r\n        <li>Невиконання законних вимог поліції (ст. 185-1)</li>\r\n        <li>Підозра у вчиненні адміністративного правопорушення, якщо особа не може надати документи</li>\r\n    </ul>\r\n\r\n    <h2>Строки адміністративного затримання</h2>\r\n    <ul>\r\n        <li>До 3 годин — стандартний термін для встановлення особи та складання протоколу</li>\r\n        <li>До 72 годин — якщо порушення тягне за собою адміністративний арешт (наприклад, дрібне хуліганство)</li>\r\n    </ul>\r\n    <p>Після цього особу або відпускають, або передають до суду.</p>\r\n\r\n    <h2>Права затриманого</h2>\r\n    <ul>\r\n        <li>Отримати інформацію про причину затримання</li>\r\n        <li>Розмовляти рідною мовою (з перекладачем за потреби)</li>\r\n        <li>Повідомити близьким про затримання</li>\r\n        <li>Вимогати адвоката — навіть у випадку адміністративного правопорушення</li>\r\n        <li>Відмовитися від свідчень (ст. 52 Конституції України)</li>\r\n    </ul>\r\n\r\n    <h2>Що робити, якщо затримали?</h2>\r\n    <ul>\r\n        <li>Спокійно вислухати причину та перевірити посвідчення поліцейського</li>\r\n        <li>Не чинити опір — це може кваліфікуватися як непокора (ст. 185 КУпАП)</li>\r\n        <li>Фіксувати подію (аудіо-, відеозапис, свідки)</li>\r\n        <li>Вимагати копію протоколу</li><li>Звернутися до адвоката (навіть якщо порушення дрібне)</li></ul><h2>Порівняння з кримінальним затриманням</h2>\r\n    <table>\r\n        <tbody><tr>\r\n            <th>Критерій</th>\r\n            <th>Адміністративне</th>\r\n            <th>Кримінальне</th>\r\n        </tr>\r\n        <tr>\r\n            <td>Підстава</td>\r\n            <td>Дрібне правопорушення</td>\r\n            <td>Підозра у злочині</td>\r\n        </tr>\r\n        <tr>\r\n            <td>Строк</td>\r\n            <td>До 3–72 годин</td>\r\n            <td>До 72 годин (+ арешт)</td>\r\n        </tr>\r\n        <tr>\r\n            <td>Наслідки</td>\r\n            <td>Штраф, арешт до 15 діб</td>\r\n            <td>Кримінальна відповідальність</td>\r\n        </tr>\r\n    </tbody></table>\r\n\r\n    <h2><br></h2><h2>Як оскаржити незаконне затримання?</h2>\r\n    <ol>\r\n        <li>Подати скаргу до прокуратури або суду (ст. 255 КУпАП)</li>\r\n        <li>Вимагати компенсації за моральну шкоду</li>\r\n        <li>Звернутися до Офісу Омбудсмена або правозахисних організацій</li>\r\n    </ol>\r\n\r\n    <div class="conclusion">\r\n        <h3>Висновок</h3>\r\n        <p>Адміністративне затримання — це не покарання, а засіб забезпечення порядку. Але ним можуть зловживати представники влади для досягнення своєї мети, тому знання своїх прав допомагає захиститися.</p>\r\n    </div>	Стислий перелік інформації, яку потрібно знати і пам'ятати для захисту своїх прав і інтересів.	'-1':86 '-132':79 '-185':64 '130':78 '15':229 '173':63 '185':85,186 '255':244 '3':102,218 '52':163 '72':113,219,222 'а':264 'авто':69 'адвокат':153,198 'адміністративний':1,27,42,90,99,120,157,208,259,284 'арешт':121,224,227 'аудіо':190 'близький':149 'близькі':149 'бійка':54 'важливо':30 'вимагати':193,246 'вимога':82 'вимогати':152 'випадок':48,156 'вислухати':171 'висновок':258 'влад':273 'влада':273 'встановлення':11,107 'вчинення':89 'відеозапис':191 'відмова':74 'відмовитися':159 'відповідальність':232 'відпускати':129 'відрізнятися':18 'година':103,114,220,223 'громадське':52 'громадський':52,60 'доба':230 'документ':97 'допомагати':282 'доставка':5 'досягнення':275 'дрібний':123,202,211 'забезпечення':266 'закон':50 'законний':81 'засіб':265 'затриманий':135 'затримання':2,21,36,43,44,100,140,151,206,236,260,285 'затримати':169 'захиститися':283 'звернутися':196,251 'зловживати':271 'злочин':215 'знання':279 'кваліфікуватися':182 'керування':68 'кодекс':24 'компенсація':247 'конституція':164 'копія':194 'кримінальний':20,205,209,231 'критерій':207 'купап':29,65,187,245 'лише':46 'мая':32 'маяти':32 'мести':277 'мета':277 'мова':143 'можливе':45 'можливий':45 'можуть':270 'моральний':249 'місце':61 'надати':96 'наприклад':122 'наслідок':225 'невиконання':80 'незаконний':235 'непокора':184 'ним':269 'образливий':55 'омбудсмен':254 'опір':179 'орган':9 'організація':257 'оскаржити':234 'особа':6,13,93,108,127 'особливість':290 'отримати':136 'офіс':253 'пдр':67 'перевірити':174 'перевірка':76 'передавати':131 'передбачений':49 'перекладач':145 'поводження':56 'повідомити':148 'подати':237 'подія':189 'подіяти':189 'покарання':263 'поліцейський':31 'поліцейського':176 'поліція':83 'порушення':51,66,116,201 'порядок':53,267 'порівняння':203 'посвідчення':175 'потреба':147 'пояснити':34 'правий':134 'правити':281 'право':134,281 'правовий':39,286 'правозахисний':256 'правоохоронний':8 'правопорушення':16,28,91,158,212 'прати':281 'представитися':38 'представник':272 'примусовий':4 'причина':35,139,172 'прокуратура':240 'протокол':111,195 'підозра':87,213 'підстава':40,210,287 'регулюватися':23 'робити':167 'розгляд':15 'розмовляти':141 'рідний':142 'свідок':192 'свідчення':161 'свій':276,280 'скарга':238 'складання':110 'собою':119 'сп':57,72 'спокійно':170 'ст':62,77,84,162,185,243 'стан':71 'стандартний':104 'строк':98,216,288 'строки':98,288 'суд':133,242 'термін':105 'том':278 'тома':278 'тягнути':117 'тягти':117 'у':47,59,70,88,155,214 'україна':25,165 'фіксувати':188 'хуліганство':124 'чинити':178 'чітко':33 'шкода':250 'штраф':226 'як':183,233 'яніння':58,73 'інформація':137
evidence-in-administrative-offense-cases-key-aspects	uk	Докази по справі про адміністративне правопорушення: ключові аспекти	        <div>\r\n            <h2>Поняття та види доказів</h2>\r\n            <p>Докази – це будь-які фактичні дані, які підтверджують або спростовують обставини, що мають значення для справи. Вони фіксуються у встановленому законом порядку та визначаються процесуальними нормами.</p>\r\n            <ul>\r\n                <li><strong>Протокол про адміністративне правопорушення</strong> – основний документ, який фіксує факт правопорушення.</li>\r\n                <li><strong>Письмові докази</strong> – документи, акти перевірок, звіти тощо.</li>\r\n                <li><strong>Речові докази</strong> – матеріальні об’єкти, пов’язані з правопорушенням.</li>\r\n                <li><strong>Пояснення осіб</strong> – свідчення правопорушника, потерпілих чи свідків.</li>\r\n                <li><strong>Фото-, відео- та аудіоматеріали</strong> – технічні записи, що фіксують обставини правопорушення.</li>\r\n            </ul>\r\n        </div>\r\n        <div>\r\n            <h2>Процес збирання доказів</h2>\r\n            <p>Збирання доказів здійснюється органами, уповноваженими складати протоколи та розглядати справи, такими як Національна поліція, митні служби, екологічні інспекції тощо. Дотримання законності при зборі доказів є ключовою умовою їх допустимості.</p>\r\n        </div>\r\n        <div>\r\n            <h2>Оцінка доказів</h2>\r\n            <p>Згідно зі ст. 252 КУпАП, орган, що розглядає справу, оцінює докази за внутрішнім переконанням, заснованим на повному та об’єктивному дослідженні. Основні принципи оцінки:</p>\r\n            <ul>\r\n                <li><strong>Належність</strong> – доказ повинен мати зв’язок з обставинами справи.</li>\r\n                <li><strong>Допустимість</strong> – доказ має бути отриманий у встановленому порядку.</li>\r\n                <li><strong>Достатність</strong> – сукупність доказів має бути достатньою для прийняття рішення.</li>\r\n            </ul>\r\n        </div>\r\n        <div>\r\n            <h2>Права сторін у справі</h2>\r\n            <p>Особи, які беруть участь у справі, мають право:</p>\r\n            <ul>\r\n                <li>Подавати власні докази.</li>\r\n                <li>Заявляти клопотання про витребування додаткових доказів.</li>\r\n                <li>Знайомитися з матеріалами справи.</li>\r\n            </ul>\r\n        </div>\r\n        <div>\r\n            <h2>Типові проблеми</h2>\r\n            <p>На практиці часто виникають такі проблеми:</p>\r\n            <ul>\r\n                <li>Неправильне складання протоколу.</li>\r\n                <li>Недостатність доказів.</li>\r\n                <li>Оскарження допустимості доказів.</li>\r\n            </ul>\r\n        </div>\r\n        <div>\r\n            <h2>Висновок</h2>\r\n            <p>Докази є основою прийняття рішень у справах про адміністративні правопорушення. Дотримання принципів належності, допустимості та достатності забезпечує законність і обґрунтованість рішень, що сприяє зміцненню правової держави.</p>\r\n        </div>	Докази у справі про адміністративне правопорушення є основним інструментом для встановлення об’єктивної істини та прийняття законного і обґрунтованого рішення.	'252':112 'адміністративний':34,209,231 'акт':45 'аспект':234 'аудіоматеріал':68 'брати':165 'будь':8 'будь-який':7 'бута':145,154 'вид':3 'визначатися':29 'виникати':189 'висновок':200 'витребування':177 'власний':172 'внутрішній':121 'встановлений':25,148 'відео':66 'дан':11 'дана':11 'даний':11 'даня':11 'дані':11 'держава':226 'додатковий':178 'доказ':4,5,43,50,77,79,101,108,119,134,143,152,173,179,196,199,201,227 'документ':37,44 'допустимість':106,142,198,214 'дослідження':129 'достатній':155 'достатність':150,216 'дотримання':97,211 'екологічний':94 'забезпечувати':217 'закон':26 'законність':98,218 'запис':70 'заснований':123 'заявляти':174 'збирання':76,78 'збора':100 'збір':100 'зв':137 'звіт':47 'згідний':109 'здійснюватися':80 'зміцнення':224 'знайомитися':180 'значення':19 'зі':110 'клопотання':175 'ключовий':103,233 'купап':113 'мат':136 'мата':136 'матеріал':182 'матеріальний':51 'мая':144,153 'маяти':18,144,153,169 'митний':92 'належність':133,213 'національний':90 'недостатність':195 'неправильний':192 'норма':31 'об':52,127 'обставина':16,73,140 'обґрунтованість':220 'орган':81,114 'оскарження':197 'основа':203 'основний':36,130 'особа':59,163 'отриманий':146 'оцінка':107,132 'оцінювати':118 'перевірка':46 'переконання':122 'перти':99 'письмовий':42 'пов':54 'повинен':135 'повний':125 'подавати':171 'поліція':91 'поняття':1 'порядок':27,149 'потерпілий':62 'пояснення':58 'правий':159 'право':159,170 'правовий':225 'правопорушення':35,41,57,74,210,232 'правопорушник':61 'практика':187 'прийняття':157,204 'принцип':131,212 'проблема':185,191 'протокол':32,84,194 'процес':75 'процесуальний':30 'підтверджувати':13 'речовий':49 'розглядати':86,116 'рішення':158,205,221 'свідок':64 'свідчення':60 'складання':193 'складати':83 'служба':93 'справа':21,87,117,141,162,168,183,207,229 'сприяти':223 'спростовувати':15 'ст':111 'сторона':160 'сукупність':151 'технічний':69 'тип':184 'типовий':184 'тощо':48,96 'у':24,147,161,167,206 'умова':104 'уповноважений':82 'участь':166 'факт':40 'фактичний':10 'фото':65 'фіксувати':39,72 'фіксуватися':23 'часто':188 'язані':55 'язок':138 'як':89 'який':9,12,38,164 'єкти':53 'єктивному':128 'інспекція':95
code-of-ukraine-on-administrative-offenses	uk	Кодекс України про адміністративні правопорушення	<p>Кодекс України про адміністративні правопорушення — це основний нормативно-правовий акт, який регулює адміністративну відповідальність за правопорушення, що посягають на порядок управління, громадський порядок, власність, права громадян та встановлений порядок управління.</p><p>Документ був прийнятий 7 грудня 1984 року, має номер <i>8073-X</i> і з того часу неодноразово змінювався та доповнювався відповідно до потреб суспільства та розвитку законодавства.</p><p><a href="https://zakon.rada.gov.ua/laws/show/80731-10#Text" target="_blank">Посилання на документ</a>.</p>\r\n\r\n<p>Кодекс складається з преамбули та 5 розділів, які в свою чергу поділяються на глави та статті. Його структура логічно побудована, що дозволяє легко орієнтуватися в положеннях документа.</p>\r\n\r\n<h2>Основні розділи Кодексу</h2>\r\n\r\n<p>Розділ I. Загальні положення — встановлює основи адміністративної відповідальності, поняття адміністративного правопорушення, межі юрисдикції та дії кодексу у часі та просторі.</p>\r\n\r\n<p>Розділ II. Адміністративне правопорушення і адміністративна відповідальність — містить перелік видів адміністративних стягнень, правила їх накладення, а також визначає обставини, що пом’якшують або обтяжують відповідальність.</p>\r\n\r\n<p>Розділ III. Органи (посадові особи), уповноважені розглядати справи — визначає коло органів, які мають право складати протоколи та розглядати справи про адміністративні правопорушення.</p>\r\n\r\n<p>Розділ IV. Провадження в справах про адміністративні правопорушення — регулює порядок складання протоколів, проведення розгляду справ, винесення постанов, оскарження та виконання рішень.</p>\r\n\r\n<p>Розділ V. Особливості провадження у справах окремих категорій — охоплює специфіку розгляду справ щодо неповнолітніх, військовослужбовців, іноземців, а також провадження у справах, пов’язаних із безпекою руху, громадським порядком тощо.</p>\r\n\r\n<h2>Значення Кодексу</h2>\r\n<p>Кодекс України про адміністративні правопорушення відіграє важливу роль у підтриманні публічного порядку, дисципліни та дотриманні правопорядку в державі. Його положення застосовуються у повсякденній роботі органів внутрішніх справ, судів, органів виконавчої влади та інших суб’єктів владних повноважень.</p>\r\n	Вступна оглядова стаття про один з головних документів, які регулюють сферу адміністративного права.	'1984':37 '5':66 '7':35 '8073':41 'ii':112 'iii':137 'iv':159 'v':180 'x':42 'а':126,195 'адміністративний':4,14,97,100,113,116,121,156,164,213,250 'акт':11 'безпека':203 'важливий':216 'вид':120 'визначати':128,144 'виконавчий':239 'виконання':177 'винесення':173 'влад':240 'влада':240 'владний':245 'власність':25 'внутрішній':235 'встановлений':29 'встановлювати':95 'відповідальність':15,98,117,135 'відповідно':51 'відігравати':215 'відіграти':215 'військовослужбовець':193 'глава':74 'громадське':205 'громадський':23,205 'громадянин':27 'грудень':36 'держава':227 'дисципліна':222 'дозволяти':82 'документ':32,60,87 'доповнюватися':50 'дотримання':224 'дія':105 'загальний':93 'законодавство':57 'застосовуватися':230 'змінюватися':48 'значення':208 'категорія':186 'кодекс':1,61,90,106,209,210,247 'коло':145 'легко':83 'логічний':79 'мая':39 'маяти':39,148 'межа':102 'містити':118 'накладення':125 'неодноразовий':47 'неповнолітній':192 'номер':40 'нормативний':9 'нормативно-правовий':8 'обставина':129 'обтяжувати':134 'окремий':185 'орган':138,146,234,238 'орієнтуватися':84 'оскарження':175 'основа':96 'основний':7,88 'особа':140 'особливість':181 'охоплювати':187 'перелік':119 'побудований':80 'пов':200 'повноваження':246 'повсякденний':232 'поділятися':72 'положення':86,94,229 'пом':131 'поняття':99 'порядок':21,24,30,167,206,221 'посад':139 'посадовий':139 'посилання':58 'постанова':174 'посягати':19 'потреба':53 'правий':26 'правило':123 'правити':123 'право':26,149 'правовий':10 'правопорушення':5,17,101,114,157,165,214,251 'правопорядок':225 'преамбула':64 'прийнятий':34 'провадження':160,182,197 'проведення':170 'просторий':110 'простір':110 'протокол':151,169 'публічний':220 'підтримання':219 'регулювати':13,166 'робот':233 'робота':233 'розвиток':56 'розгляд':171,189 'розглядати':142,153 'розділ':67,89,91,111,136,158,179 'розділити':89 'рок':38 'роль':217 'рух':204 'рік':38 'рішення':178 'свій':70 'складання':168 'складати':150 'складатися':62 'специфіка':188 'справа':143,154,162,172,184,190,199,236 'справити':172,190,236 'стаття':76 'структура':78 'стягнення':122 'суб':243 'суд':237 'суспільство':54 'тощо':207 'у':107,183,198,218,231 'україна':2,211,248 'уповноважений':141 'управління':22,31 'час':46,108 'черга':71 'щодо':191 'юрисдикція':103 'язаних':201 'який':12,68,147 'якшують':132 'єктів':244 'із':202 'іноземець':194 'інші':242
extension-of-the-guarantee-of-maintaining-a-servicemans-job	uk	Поширення гарантії щодо збереження місця роботи військовослужбовця	<p><a href="https://reyestr.court.gov.ua/Review/125855203" target="_blank">Рішення суду</a><br></p><h2 class="">Кого стосується</h2><p class="">Рішення стосується працівників, які:</p><ul><li>призвані на строкову військову службу,</li><li>військову службу за призовом осіб офіцерського складу,</li><li>військову службу за призовом під час мобілізації, на особливий період,</li><li>військову службу за призовом осіб із числа резервістів в особливий період</li><li>або прийнятими на військову службу за контрактом, у тому числі шляхом укладення нового контракту на проходження військової служби.</li></ul><p></p><h2 class="">Що зберігається</h2><ul><li>зберігаються місце роботи і посада</li><li>здійснюється виплата грошового забезпечення за рахунок коштів Державного бюджету України відповідно до ЗУ «Про соціальний і правовий захист військовослужбовців та членів їх сімей».</li></ul><p>Тако ж гарантії поширюються:</p><ul><li>працівники, які під час проходження військової служби отримали поранення (інші ушкодження здоров`я) та перебувають на лікуванні у медичних закладах,</li><li>також потрапили у полон,</li><li>визнані безвісно відсутніми.</li></ul><h2 class="">Виключення</h2><ul><li>Служба цивільного захисту,</li><li>особи, винні у вчиненні кримінальних правопорушень проти встановленого порядку несення військової служби</li></ul><p>Дія поширюється під час дії особливого періоду на строк до його закінчення або до дня фактичного звільнення.&nbsp;</p>	За працівниками, призваними на строкову військову службу під час дії особливого періоду на строк до його закінчення зберігаються місце роботи і посада.	'безвісний':119 'бюджет':75 'визнаний':118 'виключення':121 'винний':126 'виплата':68 'встановлений':132 'вчинення':128 'відповідно':77 'відсутній':120 'військовий':12,14,21,31,45,58,99,135 'військовослужбовець':85,160 'гарантія':92,155 'грошовий':69 'день':151 'державний':74 'дія':137,141 'ж':91 'забезпечення':70 'заклад':113 'закінчення':148 'захист':84,124 'збереження':157 'зберігатися':61,62 'звільнення':153 'здоров':105 'здоровити':105 'здійснюватися':67 'зу':79 'кого':3 'контракт':48,55 'кошт':73 'кримінальний':129 'лікування':110 'медичний':112 'мобілізація':27 'місце':63,158 'несення':134 'нове':54 'новий':54 'особа':18,35,125 'особливий':29,40,142 'отримати':101 'офіцерський':19 'перебувати':108 'період':30,41,143 'полон':117 'поранення':102 'порядок':133 'посада':66 'потрапити':115 'поширення':154 'поширюватися':93,138 'правовий':83 'правопорушення':130 'працівник':7,94 'призваний':9 'призовом':17,24,34 'прийнятий':43 'проти':131 'проходження':57,98 'рахунок':72 'резервіст':38 'робот':64,159 'робота':64,159 'рішення':1,5 'склад':20 'скласти':20 'служба':13,15,22,32,46,59,100,122,136 'соціальний':81 'стосуватися':4,6 'строк':145 'строкова':11 'строковий':11 'строків':11 'суд':2 'сім''я':89 'тако':90 'том':50 'тома':50 'у':49,111,116,127 'укладення':53 'україна':76 'ушкодження':104 'фактичний':152 'цивільний':123 'час':26,97,140 'число':37,51 'член':87 'шлях':52 'шляхом':52 'щодо':156 'я':106 'який':8,95 'із':36 'інші':103
evidence-in-administrative-offense-cases-key-aspects	en	Evidence in Administrative Offense Cases: Key Aspects	        <div>\r\n            <h2>Definition and Types of Evidence</h2>\r\n            <p>Evidence is any factual information that confirms or refutes circumstances relevant to a case. It is recorded in accordance with legal procedures and defined by procedural norms.</p>\r\n            <ul>\r\n                <li><strong>Administrative Offense Protocol</strong> – the primary document recording the offense.</li>\r\n                <li><strong>Written Evidence</strong> – documents, inspection reports, records, etc.</li>\r\n                <li><strong>Material Evidence</strong> – physical objects linked to the offense.</li>\r\n                <li><strong>Explanations from Individuals</strong> – testimonies from the offender, victims, or witnesses.</li>\r\n                <li><strong>Photo, Video, and Audio Materials</strong> – technical recordings capturing the circumstances of the offense.</li>\r\n            </ul>\r\n        </div>\r\n        <div>\r\n            <h2>Evidence Collection Process</h2>\r\n            <p>Evidence is collected by authorized bodies, such as the National Police, customs authorities, or environmental inspections. Compliance with legal procedures during evidence collection ensures its admissibility in court.</p>\r\n        </div>\r\n        <div>\r\n            <h2>Evaluation of Evidence</h2>\r\n            <p>Under Article 252 of the Code of Administrative Offenses, evidence is evaluated by the authority reviewing the case based on comprehensive, objective, and thorough consideration. Key principles include:</p>\r\n            <ul>\r\n                <li><strong>Relevance</strong> – evidence must directly relate to the case.</li>\r\n                <li><strong>Admissibility</strong> – evidence must be obtained legally.</li>\r\n                <li><strong>Sufficiency</strong> – the body of evidence must be enough to establish the truth.</li>\r\n            </ul>\r\n        </div>\r\n        <div>\r\n            <h2>Rights of the Parties</h2>\r\n            <p>Parties involved in the case have the right to:</p>\r\n            <ul>\r\n                <li>Submit their own evidence.</li>\r\n                <li>Request additional evidence.</li>\r\n                <li>Review case materials.</li>\r\n            </ul>\r\n        </div>\r\n        <div>\r\n            <h2>Common Challenges</h2>\r\n            <p>Typical issues that arise include:</p>\r\n            <ul>\r\n                <li>Errors in protocol preparation.</li>\r\n                <li>Insufficient evidence.</li>\r\n                <li>Disputes over the admissibility of evidence.</li>\r\n            </ul>\r\n        </div>\r\n        <div>\r\n            <h2>Conclusion</h2>\r\n            <p>Evidence forms the foundation for decisions in administrative offense cases. Adherence to principles of relevance, admissibility, and sufficiency ensures lawful and justified resolutions, contributing to a stronger rule of law.</p>\r\n        </div>	Definition and Types of Evidence, Evidence Collection Process, Evaluation.	'252':116 'accord':24 'addit':186 'adher':221 'administr':33,121,218,243 'admiss':108,150,207,226 'aris':196 'articl':115 'aspect':247 'audio':70 'author':87,95,128 'base':132 'bodi':88,158 'captur':74 'case':19,131,149,176,189,220,245 'challeng':192 'circumst':15,76 'code':119 'collect':81,85,105 'common':191 'complianc':99 'comprehens':134 'conclus':210 'confirm':12 'consider':138 'contribut':234 'court':110 'custom':94 'decis':216 'defin':29 'definit':1 'direct':145 'disput':204 'document':38,44 'enough':163 'ensur':106,229 'environment':97 'error':198 'establish':165 'etc':48 'evalu':111,125 'evid':5,6,43,50,80,83,104,113,123,143,151,160,184,187,203,209,211,241 'explan':57 'factual':9 'form':212 'foundat':214 'includ':141,197 'individu':59 'inform':10 'inspect':45,98 'insuffici':202 'involv':173 'issu':194 'justifi':232 'key':139,246 'law':230,240 'legal':26,101,155 'link':53 'materi':49,71,190 'must':144,152,161 'nation':92 'norm':32 'object':52,135 'obtain':154 'offend':63 'offens':34,41,56,79,122,219,244 'parti':171,172 'photo':67 'physic':51 'polic':93 'prepar':201 'primari':37 'principl':140,223 'procedur':27,31,102 'process':82 'protocol':35,200 'record':22,39,47,73 'refut':14 'relat':146 'relev':16,142,225 'report':46 'request':185 'resolut':233 'review':129,188 'right':168,179 'rule':238 'stronger':237 'submit':181 'suffici':156,228 'technic':72 'testimoni':60 'thorough':137 'truth':167 'type':3 'typic':193 'victim':64 'video':68 'wit':66 'written':42
impossibility-of-judicial-appeal-of-summons-to-appear-at-the-tcr	uk	Неможливість судового оскарження повістки на прибуття до ТЦК	<p>В разі, якщо Ви хочете оскаржити повістку про прибуття до ТЦК в суді, як привід уникнути відповідальності про неприбуття, то ця стаття саме для Вас.</p><h2 class="">Правові засади</h2><p><br>Згідно ч. 7 ст. 1 ЗУ «Про військовий обов`язок і військову службу» ТЦК та СП забезпечують виконання військового обов'язку.<br>Також ч. 3 ст. 22 ЗУ «Про мобілізаційну підготовку та мобілізацію» встановлено, що громадяни зобов'язані прибути до військових частин або на збірні пункти по повістці.<br><br></p><h2 class="">Висновок Верховного суду</h2><ul><li>Виготовлення повістки на прибуття до ТЦК не є рішенням чи дією суб`єкта владних повноважень у розумінні КАС України.</li><li>Повістка не може бути оскаржена в будь-якому суді, тому що цей документ є лише засобом оповіщення особи про необхідність виконати військовий обов`язок відповідно до закону.</li><li>При цьому обов`язок військовозобов`язаної особи з'явитися за викликом до відповідного ТЦК та СП установлений не повісткою, а Законом №2232-XII.</li></ul><p><a href="https://reyestr.court.gov.ua/Review/122522303" target="_blank">Постанова ВС</a></p>	Огляд рішення ВС про можливість оскарження повістки від ТЦК	'1':32 '22':53 '2232':146 '3':51 '7':30 'xii':147 'а':144 'будь':104 'будь-який':103 'бута':100 'верховний':76 'виготовлення':78 'виклик':135 'виконання':45 'виконати':118 'висновок':75 'владний':91 'вс':149 'встановити':60 'відповідальність':17 'відповідний':137 'відповідно':122 'військовий':35,39,46,67,119 'військовозобов':129 'громадянин':62 'документ':110 'дія':88 'забезпечувати':44 'закон':124,145 'засада':27 'засадити':27 'засіб':113 'збірна':71 'збірний':71 'збірня':71 'згідний':28 'зобов':63 'зу':33,54 'кас':95 'каса':95 'лише':112 'мобілізаційний':56 'мобілізація':59 'неможливість':150 'необхідність':117 'неприбуття':19 'обов':36,47,120,127 'оповіщення':114 'оскаржений':101 'оскарження':152 'оскаржити':6 'особа':115,131 'перти':125 'повноваження':92 'повістка':7,74,79,97,143,153 'постанова':148 'правовий':26 'прибути':65 'прибуття':9,81,155 'привід':15 'пункт':72 'підготовка':57 'розуміння':94 'рішення':86 'сам':23 'саме':23 'самий':23 'служба':40 'сп':43,140 'ст':31,52 'стаття':22 'суб':89 'суд':13,77,106 'судовий':151 'то':20 'том':107 'тома':107 'тцк':11,41,83,138,157 'у':93 'україна':96 'уникнути':16 'установлений':141 'хотіти':5 'хочете':5 'ч':29,50 'частина':68 'явитися':133 'язаної':130 'язані':64 'язку':48 'язок':37,121,128 'як':14 'який':105 'єкта':90
grounds-for-stopping-a-vehicle-by-police-officers	uk	Підстави для зупинки транспортного засобу працівниками поліції в Україні	<h2 class="">Законодавче регулювання</h2><p>Питання зупинки транспортних засобів регулюється такими нормативно-правовими актами:<br></p><ul><li>Закон України «Про Національну поліцію» (стаття 35),</li><li>Правила дорожнього руху України (затверджені постановою Кабінету Міністрів України №1306 від 10.10.2001),</li><li>Кодекс України про адміністративні правопорушення,</li><li>Закон України «Про дорожній рух».<br></li></ul><p>Ці документи встановлюють перелік законних підстав, порядок дій поліцейських та права водія при зупинці транспортного засобу.<br><br></p><h2 class="">Підстави для зупинки транспортного засобу</h2><p><br>Згідно зі статтею 35 Закону України «Про Національну поліцію», поліцейський має право зупинити транспортний засіб лише у випадках, прямо передбачених законом. Основні підстави:<br><br></p><h3 class="">Порушення правил дорожнього руху водієм.</h3><p>Якщо поліцейський виявив або має обґрунтовану підозру, що водій порушив ПДР, наприклад, перевищення швидкості, проїзд на червоне світло чи несправність зовнішніх світлових приладів, він має право зупинити транспортний засіб.<br><br></p><h3 class="">Очевидні ознаки технічної несправності транспортного засобу.</h3><p><br>Якщо автомобіль має пошкодження чи поломки, які можуть становити загрозу безпеці дорожнього руху (наприклад, відсутність фари, несправне гальмування), це є підставою для зупинки.<br><br></p><h3 class="">Необхідність опитування водія чи пасажирів як свідків події.</h3><p>Поліцейський може зупинити авто, якщо є потреба встановити свідків дорожньо-транспортної пригоди або іншого правопорушення.<br><br></p><h3 class="">Необхідність залучення водія до надання допомоги іншим учасникам руху чи поліції.</h3><p>Наприклад, коли потрібна евакуація постраждалих або переслідування правопорушника.<br><br></p><h3 class="">Наявність інформації про причетність транспортного засобу або його водія до правопорушення.</h3><p>Якщо автомобіль перебуває в розшуку, за орієнтуванням або є підозра щодо участі у злочині — поліцейський має право його зупинити.<br><br></p><h3 class="">Перевірка документів у зонах особливого режиму руху.</h3><p>Наприклад, у контрольних пунктах, біля держустанов, у зонах проведення антитерористичної операції чи комендантської години.<br><br></p><h3 class="">Контроль за дотриманням режиму перевезень небезпечних, великогабаритних або великовагових вантажів.</h3><p>У разі підозри на порушення таких правил з боку водія, транспортний засіб може бути зупинений для перевірки документів і технічного стану.<br><br></p><h3 class="">Проведення спеціальних операцій або планів перехоплення.</h3><p>У разі оголошення плану типу «Сирена», «Фільтр» тощо, поліцейські можуть зупиняти всі транспортні засоби на визначеній території.<br><br></p><h3 class="">Наявність зовнішніх ознак, що свідчать про можливу участь у кримінальному правопорушенні.</h3><p>Наприклад, сліди крові, пошкодження автомобіля, агресивна поведінка водія чи пасажирів.<br><br></p><h3 class="">Здійснення габаритно-вагового контролю або перевірка дотримання екологічних норм.</h3><p>Це може стосуватися, зокрема, вантажного транспорту або комерційного перевезення пасажирів.<br><br></p><h2 class="">Додаткові вимоги до зупинки</h2><p><br>Згідно з ПДР та положеннями законодавства, зупинка повинна проводитися із застосуванням спеціальних сигналів, наявністю службового посвідчення, а також обґрунтованим поясненням причини зупинки. Водій має право вимагати пояснення підстав і фіксувати дії поліцейського за допомогою відеозапису.<br><br>Незаконна зупинка транспортного засобу може розглядатися як перевищення повноважень, що тягне за собою юридичну відповідальність з боку посадової особи.</p>	Зупинка транспортного засобу працівниками поліції в Україні - нормативно правові акти, підстави.	'10.10.2001':31 '1306':29 '35':19,66 'а':358 'авто':160 'автомобіль':127,204,312 'агресивний':313 'адміністративний':35 'акт':12 'антитерористичний':238 'безпека':136 'бокий':261,393 'бута':266 'бік':261,393 'біля':233 'ваговий':321 'вантаж':252 'вантажний':332 'ввесь':291 'великоваговий':251 'великогабаритний':249 'весь':291 'визначений':295 'вимагати':367 'вимога':339 'випадок':80 'виявити':93 'водій':53,90,99,151,175,200,262,315,364 'встановити':164 'встановлювати':44 'всі':291 'відеозапис':376 'відповідальність':391 'відсутність':140 'габаритно':320 'габаритно-вагового':319 'гальмування':143 'година':242 'держустанова':234 'додатковий':338 'додаток':338 'документ':43,223,270 'допомога':178,375 'дорожньо':167 'дорожньо-транспортний':166 'дорожній':21,40,88,137 'дотримання':245,325 'дія':49,372 'діяти':49 'евакуація':187 'екологічний':326 'загроза':135 'закон':13,37,67,83 'законний':46 'законодавство':347 'законодавчий':1 'залучення':174 'застосування':352 'засіб':6,57,62,77,119,125,197,264,293,380,400 'затверджений':24 'згідний':63,342 'здійснення':318 'злочин':216 'зовнішній':111,298 'зокрема':331 'зона':225,236 'зупинений':267 'зупинити':75,117,159,221 'зупинка':4,55,60,148,341,348,363,378,398 'зупиняти':290 'зі':64 'кабінет':26 'кодекс':32 'кола':185 'колоти':185 'комендантська':241 'комендантський':241 'комерційний':335 'контроль':243,322 'контрольна':231 'контрольний':231 'кримінальний':306 'кров':310 'кіл':185 'лише':78 'мая':73,95,115,128,218,365 'маяти':73,95,115,128,218,365 'можливий':303 'можуть':133,289 'міністр':27 'міністрів':27 'надання':177 'наприклад':102,139,184,229,308 'національний':16,70 'наявність':192,297,355 'небезпечний':248 'незаконний':377 'необхідність':149,173 'несправний':142 'несправність':110,123 'норма':327 'нормативний':10 'нормативно-правовий':9 'обґрунтований':96,360 'оголошення':282 'ознака':121,299 'операція':239,276 'опитування':150 'орієнтування':209 'основний':84 'особа':395 'особливий':226 'очевидний':120 'пасажир':153,317,337 'пдр':101,344 'перебувати':205 'перевезення':247,336 'перевищення':103,384 'перевірка':222,269,324 'передбачений':82 'перелік':45 'переслідування':190 'перехоплення':279 'перти':54 'питання':3 'план':278,283 'поведінка':314 'повинний':349 'повноваження':385 'подія':156 'положення':346 'поломки':131 'поліцейський':72,92,157,217 'поліцейських':50 'поліцейського':373 'поліцейські':288 'поліція':17,71,183,402 'порушення':86,257 'порушити':100 'порядок':48 'посадовий':394 'посвідчення':357 'постанова':25 'постраждалий':188 'потреба':163 'потрібний':186 'пошкодження':129,311 'пояснення':361,368 'правий':52 'правило':20,87,259 'правити':20 'право':52,74,116,219,366 'правовий':11 'правопорушення':36,172,202,307 'правопорушник':191 'працівник':401 'пригода':169 'прилад':113 'причетність':195 'причина':362 'причинити':362 'проведення':237,274 'проводитися':350 'проїзд':105 'прямий':81 'пункт':232 'підозра':97,212,255 'підстава':47,58,85,146,369,396 'підставити':47,369 'регулювання':2 'регулюватися':7 'режим':227,246 'розглядатися':382 'розшук':207 'рух':22,41,89,138,181,228 'свідок':155,165 'свідчити':301 'світло':108 'світловий':112 'сигнал':354 'сирена':285 'службовий':356 'слід':309 'сліди':309 'слідити':309 'собою':389 'спеціальний':275,353 'стан':273 'становити':134 'станути':273 'стати':273 'стаття':18,65 'стосуватися':330 'територія':296 'технічний':122,272 'тип':284 'тощо':287 'транспорт':333 'транспортний':5,56,61,76,118,124,168,196,263,292,379,399 'тягнути':387 'тягти':387 'у':79,215,224,230,235,253,280,305 'україна':14,23,28,33,38,68,404 'учасник':180 'участь':214,304 'фара':141 'фіксувати':371 'фільтр':286 'червоний':107 'швидкість':104 'щодо':213 'юридичний':390 'як':154,383 'який':132 'із':351 'інформація':193 'інше':171,179 'інші':179
zakon-pro-dorojniy-ruh-ukraini	uk	Закон України Про дорожній рух	<h2 class="">Закон про дорожній рух України: основи, принципи та значення для безпеки</h2><p><a href="https://zakon.rada.gov.ua/laws/show/3353-12#Text" target="_blank">Офіційне посилання на сайті ВРУ</a><br><br>Документ 3353-XII, чинний.<br></p><p>Закон України "Про дорожній рух" є базовим нормативно-правовим актом, який регулює відносини між учасниками дорожнього руху, визначає їхні права, обов’язки, а також принципи організації дорожнього руху в Україні. Він є основою для забезпечення безпеки на дорогах, запобігання аваріям та формування правової культури серед водіїв, пішоходів і пасажирів.<br><br></p><h2 class="">Основні положення Закону</h2><p><br>Закон був прийнятий ще в 1993 році, але з того часу багаторазово змінювався та доповнювався відповідно до змін в інфраструктурі, розвитку транспортної системи та нових викликів у сфері безпеки дорожнього руху. Основні питання, які регулює закон:<br></p><ul><li>правила поведінки учасників дорожнього руху (водії, пішоходи, пасажири);</li><li>організація дорожнього руху та система управління ним;</li><li>вимоги до транспортних засобів, їх технічного стану;</li><li>питання відповідальності за порушення правил дорожнього руху;</li><li>діяльність Національної поліції у сфері контролю та безпеки.</li></ul><h2 class="">Учасники дорожнього руху</h2><p><br>Закон чітко визначає, що всі учасники дорожнього руху зобов’язані знати та виконувати правила дорожнього руху, бути уважними та не створювати небезпеки для інших. Для водіїв передбачені окремі обов’язки щодо технічного стану авто, дотримання швидкісного режиму, надання переваги пішоходам тощо. Пішоходи також зобов’язані дотримуватися правил, зокрема переходити дорогу лише у встановлених місцях.<br><br></p><h2 class="">Безпека як головний пріоритет</h2><p><br>Одна з ключових цілей закону – це забезпечення безпеки дорожнього руху. Згідно із законодавством, держава зобов’язана створювати умови для безпечного пересування громадян: ремонтувати дороги, встановлювати відповідну розмітку, забезпечувати контроль за водіями.<br><br>Також закон містить положення про захист життя та здоров’я всіх учасників руху, зокрема через обов’язкове використання пасків безпеки, дитячих крісел, мотошоломів, а також заборону керування у стані сп’яніння.<br><br></p><h2 class="">Роль поліції та відповідальність</h2><p><br>Контроль за дотриманням правил покладено на Національну поліцію України. Інспектори мають право зупиняти транспортні засоби, перевіряти документи, проводити тестування на алкоголь, а також складати протоколи про адміністративні правопорушення.<br><br>Порушення правил дорожнього руху тягне за собою адміністративну, а в окремих випадках – кримінальну відповідальність. Закон визначає систему штрафів, позбавлення прав, арешту та інші заходи впливу.<br><br></p><h2 class="">Актуальність та майбутнє закону</h2><p><br>У сучасних умовах, коли зростає кількість автомобілів і навантаження на інфраструктуру, закон залишається надзвичайно важливим. Він потребує постійного оновлення відповідно до європейських стандартів і технологічного розвитку.<br><br>Реформа у сфері дорожньої безпеки, впровадження відеофіксації порушень, удосконалення системи навчання водіїв – усе це реалізується на базі норм цього закону.<br><br></p><h2 class="">Висновок</h2><p><br>Закон України "Про дорожній рух" є ключовим інструментом забезпечення безпеки та порядку на дорогах. Дотримання його норм — не лише обов’язок, але й запорука збереження життя та здоров’я кожного з нас. Саме від правової свідомості та дисципліни учасників дорожнього руху залежить, наскільки безпечним буде пересування українськими дорогами.</p>	Закон України "Про дорожній рух" є базовим нормативно-правовим актом, який регулює відносини між учасниками дорожнього руху.	'1993':79 '3353':18 'xii':19 'а':44,262,295,310 'аварія':61 'авто':183 'автомобіль':337 'адміністративний':300,309 'акт':31 'актуальність':327 'алкоголь':294 'арешт':322 'багаторазовий':85 'база':373 'базовий':27 'базь':373 'безпека':11,57,102,146,204,215,258,361,387 'безпечний':227,421 'бута':166 'важливе':345 'важливий':345 'ввесь':154,249 'весь':154,249 'визначати':39,152,317 'виклик':99 'виконувати':162 'використання':256 'вимога':125 'випадок':313 'висновок':377 'водій':67,115,175,238,368 'вплив':326 'впливти':326 'вплисти':326 'впровадження':362 'вру':16 'встановлений':202 'встановлювати':232 'всі':154 'всіх':249 'відеофіксація':363 'відносини':34 'відповідальність':133,273,315 'відповідний':233 'відповідно':89,350 'головний':206 'громадянин':229 'держава':221 'дисципліна':415 'дитячий':259 'документ':17,290 'доповнюватися':88 'дорога':59,199,231,391,425 'дорогий':199 'дорожній':3,24,37,48,103,113,119,137,148,156,164,216,304,360,381,417,429 'дотримання':184,276,392 'дотримуватися':195 'діяльність':139 'життя':245,403 'забезпечення':56,214,386 'забезпечувати':235 'заборона':264 'закон':1,21,73,74,109,150,212,240,316,330,342,376,378,426 'законодавство':220 'залежати':419 'залишатися':343 'запобігання':60 'запорука':401 'засіб':128,288 'захист':244 'захід':325 'збереження':402 'згідний':218 'здоров':247,405 'здоровити':247,405 'зміна':91 'змінюватися':86 'знати':160 'значення':9 'зобов':158,193,222 'зокрема':197,252 'зростати':335 'зупиняти':286 'керування':265 'ключовий':210,384 'кожний':407 'кола':334 'колоти':334 'контроль':144,236,274 'кримінальний':314 'крісло':260 'культура':65 'кіл':334 'кількість':336 'лише':200,396 'майбутнє':329 'майбутній':329 'маяти':284 'мотошолом':261 'містити':241 'місце':203 'навантаження':339 'навчання':367 'надання':187 'надзвичайний':344 'наскільки':420 'національний':140,280 'небезпека':171 'ним':124 'новий':98 'норма':374,394 'нормативний':29 'нормативно-правовий':28 'обов':42,178,254,397 'один':208 'окремий':177,312 'оновлення':349 'організація':47,118 'основа':6,54 'основний':71,105 'офіційний':12 'пасажир':70,117 'пасок':257 'перевага':188 'перевіряти':289 'передбачений':176 'пересування':228,423 'переходити':198 'питання':106,132 'поведінка':111 'позбавлення':320 'покласти':278 'положення':72,242 'поліція':141,271,281 'порушення':135,302,364 'порядок':389 'посилання':13 'постійне':348 'постійний':348 'потребувати':347 'правий':41 'правило':110,136,163,196,277,303 'правити':110,163,321 'право':41,285,321 'правовий':30,64,412 'правопорушення':301 'прати':321 'прийнятий':76 'принцип':7,46 'проводити':291 'протокол':298 'пріоритет':207 'пішохід':68,116,189,191 'реалізуватися':371 'регулювати':33,108 'режим':186 'ремонтувати':230 'реформа':357 'розвиток':94,356 'розмітка':234 'роль':270 'рух':4,25,38,49,104,114,120,138,149,157,165,217,251,305,382,418,430 'рік':80 'сайт':15 'сам':410 'саме':410 'самий':410 'свідомість':413 'серед':66 'середа':66 'середи':66 'система':96,122,318,366 'складати':297 'собою':308 'сп':268 'стан':131,182,267 'стандарт':353 'станути':131,182 'стати':131,182 'створювати':170,224 'сучасний':332 'сфера':101,143,359 'тестування':292 'технологічний':355 'технічний':130,181 'тощо':190 'транспортний':95,127,287 'тягнути':306 'тягти':306 'у':100,142,201,266,331,358 'уважний':167 'удосконалення':365 'україна':5,22,51,282,379,427 'український':424 'умова':225,333 'управління':123 'усе':369 'учасник':36,112,147,155,250,416 'формування':63 'ціль':211 'час':84 'чинний':20 'чітко':151 'швидкісний':185 'штраф':319 'щодо':180 'я':248,406 'язана':223 'язані':159,194 'язки':43,179 'язкове':255 'язок':398 'як':205 'який':32,107 'яніння':269 'європейський':352 'із':219 'інспектор':283 'інструмент':385 'інфраструктура':93,341 'інші':173,324 'їхній':40
using-a-video-recorder	uk	Використання відеореєстратора	<p>У сучасних умовах стрімкого розвитку автомобільного транспорту та зростання кількості дорожньо-транспортних пригод (ДТП) дедалі більше водіїв вдаються до встановлення відеореєстраторів у своїх автомобілях. Цей пристрій, на перший погляд простий, має велике юридичне значення. Використання відеореєстратора під час руху транспортного засобу стало потужним інструментом у відстоюванні своїх порушених прав, особливо в ситуаціях, коли провина сторін є спірною.<br></p><h2 class="">Відеореєстратор як доказ у суді</h2><p>Однією з головних функцій відеореєстратора є фіксація подій на дорозі в режимі реального часу. У випадку ДТП або конфлікту з іншими учасниками дорожнього руху запис із відеореєстратора може бути використаний як доказ у суді або під час розгляду справи в поліції. Відео дозволяє встановити послідовність подій, швидкість руху, дії водіїв, а також інші важливі обставини, які можуть вплинути на оцінку правомірності дій сторін.<br><br>Судова практика в Україні визнає відеозапис як допустимий доказ, якщо його було отримано без порушення вимог законодавства. Це означає, що відео має бути цілісним, без ознак монтажу або редагування. У багатьох випадках саме завдяки відеофіксації водій зміг довести свою невинуватість та уникнути штрафу або адміністративної відповідальності.<br></p><h2 class="">Захист від неправомірних дій працівників поліції</h2><p>Іноді водії стикаються з випадками перевищення повноважень з боку працівників поліції, наприклад, при зупинці без належних підстав або при складанні необґрунтованих протоколів про порушення. У таких ситуаціях відеореєстратор стає ключовим елементом захисту. Запис може засвідчити, чи дійсно водій порушив правила, чи мала місце провокація або помилка інспектора.<br><br>До того ж, усвідомлення того, що кожна дія фіксується на відео, дисциплінує як водіїв, так і працівників правоохоронних органів, що сприяє зменшенню кількості конфліктних ситуацій на дорогах.<br></p><h2 class="">Фіксація порушень іншими учасниками руху</h2><p>Відеореєстратор допомагає не тільки захищати себе, але й фіксувати небезпечну поведінку інших учасників руху – порушення швидкісного режиму, проїзд на червоне світло, виїзд на зустрічну смугу тощо. За бажанням водій може передати відео в поліцію для реагування та притягнення до відповідальності порушників. Такі дії не лише сприяють підвищенню безпеки на дорогах, але й формують культуру правосвідомості.<br></p><h2 class="">Корисність у страхових спорах</h2><p>Відеозапис часто є вирішальним фактором під час врегулювання страхових випадків. Страхові компанії охоче приймають записи з реєстраторів як докази обставин ДТП. Це дозволяє пришвидшити процес розслідування, уникнути суперечок та забезпечити справедливе відшкодування збитків.<br></p><h2 class="">Юридичні аспекти використання</h2><p>Використання відеореєстратора повинно відповідати нормам законодавства, зокрема щодо захисту персональних даних. Водій має право знімати те, що відбувається на дорозі, однак публічне поширення відео без згоди осіб, які на ньому зображені, може порушувати їхні права. Тому важливо розуміти межі використання таких записів.</p><h2 class="">Висновок</h2><p><br>Відеореєстратор є важливим елементом правового захисту водія. Його наявність дозволяє не лише фіксувати об'єктивну картину подій на дорозі, але й виступає ефективним засобом доведення правоти у конфліктних ситуаціях. З огляду на зростаючі ризики на дорогах, встановлення реєстратора є не лише доцільним, а й необхідним кроком для кожного відповідального водія.</p>	Використання відеореєстратора під час руху транспортного засобу стало потужним інструментом у відстоюванні своїх порушених прав.	'а':114,438 'автомобіль':25 'автомобільний':6 'адміністративний':171 'аспект':351 'багатьох':157 'бажання':285 'безпека':305 'бокий':187 'бута':92,149 'бік':187 'більший':17 'важливе':398 'важливий':117,398 'важливо':389 'вдаватися':19 'великий':33 'визнавати':131 'визнати':131 'використаний':93 'використання':36,352,353,392,446 'вимога':142 'випадок':79,158,183,326 'вирішальний':320 'висновок':395 'виступати':417 'виїзд':279 'водій':18,113,162,180,216,239,286,364,402,445 'вплинути':121 'врегулювання':324 'встановити':107 'встановлення':21,432 'відбуватися':370 'відео':105,147,236,289,376 'відеозапис':132,317 'відеореєстратор':22,37,59,68,90,206,258,354,396,447 'відеофіксація':161 'відповідальний':444 'відповідальність':172,297 'відповідати':356 'відстоювання':47 'відшкодування':348 'головний':66 'даний':363 'дані':363 'дедал':16 'дедалі':16 'дисциплінувати':237 'доведення':420 'довести':164 'дозволяти':106,339,405 'доказ':61,95,135,335 'допомагати':259 'допустимий':134 'дорога':73,252,307,372,414,431 'дорожньо':12 'дорожньо-транспортний':11 'дорожній':86 'доцільний':437 'дтп':15,80,337 'дійсно':215 'дія':112,125,176,233,300 'діяти':125,176 'елемент':209,399 'ефективний':418 'ж':228 'забезпечити':346 'завдяки':160 'законодавство':143,358 'запис':88,211,331,394 'засвідчити':213 'засіб':42,419 'захист':173,210,361,401 'захищати':262 'збиток':349 'згода':378 'згодити':378 'зменшення':247 'змогти':163 'значення':35 'знімати':367 'зображений':383 'зокрема':359 'зростання':9 'зростаючі':428 'зупинка':192 'зустрічний':281 'картина':411 'ключовий':208 'кожний':232,443 'кола':54 'колоти':54 'компанія':328 'конфлікт':82 'конфліктний':249,423 'корисність':313 'крок':441 'культура':311 'кіл':54 'кількість':10,248 'лише':302,407,436 'малий':220 'мая':32,148,365 'маяти':32,148,365 'межа':391 'можуть':120 'монтаж':153 'місце':221 'належний':194 'наприклад':190 'наявність':404 'небезпечний':267 'невинуватість':166 'необхідне':440 'необхідний':440 'необґрунтований':199 'неправомірний':175 'норма':357 'ньому':382 'об':409 'обставина':118,336 'огляд':426 'один':64 'ознака':152 'означати':145 'орган':244 'особа':379 'особливий':51 'отримати':139 'охоче':329 'охочий':329 'оцінка':123 'перевищення':184 'передати':288 'персональний':362 'перти':191,197 'перший':29 'поведінка':268 'повинно':355 'повноваження':185 'погляд':30 'подія':71,109,412 'подіяти':71,109,412 'поліція':104,178,189,291 'помилка':224 'порушений':49 'порушення':141,202,254,272 'порушити':217 'порушник':298 'порушувати':385 'послідовність':108 'потужний':44 'поширення':375 'правий':387 'правило':218 'правити':50,218 'право':50,366,387 'правовий':400 'правомірність':124 'правоохоронний':243 'правосвідомість':312 'правота':421 'практик':128 'практика':128 'прати':50 'працівник':177,188,242 'пригода':14 'приймати':330 'пристрій':27 'притягнення':295 'пришвидшити':340 'провина':55 'провокація':222 'простий':31 'протокол':200 'процес':341 'проїзд':275 'публічний':374 'підвищення':304 'підстава':195 'підставити':195 'реагування':293 'реальний':76 'редагування':155 'режим':75,274 'реєстратор':333,433 'ризик':429 'розвиток':5 'розгляд':101 'розслідування':342 'розуміти':390 'рух':40,87,111,257,271 'сам':159 'саме':159 'самий':159 'свій':24,48,165 'світло':278 'ситуація':53,205,250,424 'складання':198 'смуга':282 'спора':316 'справа':102 'справедливий':347 'сприяти':246,303 'спір':316 'спірний':58 'ставати':207 'стало':43 'станути':43 'стати':43 'стикатися':181 'сторона':56,126 'страх':327 'страховий':315,325,327 'страхові':315,325,327 'стрімкий':4 'суд':63,97 'судовий':127 'суперечка':344 'сучасний':2 'том':388 'тома':388 'тощо':283 'транспорт':7 'транспортний':13,41 'у':1,23,46,62,78,96,156,203,314,422 'україна':130 'умова':3 'уникнути':168,343 'усвідомлення':229 'учасник':85,256,270 'фактор':321 'формувати':310 'функція':67 'фіксація':70,253 'фіксувати':266,408 'фіксуватися':234 'цілісний':150 'час':39,77,100,323 'часто':318 'червоний':277 'швидкісний':273 'швидкість':110 'штраф':169 'щодо':360 'юридичний':34,350 'як':60,94,133,238,334 'який':119,380 'єктивну':410 'із':89 'інспектор':225 'інструмент':45 'інші':84,116,255,269 'їхній':386
Restrictions-on-the-right-to-drive-a-vehicle-during-mobilization	en	Restrictions on the right to drive a vehicle during mobilization	<p data-start="202" data-end="437"><span data-start="202" data-end="298">Amendments to the Code of Administrative Procedure of Ukraine under the New Mobilization Law.</span></p><p data-start="202" data-end="437"><span data-start="301" data-end="367"><a href="https://zakon.rada.gov.ua/laws/show/3633-IX#Text" target="_blank">Document No. 3633-IX, currently in force (not the Code itself)</a></span></p><h2 data-start="202" data-end="437" class=""><span data-start="370" data-end="437">Restriction of the Right to Drive a Vehicle During Mobilization</span></h2>\r\n<p data-start="439" data-end="868"><strong data-start="439" data-end="456">Article 283-2</strong> has been supplemented with a provision allowing the <strong data-start="509" data-end="571">Territorial Center of Recruitment and Social Support (TCC)</strong> to apply to the court to restrict a Ukrainian citizen’s right to drive a vehicle during mobilization.<br data-start="673" data-end="676">\r\nThe TCC has the right to apply if the citizen fails to comply with the lawful order of the TCC regarding the fulfillment of their duty.<br data-start="811" data-end="814">\r\nThe case falls under the jurisdiction of local courts.</p>\r\n<p data-start="870" data-end="905">In such a case, the TCC must prove:</p><ul><li>failure to fulfill duties under Part 3 of Article 22 of the Law of Ukraine "On Mobilization Preparation and Mobilization";</li><li>inability to detain and deliver the person to the TCC;</li><li>inability to serve a summons;</li><li>failure to comply with the order issued by the TCC;</li><li>the use of the vehicle is not related to a disability or a child with a disability.</li></ul><h2 class=""><span data-start="1270" data-end="1287">Key Features</span></h2><ul><li>the court decision is subject to immediate enforcement;</li><li>15 days are granted for filing an appeal;</li><li>the appeal must be reviewed within 15 days;</li><li>the decision of the appellate court may be further appealed through cassation.</li></ul><p></p>	Amendments to the Code of Administrative Procedure of Ukraine under the New Mobilization Law Allow TCCs to Restrict the Right to Drive a Vehicle.	'-2':38 '15':188,202 '22':125 '283':37 '3':122 '3633':17 'administr':6 'allow':45 'amend':1 'appeal':195,197,213 'appel':208 'appli':56,79 'articl':36,124 'case':100,111 'cassat':215 'center':48 'child':174 'citizen':64,82 'code':4,24 'compli':85,153 'court':59,107,181,209 'current':19 'day':189,203 'decis':182,205 'deliv':140 'detain':138 'disabl':171,177 'document':15 'drive':31,68,221 'duti':98,119 'enforc':187 'fail':83 'failur':116,151 'fall':101 'featur':179 'file':193 'forc':21 'fulfil':95,118 'grant':191 'immedi':186 'inabl':136,146 'issu':157 'ix':18 'jurisdict':104 'key':178 'law':14,88,128 'local':106 'may':210 'mobil':13,35,72,132,135,225 'must':114,198 'new':12 'order':89,156 'part':121 'person':142 'prepar':133 'procedur':7 'prove':115 'provis':44 'recruit':50 'regard':93 'relat':168 'restrict':26,61,216 'review':200 'right':29,66,77,219 'serv':148 'social':52 'subject':184 'summon':150 'supplement':41 'support':53 'tcc':54,74,92,113,145,160 'territori':47 'ukrain':9,130 'ukrainian':63 'use':162 'vehicl':33,70,165,223 'within':201
Restrictions-on-the-right-to-drive-a-vehicle-during-mobilization	uk	Обмеження у праві керування транспортним засобом під час мобілізації	<p>Зміни до Кодексу про адміністративне судочинство України відповідно до нового мобілізаційного Закону.<br></p><p><a href="https://zakon.rada.gov.ua/laws/show/3633-IX#Text" target="_blank">Документ 3633-IX, чинний (не кодекс)</a></p><h2 class="">Обмеження у праві керування транспортним засобом під час мобілізації</h2><p><br>Стаття 283-2 доповнено можливістю територіального центру комплектування та соціальної підтримки&nbsp; (ТЦК) звернутися до суду для обмеження громадянина України у праві керування транспортним засобом під час мобілізації. ТЦК має право звернутися у разі невиконання громадянином України вимоги такого ТЦК про виконання обов’язку. Справа підсудна місцевим судам.&nbsp;<br><br>При цьому ТЦК має довести:<br></p><ul><li>невиконання обов'язків згідно ч.3 ст.22 ЗУ Про мобілізаційну підготовку та мобілізацію</li><li>неможливість затримання та доставки в ТЦК</li><li>неможливість вручення повістки</li><li>невиконання обов'язку зазначеного в вимозі</li><li>використання ТЗ у зв'язку з інвалідністю або дитини з інвалідністю<br></li></ul><h2 class="">Особливості</h2><ul><li>рішення суду підлягає негайному виконанню</li><li>15 днів на оскарження</li><li>15 днів для розгляду апеляції</li><li>Рішення апеляційного суду може бути оскаржене в касаційному порядку.</li></ul>	Зміни до КАС України відповідно до нового мобілізаційного Закону дозволяють ТЦК обмежувати в праві керування ТЗ.	'-2':30 '15':126,130 '22':87 '283':29 '3':85 '3633':14 'ix':15 'адміністративний':5 'апеляційний':136 'апеляція':134 'бута':139 'виконання':68,125 'використання':109 'вимога':64,108 'вручення':101 'відповідно':8 'громадянин':45,62 'день':127,131 'дитина':117 'дитини':117 'довести':79 'документ':13 'доповнити':31 'доставки':97 'зазначений':106 'закон':12 'засіб':24,51,149 'затримання':95 'зв':112 'звернутися':40,58 'згідний':83 'зміна':1 'змінити':1 'зу':88 'касаційний':142 'керування':22,49,147 'кодекс':3,18 'комплектування':35 'мая':56,78 'маяти':56,78 'мобілізаційний':11,90 'мобілізація':27,54,93,152 'можливість':32 'місцевий':73 'місцеві':73 'невиконання':61,80,103 'негайний':124 'неможливість':94,100 'нове':10 'новий':10 'обмеження':19,44,144 'обов':69,81,104 'оскаржений':140 'оскарження':129 'особливість':120 'перти':75 'повістка':102 'порядок':143 'правий':21,48,146 'право':21,48,57,146 'підготовка':91 'підлягати':123 'підсудний':72 'підтримка':38 'розгляд':133 'рішення':121,135 'соціальний':37 'справа':71 'ст':86 'стаття':28 'суд':42,74,122,137 'судочинство':6 'територіальний':33 'тз':110 'транспортний':23,50,148 'тцк':39,55,66,77,99 'у':20,47,59,111,145 'україна':7,46,63 'центр':34 'ч':84 'час':26,53,151 'чинний':16 'язку':70,105,113 'язків':82 'інвалідність':115,119
the-constitution-of-ukraine-and-the-sphere-of-military-law	en	The Constitution of Ukraine and the sphere of military law	<h1>Constitutional Foundations of Military Law</h1>\r\n\r\n<p>The Constitution of Ukraine, adopted on June 28, 1996, is the fundamental law of the state that contains the basic principles of military development and national defense. The military sphere is regulated by a number of constitutional provisions that form the legal basis of national security.</p>\r\n\r\n<p><a href="http://zakon.rada.gov.ua/laws/show/254к/96-вр#Text" target="_blank">Link to the document</a>.</p>\r\n\r\n<p>Article 17 of the Constitution declares that "the defense of the Motherland, the independence and territorial integrity of Ukraine, and respect for its state symbols are the duties of citizens of Ukraine." This provision constitutes the constitutional basis of military service.</p>\r\n\r\n<h2>Key Constitutional Provisions in the Military Sphere</h2>\r\n\r\n<p>The main constitutional provisions regulating the military sphere include:</p>\r\n\r\n<ul>\r\n<li>Article 65 - defines citizens' duty to defend the Motherland</li>\r\n<li>Article 92 - establishes the exclusive competence of the Verkhovna Rada in defense matters</li>\r\n<li>Article 106 - enshrines the powers of the President as Supreme Commander-in-Chief</li>\r\n<li>Article 35 - guarantees the right to alternative service</li>\r\n</ul>\r\n\r\n<h2>Implementation of Constitutional Military Provisions</h2>\r\n\r\n<p>Constitutional norms in the field of defense are implemented through:</p>\r\n\r\n<ol>\r\n<li>A system of special laws ("On Defense of Ukraine", "On Military Duty and Military Service")</li>\r\n<li>Activities of state authorities in the security sphere</li>\r\n<li>Judicial practice regarding the protection of constitutional rights of military personnel</li>\r\n</ol>\r\n\r\n<h2>The Constitution During Martial Law</h2>\r\n\r\n<p>Article 64 of the Constitution provides for the possibility of temporary restrictions on rights and freedoms in case of martial law or state of emergency. However, even under such conditions, the following cannot be restricted:</p>\r\n\r\n<ul>\r\n<li>Right to life</li>\r\n<li>Prohibition of torture</li>\r\n<li>Right to inviolability of private life</li>\r\n</ul>\r\n\r\n<p>The Verkhovna Rada of Ukraine exercises parliamentary control over compliance with constitutional norms in the military sphere, especially during anti-terrorist operations or in case of aggression.</p>\r\n\r\n<h2>Modern Challenges and Constitutional Guarantees</h2>\r\n\r\n<p>In the current conditions of hybrid warfare, constitutional mechanisms for protecting state sovereignty have become particularly important. The Constitutional Court of Ukraine has repeatedly emphasized in its decisions the priority of constitutional norms in the defense sphere over any other normative acts.</p>\r\n\r\n<p>The development of military law in Ukraine occurs in compliance with international standards and constitutional principles, which ensures protection of both national interests and the rights of military personnel.</p>\r\n	A review article on the legal norms that regulate the obligations of the state and the citizen in the military sphere.	'106':136 '17':57 '1996':14 '28':13 '35':150 '64':212 '65':114 '92':123 'act':332 'activ':187 'adopt':10 'aggress':285 'altern':155 'anti':278 'anti-terrorist':277 'articl':56,113,122,135,149,211 'author':190 'basi':48,93 'basic':25 'becom':305 'cannot':243 'case':228,283 'challeng':287 'chief':148 'citizen':85,116 'command':146 'commander-in-chief':145 'compet':127 'complianc':267,342 'condit':240,294 'constitut':1,7,42,60,90,92,98,106,159,162,201,207,215,269,289,298,309,322,347,363 'contain':23 'control':265 'court':310 'current':293 'decis':318 'declar':61 'defend':119 'defens':32,64,133,168,178,326 'defin':115 'develop':29,334 'document':55 'duti':83,117,183 'emerg':235 'emphas':315 'enshrin':137 'ensur':350 'especi':275 'establish':124 'even':237 'exclus':126 'exercis':263 'field':166 'follow':242 'form':45 'foundat':2 'freedom':226 'fundament':17 'guarante':151,290 'howev':236 'hybrid':296 'implement':157,170 'import':307 'includ':112 'independ':69 'integr':72 'interest':355 'intern':344 'inviol':254 'judici':195 'june':12 'key':97 'law':5,18,176,210,231,337,371 'legal':47 'life':248,257 'link':52 'main':105 'martial':209,230 'matter':134 'mechan':299 'militari':4,28,34,95,102,110,160,182,185,204,273,336,360,370 'modern':286 'motherland':67,121 'nation':31,50,354 'norm':163,270,323 'normat':331 'number':40 'occur':340 'oper':280 'parliamentari':264 'particular':306 'personnel':205,361 'possibl':219 'power':139 'practic':196 'presid':142 'principl':26,348 'prioriti':320 'privat':256 'prohibit':249 'protect':199,301,351 'provid':216 'provis':43,89,99,107,161 'rada':131,260 'regard':197 'regul':37,108 'repeat':314 'respect':76 'restrict':222,245 'right':153,202,224,246,252,358 'secur':51,193 'servic':96,156,186 'sovereignti':303 'special':175 'sphere':35,103,111,194,274,327,368 'standard':345 'state':21,79,189,233,302 'suprem':144 'symbol':80 'system':173 'temporari':221 'territori':71 'terrorist':279 'tortur':251 'ukrain':9,74,87,180,262,312,339,365 'verkhovna':130,259 'warfar':297
the-constitution-of-ukraine-and-the-sphere-of-military-law	uk	Конституція України і сфера військового права	<h2>1. Конституційні засади військового права</h2>\r\n\r\n<p>Конституція України, прийнята 28 червня 1996 року, є основним законом держави, який містить фундаментальні принципи військового будівництва та оборони країни. Військова сфера регулюється низкою конституційних норм, що формують правову основу національної безпеки.</p><p><a href="https://zakon.rada.gov.ua/laws/show/254%D0%BA/96-%D0%B2%D1%80#Text" target="_blank">Посилання на документ</a>.</p>\r\n\r\n<p>Стаття 17 Конституції проголошує, що "захист Вітчизни, незалежності і територіальної цілісності України, шанування її державних символів є обов'язком громадян України". Це положення становить конституційну основу військової служби.</p>\r\n\r\n<h2>2. Основні конституційні норми у військовій сфері</h2>\r\n\r\n<p>До ключових положень Конституції, що регулюють військову сферу, належать:</p>\r\n\r\n<ul>\r\n<li>Стаття 65 - визначає обов'язок громадян захищати Вітчизну</li>\r\n<li>Стаття 92 - встановлює виключну компетенцію Верховної Ради у питаннях оборони</li>\r\n<li>Стаття 106 - закріплює повноваження Президента як Верховного Головнокомандувача</li>\r\n<li>Стаття 35 - гарантує право на альтернативну службу</li>\r\n</ul>\r\n\r\n<h2>3. Реалізація військових положень Конституції</h2>\r\n\r\n<p>Конституційні норми у сфері оборони реалізуються через:</p>\r\n\r\n<ol>\r\n<li>Систему спеціальних законів ("Про оборону України", "Про військовий обов'язок і військову службу")</li>\r\n<li>Діяльність органів державної влади у сфері безпеки</li>\r\n<li>Судову практику з питань захисту конституційних прав військовослужбовців</li>\r\n</ol>\r\n\r\n<h2>4. Конституція під час воєнного стану</h2>\r\n\r\n<p>Стаття 64 Конституції передбачає можливість тимчасового обмеження прав і свобод у разі введення воєнного або надзвичайного стану. Проте навіть у таких умовах не підлягають обмеженню:</p>\r\n\r\n<ul>\r\n<li>Право на життя</li>\r\n<li>Заборона катувань</li>\r\n<li>Право на недоторканність особистої життєвої сфери</li>\r\n</ul>\r\n\r\n<p>Верховна Рада України здійснює парламентський контроль за дотриманням конституційних норм у військовій сфері, особливо під час проведення антитерористичних операцій або у разі агресії.</p>\r\n\r\n<h2>5. Сучасні виклики та конституційні гарантії</h2>\r\n\r\n<p>У сучасних умовах гібридної війни особливого значення набувають конституційні механізми захисту державного суверенітету. Конституційний Суд України у своїх рішеннях неодноразово підкреслював пріоритетність конституційних норм у сфері оборони над будь-якими іншими нормативними актами.</p>\r\n\r\n<p>Розвиток військового права в Україні відбувається з дотриманням міжнародних стандартів і конституційних принципів, що гарантує захист як національних інтересів, так і прав військовослужбовців.</p>\r\n	Оглядова стаття про правові норми, які регулюють обов'язки держави та громадянина у війсковій сфері.	'1':1 '106':104 '17':42 '1996':11 '2':69 '28':9 '3':118 '35':112 '4':158 '5':223 '64':165 '65':86 '92':94 'агресія':222 'акт':262 'альтернативний':116 'антитерористичний':217 'безпека':37,149 'будь':258 'будь-який':257 'будівництво':22 'введення':176 'верховний':98,109,200 'визначати':87 'виклик':225 'виключний':96 'влад':146 'влада':146 'воєнний':162,177 'встановлювати':95 'відбуватися':268 'війна':233 'війнути':233 'військовий':4,21,26,67,74,82,120,137,141,211,264,290 'військовослужбовець':157,285 'вітчизна':47,92 'гарантувати':113,277 'гарантія':228 'головнокомандувач':110 'громадянин':60,90 'гібридний':232 'держава':16 'державний':55,145,240 'документ':40 'дотримання':207,270 'діяльність':143 'життя':191 'життєвий':198 'заборона':192 'закон':15,132 'закріплювати':105 'засада':3 'засадити':3 'захист':46,154,239,278 'захищати':91 'здійснювати':203 'значення':235 'катування':193 'ключовий':77 'компетенція':97 'конституційний':2,30,65,71,123,155,208,227,237,242,251,274 'конституція':6,43,79,122,159,166,286 'контроль':205 'країна':25 'механізм':238 'можливість':168 'міжнародний':271 'містити':18 'набувати':236 'надзвичайний':179 'належати':84 'національний':36,280 'недоторканність':196 'незалежність':48 'неодноразовий':248 'низка':29 'норма':31,72,124,209,252 'нормативний':261 'обмеження':170,188 'обов':58,88,138 'оборона':24,102,127,134,255 'оборонити':24,102,127,255 'операція':218 'орган':144 'основа':35,66 'основний':14,70 'особистий':197 'особливий':213,234 'парламентський':204 'передбачати':167 'питання':101,153 'повноваження':106 'положення':63,78,121 'посилання':38 'правий':5,265,291 'правити':156,171,284 'право':5,114,156,171,189,194,265,284,291 'правовий':34 'практик':151 'практика':151 'прати':156,171,284 'президент':107 'прийнятий':8 'принцип':20,275 'проведення':216 'проголошувати':44 'проте':181 'пріоритетність':250 'підкреслювати':249 'підлягати':187 'рад':99,201 'рада':99,201 'ради':99 'радий':201 'реалізація':119 'реалізуватися':128 'регулювати':81 'регулюватися':28 'розвиток':263 'рок':12 'рік':12 'рішення':247 'свобода':173 'свій':246 'символ':56 'система':130 'служба':68,117,142 'спеціальний':131 'стан':163,180 'стандарт':272 'становити':64 'станути':163,180 'стати':163,180 'стаття':41,85,93,103,111,164 'суверенітет':241 'суд':243 'судовий':150 'сучасний':224,230 'сфера':27,75,83,126,148,199,212,254,289 'територіальний':50 'тимчасовий':169 'у':73,100,125,147,174,183,210,220,229,245,253 'україна':7,52,61,135,202,244,267,287 'умова':185,231 'формувати':33 'фундаментальний':19 'цілісність':51 'час':161,215 'червень':10 'шанування':53 'язком':59 'язок':89,139 'як':108,279 'який':17,259 'яким':259 'інтерес':281 'інші':260
simplification-of-the-drivers-license-examination-process	en	Simplification of the driver's license examination process	<p>Important amendments to Ukraine's traffic rules, which came into effect in 2024, aim to increase road safety and reduce the number of accidents. One of the key innovations is the mandatory use of daytime running lights outside populated areas throughout the year. Previously, drivers were only required to use running lights in the autumn-winter period (from October 1 to May 1), but now this rule is in effect year-round. The decision is aimed at making vehicles more visible to other road users regardless of weather conditions or lighting levels.</p><h2>The Importance of Using Running Lights</h2><p>Headlights reduce the risk of accidents by improving the visibility of cars on the road, especially in poor weather conditions such as rain or fog. Lighting devices help quickly identify approaching vehicles, especially on roads with heavy traffic. Thus, the decision to make running lights mandatory outside the city year-round is fully justified. According to research, the visibility of a car with headlights on can improve the reaction of other drivers and pedestrians by 20-25%, reducing the risk of collisions.</p><h2>Rule Compliance Check</h2><p>The new requirements stipulate that the police can now monitor compliance with this rule on roads outside populated areas. Drivers who ignore this requirement face fines. Since the continuous use of running lights is becoming mandatory, additional control by the police is expected, along with the installation of new surveillance cameras capable of recording violations remotely.</p>	The process of obtaining a driver's license has also changed for future drivers. From now on, candidates can take the theoretical exam without mandatory attendance at driving school courses. 	'-25':178 '1':61,64 '20':177 '2024':13 'accid':24,106 'accord':156 'addit':223 'aim':14,78 'along':230 'amend':2 'approach':131 'area':40,205 'autumn':56 'autumn-wint':55 'becom':221 'came':9 'camera':237 'capabl':238 'car':112,163 'check':186 'citi':149 'collis':183 'complianc':185,197 'condit':91,120 'continu':215 'control':224 'daytim':35 'decis':76,141 'devic':127 'driver':45,173,206,246 'effect':11,71 'especi':116,133 'examin':249 'expect':229 'face':211 'fine':212 'fog':125 'fulli':154 'headlight':101,165 'heavi':137 'help':128 'identifi':130 'ignor':208 'import':1,96 'improv':108,168 'increas':16 'innov':29 'instal':233 'justifi':155 'key':28 'level':94 'licens':248 'light':37,52,93,100,126,145,219 'make':80,143 'mandatori':32,146,222 'may':63 'monitor':196 'new':188,235 'number':22 'octob':60 'one':25 'outsid':38,147,203 'pedestrian':175 'period':58 'polic':193,227 'poor':118 'popul':39,204 'previous':44 'process':250 'quick':129 'rain':123 'reaction':170 'record':240 'reduc':20,102,179 'regardless':88 'remot':242 'requir':48,189,210 'research':158 'risk':104,181 'road':17,86,115,135,202 'round':74,152 'rule':7,68,184,200 'run':36,51,99,144,218 'safeti':18 'simplif':243 'sinc':213 'stipul':190 'surveil':236 'throughout':41 'thus':139 'traffic':6,138 'ukrain':4 'use':33,50,98,216 'user':87 'vehicl':81,132 'violat':241 'visibl':83,110,160 'weather':90,119 'winter':57 'year':43,73,151 'year-round':72,150
simplification-of-the-drivers-license-examination-process	uk	Спрощення процесу складання іспитів на права	<p>У 2024 році в Україні було запроваджено зміни, які спрощують процес складання іспитів на отримання водійських прав. Основне нововведення полягає в тому, що тепер кандидати у водії можуть складати теоретичний іспит без обов'язкового навчання в автошколі. Це значне полегшення для тих, хто має базові знання з правил дорожнього руху та здатний самостійно підготуватися до іспиту.&nbsp;</p>\r\n<h2>Мета змін</h2> \r\nЗміни спрямовані на зменшення фінансового навантаження на громадян, адже навчання в автошколах може бути досить витратним. Наразі багато громадян мають можливість навчатися самостійно за допомогою онлайн-ресурсів або спеціалізованих додатків для вивчення ПДР. Скасування обов’язкових курсів у автошколах також робить процес отримання прав більш доступним, особливо для людей з обмеженими фінансовими можливостями або тих, хто не має часу на відвідування навчальних закладів.<p></p> \r\n<p>Особливості нового підходу У нових правилах передбачено, що кандидати можуть самостійно обирати метод підготовки до теоретичного іспиту. Однак вимоги до практичних навичок залишаються незмінними, і для отримання права керувати транспортним засобом необхідно пройти практичне навчання в автошколі та скласти відповідний іспит. Це дозволяє зберегти необхідний рівень безпеки на дорогах, адже управління транспортом вимагає не лише знань теорії, але й певного рівня практичної підготовки під наглядом інструктора.</p> \r\n<h2>Економія часу та ресурсів</h2> \r\n<p>Введення можливості самопідготовки до теоретичного іспиту також скорочує час, необхідний для отримання водійських прав. Раніше кандидати були зобов’язані відвідувати курси в автошколах, які могли тривати кілька місяців. Тепер же, якщо людина вже володіє знаннями або швидко засвоює матеріал, вона може скласти іспит значно швидше. Це дозволяє уникнути довгих черг в автошколах та забезпечує більш оперативний процес отримання водійського посвідчення.</p> \r\n<h2>Виклики нової системи</h2> \r\n<p>Проте спрощення вимог до теоретичного навчання може мати як позитивні, так і негативні наслідки. Деякі експерти вважають, що недостатня підготовка теоретичної частини може призвести до підвищеного ризику на дорогах. Незважаючи на це, держава розраховує на відповідальність майбутніх водіїв, а також на розвиток сучасних інструментів для самостійного навчання. Зокрема, розроблено численні додатки та онлайн-платформи, які дозволяють ефективно та якісно готуватися до теоретичних іспитів.</p>\r\n<h2>Відгуки громадськості</h2> \r\n<p>Зміни в процесі підготовки до іспитів викликали різні реакції в суспільстві. Багато людей вважають, що спрощення умов навчання полегшить доступ до водійських прав і позитивно вплине на мобільність громадян. Водночас є й ті, хто висловлює занепокоєння через можливість зниження загального рівня знань серед нових водіїв. У відповідь на це Міністерство внутрішніх справ заявляє, що система буде постійно контролюватися, а кількість аварій з вини новачків буде аналізуватися, щоб оцінити ефективність нових правил.</p>\r\n<h2>Очікувані результати</h2> \r\n<p>Запроваджені зміни можуть сприяти не лише зменшенню витрат часу і коштів для майбутніх водіїв, але й зниженню навантаження на автошколи та підвищенню доступності водійських прав для широкого кола громадян. Доступність та демократизація навчання на права, зокрема, дозволяють розширити коло тих, хто може законно керувати транспортним засобом, не вдаючись до послуг дорогих курсів. Завдяки цьому у майбутньому очікується підвищення загального рівня мобільності в країні, що особливо актуально для регіонів, де якісні автошколи можуть бути обмежені або недоступні. Таким чином, спрощення процесу складання теоретичних іспитів у 2024 році можна вважати кроком до більш доступного і демократичного процесу отримання водійських прав в Україні.</p>	Для майбутніх водіїв процес отримання прав також зазнав змін. Відтепер кандидати можуть складати теоретичний іспит без обов’язкового відвідування курсів в автошколах. 	'2024':2,479 'а':294,380 'аварія':382 'автошкола':37,70,98,159,215,244,414,465 'актуальний':460 'аналізуватися':387 'базовий':45 'безпека':169 'бута':72,467 'вважати':272,335,482 'введення':193 'вдаватися':442 'вже':225 'вивчення':91 'виклик':253 'викликати':328 'вимагати':175 'вимога':141,258 'вина':384 'винити':384 'висловлювати':356 'витрата':402 'витратний':74 'внутрішній':372 'водночас':351 'водій':27,293,366,408 'водійський':16,205,251,343,418,491 'володіти':226 'вон':232 'вплинути':347 'відвідування':120 'відвідувати':212 'відгук':320 'відповідальність':291 'відповідний':162 'відповідь':368 'готуватися':316 'громадськість':321 'громадянин':66,77,350,423 'демократизація':426 'демократичний':488 'держава':288 'деякий':270 'довгий':241 'додаток':89,306 'дозволяти':165,239,312,431 'допомога':83 'дорога':171,284 'дорогий':445 'дорожній':49 'доступ':341 'доступний':105,486 'доступність':417,424 'економія':189 'експерт':271 'ефективний':313 'ефективність':390 'забезпечувати':246 'завдяки':447 'загальний':361,453 'заклад':122 'законний':437 'залишатися':145 'занепокоєння':357 'запроваджений':395 'запровадити':7 'засвоювати':230 'засіб':153,440 'заявляти':374 'зберегти':166 'здатний':52 'зменшення':62,401 'зміна':8,58,59,322,396 'змінити':8,59,322,396 'знання':46,178,227,363 'значний':39,236 'зниження':360,411 'зобов':210 'зокрема':303,430 'кандидат':25,131,208 'керувати':151,438 'кола':422 'коло':422,433 'контролюватися':379 'кошт':405 'країна':457 'крок':483 'курс':96,213,446 'кіл':422 'кілька':219 'кількість':381 'лише':177,400 'людей':108,334 'людин':224 'людина':224 'майбутнє':450 'майбутній':292,407,450 'мат':263 'мата':263 'матеріал':231 'мая':44,117 'маяти':44,78,117 'мета':57 'метод':135 'метода':135 'мобільність':349,455 'могли':217 'можливість':79,112,194,359 'можна':481 'можуть':28,132,397,466 'міністерство':371 'місяць':220 'місяців':220 'навантаження':64,412 'навичка':144 'навчальний':121 'навчання':35,68,157,261,302,339,427 'навчатися':80 'нагляд':187 'наразі':75 'наслідок':269 'негативний':268 'недостатній':274 'недоступний':470 'незважаючи':285 'незмінний':146 'необхідний':167,202 'необхідно':154 'нова':254 'новачок':385 'нове':124 'новий':124,127,254,365,391 'нововведення':19 'обирати':134 'обмежений':110,468 'обов':33,94 'онлайн':85,309 'онлайн-платформи':308 'онлайн-ресурсів':84 'оперативний':248 'основний':18 'особливий':106,459 'особливість':123 'отримання':15,102,149,204,250,490 'оцінити':389 'очікуваний':393 'очікується':451 'пдр':92 'певний':182 'передбачити':129 'платформа':310 'позитивний':265,346 'полегшення':40 'полегшити':340 'полягає':20 'посвідчення':252 'послуга':444 'постійно':378 'правий':150,429,500 'правило':48,128,392 'правити':17,103,206,344,419,492 'право':17,103,150,206,344,419,429,492,500 'практичний':143,156,184 'прати':17,103,206,344,419,492 'призвести':279 'пройти':155 'проте':256 'процес':11,101,249,324,474,489,496 'підвищений':281 'підвищення':416,452 'підготовка':136,185,275,325 'підготуватися':54 'підхід':125 'раніше':207 'раніший':207 'реакція':330 'регіон':462 'результат':394 'ресурс':86,192 'ризик':282 'робити':100 'розвиток':297 'розраховувати':289 'розробити':304 'розширити':432 'рух':50 'рівень':168,183,362,454 'рівня':183,362,454 'різний':329 'різня':329 'рік':3,480 'самопідготовка':195 'самостійний':301 'самостійно':53,81,133 'серед':364 'середа':364 'середи':364 'система':255,376 'скасування':93 'складання':12,475,497 'складати':29 'скласти':161,234 'скорочувати':200 'спеціалізований':88 'справа':373 'справити':373 'сприяти':398 'спрощення':257,337,473,495 'спрощувати':10 'спрямований':60 'суспільство':332 'сучасний':298 'теоретичний':30,138,197,260,276,318,476 'теорія':179 'тихнути':42,114,434 'том':22 'тома':22 'транспорт':174 'транспортний':152,439 'тривати':218 'у':1,26,97,126,367,449,478 'україна':5,494 'умова':338 'умовити':338 'уникнути':240 'управління':173 'фінансовий':63,111 'час':118,190,201,403 'частина':277 'черга':242 'чин':472 'численний':305 'числення':305 'швидко':229 'швидше':237 'швидший':237 'широке':421 'широкий':421 'язані':211 'язкових':95 'язкового':34 'як':264 'який':9,216,311 'якісний':315,464 'інструктор':188 'інструмент':299 'іспит':13,31,56,139,163,198,235,319,327,477,498
deferrals-from-military-service-for-stepfathers	en	Deferrals from military service for stepfathers	<p>As a legal basis for granting deferment from military conscription during mobilization, one may refer to Paragraph 6, Part 1, Article 23 of Law No. 2232-XII (women and men who are guardians, custodians, foster parents, or adoptive parents raising a child with a disability under the age of 18). This provision states that the mentioned reservists are not subject to military conscription during mobilization.</p>\r\n\r\n<p>The Supreme Court noted that a stepfather, being married to the mother of a minor child with a disability, has the right to participate in the child's upbringing (provided they live together as a family). At the same time, the obligation to raise such a child, in accordance with the Family Code of Ukraine, lies, in particular, with the child's father.</p>\r\n\r\n<h3>Conclusion</h3>\r\n\r\n<p>The Supreme Court concluded that since the obligation to raise a child with a disability is imposed on the father under Part 2, Article 157 of the Family Code of Ukraine, and according to Part 1, Article 260 of the same Code, the stepfather exercises this right on a voluntary basis, there are no reasonable grounds to consider that the provisions of Paragraph 6, Part 1, Article 23 of Law No. 2232-XII apply to the stepfather under the circumstances of this case.</p>\r\n\r\n<p><a href="https://reyestr.court.gov.ua/Review/122098050">Court Decision</a></p>	The Supreme Court's position on the possibility of obtaining a deferment from service for a stepfather to care for a child with a disability under the age of 18.	'1':20,165,195 '157':154 '18':50 '2':152 '2232':26,201 '23':22,197 '260':167 '6':18,193 'accord':114,162 'adopt':38 'age':48 'appli':203 'articl':21,153,166,196 'basi':4,180 'case':212 'child':42,81,92,112,126,141 'circumst':209 'code':118,158,171 'conclud':133 'conclus':129 'conscript':10,63 'consid':187 'court':68,132,213 'custodian':34 'decis':214 'defer':7 'deferr':215 'disabl':45,84,144 'exercis':174 'famili':101,117,157 'father':128,149 'foster':35 'grant':6 'ground':185 'guardian':33 'impos':146 'law':24,199 'legal':3 'lie':121 'live':97 'marri':74 'may':14 'men':30 'mention':56 'militari':9,62,217 'minor':80 'mobil':12,65 'mother':77 'note':69 'oblig':107,137 'one':13 'paragraph':17,192 'parent':36,39 'part':19,151,164,194 'particip':89 'particular':123 'provid':95 'provis':52,190 'rais':40,109,139 'reason':184 'refer':15 'reservist':57 'right':87,176 'servic':218 'sinc':135 'state':53 'stepfath':72,173,206,220 'subject':60 'suprem':67,131 'time':105 'togeth':98 'ukrain':120,160 'upbring':94 'voluntari':179 'women':28 'xii':27,202
deferrals-from-military-service-for-stepfathers	uk	Відстрочки від призову на військову службу для вітчима	У якості правової підстави для надання відстрочки від призову на військову службу під час мобілізації є можливість керуватися абз. 6 ч. 1 ст. 23 Закону № 2232-ХІІ (жінки та чоловіки, опікуни, піклувальники, прийомні батьки, батьки-вихователі, які виховують дитину з інвалідністю віком до 18 років). Ця норма вказує, що не підлягають призову на військову службу під час мобілізації вказані військовозобов`язані.<br><br>ВС зазначив, що вітчим перебуваючи у шлюбі з матір’ю неповнолітньої дитини з інвалідністю, має право на участь у її вихованні (за умови проживання однією сім`єю). При цьому обов`язок щодо виховання цієї дитини відповідно до положень СК України покладено, зокрема, на її батька.<br><br><h2 class="">Висновок</h2><br>ВС дійшов висновку, що оскільки обов`язок з виховання дитини з інвалідністю, приписами ч. 2 ст. 157 СК України покладено на її батька, а відповідно до ч. 1 ст. 260 СК України вітчим реалізовує таке право на добровільних засадах, відсутні обґрунтовані підстави вважати, що на вітчима, за обставин цієї справи, розповсюджуються положення абз. 6 ч. 1 ст. 23 Закону № 2232-ХІІ.<br><br><a href="https://reyestr.court.gov.ua/Review/122098050" target="_blank">Рішення суду</a>	Позиція ВС щодо можливості отримати відстрочку від служби для вітчима по догляду за дитиною з інвалідністю до 18 років.	'1':22,136,164 '157':125 '18':45 '2':123 '2232':26,168 '23':24,166 '260':138 '6':20,162 'а':132 'абз':19,161 'батьки':34,36 'батьки-вихователі':35 'батько':34,36,107,131 'вважати':151 'висновок':108,111 'виховання':83,95,117 'вихователь':37 'виховувати':39 'вказаний':60 'вказувати':49 'вс':63,109 'відповідно':98,133 'відстрочка':7,172 'відсутній':148 'військовий':11,55,176 'військовозобов':61 'вік':43 'віко':43 'вітчим':66,141,154,179 'дитина':40,74,97,118 'дитини':74,97,118 'добровільний':146 'дійти':110 'жінка':28 'зазначити':64 'закон':25,167 'засада':147 'зокрема':104 'керуватися':18 'матір':71 'мая':77 'маяти':77 'мобілізація':15,59 'можливість':17 'надання':6 'неповнолітній':73 'норма':48 'обов':92,114 'обставина':156 'обґрунтований':149 'один':87 'опікун':31 'оскільки':113 'перебувати':67 'перти':90 'покласти':103,128 'положення':100,160 'право':78,144 'правовий':3 'призовий':9,53,174 'призову':9,53,174 'прийомні':33 'припис':121 'проживання':86 'підлягати':52 'підстава':4,150 'піклувальник':32 'реалізовувати':142 'розповсюджуватися':159 'рік':46 'рішення':170 'ск':101,126,139 'служба':12,56,177 'справа':158 'ст':23,124,137,165 'суд':171 'сім':88 'у':1,68,81 'україна':102,127,140 'умова':85 'участь':80 'хіі':27,169 'ч':21,122,135,163 'час':14,58 'чоловік':30 'шлюб':69 'щодо':94 'ю':72 'язані':62 'язок':93,115 'який':38 'якість':2 'єю':89 'інвалідність':42,76,120
\.


--
-- Data for Name: audio; Type: TABLE DATA; Schema: public; Owner: postgres
--

COPY public.audio (identifier, active, name) FROM stdin;
3	t	Audio for article - Evidence in administrative offense cases key aspects
2	t	Audio for article - Document verification for drivers
1	t	Audio for article - Simplification of the drivers license examination process
62	t	Reservation of employees of enterprises in Ukraine during martial law
44	t	test audio
46	t	Ukraine Plans to Increase Fines for Speeding Violations
63	t	Code of Ukraine on Administrative Offenses
47	t	The importance of seat belts when driving a car
64	t	Impossibility of judicial appeal of summons to appear at the Territorial Centres of Recruitment
48	t	The driver is allowed to enter the lane for route vehicles, separated by a broken marking line, for the purpose of dropping off a passenger
49	t	The Law on Road Traffic of Ukraine
65	t	Plaintiff's failure to appear in court
50	t	Using a video recorder
51	t	Grounds for stopping a vehicle by police officers in Ukraine
66	t	Deferrals from military service for stepfathers
52	t	Code of Administrative Procedure of Ukraine
53	t	Restrictions on the right to drive a vehicle during mobilization
67	t	Traffic rules of Ukraine: a complete overview of the regulatory framework
54	t	Circumstances that are not a valid reason for missing a procedural deadline
55	t	Administrative detention: legal grounds, terms and features
68	t	The Constitution of Ukraine and the sphere of military law
56	t	Evidence in administrative law
57	t	Laws and regulations governing the field of military law
58	t	Amendments to the Resolution of the Cabinet of Ministers on the Reservation of Conscripts No. 27.01.23 No. 76
69	t	Rights of a person held administratively liable
59	t	Passing the military medical commission
60	t	Extension of the guarantee of maintaining a serviceman's job
61	t	Military Registration Document: Importance and Features
\.


--
-- Data for Name: audio_translates; Type: TABLE DATA; Schema: public; Owner: postgres
--

COPY public.audio_translates (audio_id, language, description, path) FROM stdin;
3	en	Evidence in Administrative Offense Cases: Key Aspects	articles/evidence-in-administrative-offense-cases-key-aspects/en-evidence-in-administrative-offense-cases-key-aspects.mp3
3	uk	Докази по справі про адміністративне правопорушення: ключові аспекти	articles/evidence-in-administrative-offense-cases-key-aspects/uk-evidence-in-administrative-offense-cases-key-aspects.mp3
2	en	Document Verification for Drivers by Police Officers: Updated Requirements and Procedures	articles/document-verification-for-drivers/en-Changes-in-driver-document.mp3
2	uk	Перевірка документів у водіїв працівниками поліції: оновлені вимоги та процедури	articles/document-verification-for-drivers/uk-perevirka-dokumentiv-u-vodiiv-transportnih-zasobiv.mp3
1	en	Simplification of the driver's license examination process audio	articles/simplification-of-the-drivers-license-examination-process/en-simplification-of-the-driver's-license-examination-process.mp3
1	uk	Спрощення процесу складання іспитів на права аудіо	articles/simplification-of-the-drivers-license-examination-process/uk-sproshennya-procesu-skladannya-ispitiv-na-prava.mp3
67	en	Traffic rules of Ukraine: a complete overview of the regulatory framework	articles/0x0TNnt9y53MSwmojntN.mp3
67	uk	Правила дорожнього руху України: повний огляд нормативно-правової бази	articles/3cWj7B1btWKqDhGixIUB.mp3
44	en	test track	articles/x1Em4itufDIGoYrcHuXf.mp3
44	uk	Тестовий трек для статті	articles/MTsZCc4rD6sGq7aUjkw6.mp3
46	en	Ukraine Plans to Increase Fines for Speeding Violations	articles/O1bvRPHX8BETSlbDuZkk.mp3
46	uk	В Україні планують підвищити розміри штрафів за порушення швидкісного режиму	articles/Jkyn4R1Wwf18Qgdls3fl.mp3
47	en	The importance of seat belts when driving a car	articles/zGgLQI3RrgejD1knJaLr.mp3
47	uk	Використання ременів безпеки є критично важливим для життя	articles/tBdvhTQhR1Gg31Zp6QnL.mp3
48	uk	Водієві дозволено, заїжджати на смугу для маршрутних транспортних засобів, відокремлену переривчастою лінією розмітки, з метою висадки пасажира	articles/BW7fbMpMB3vINNV4eVUC.mp3
48	en	The driver is allowed to enter the lane for route vehicles, separated by a broken marking line, for the purpose of dropping off a passenger	articles/4UfoZXEOsHmxu6ztgdwB.mp3
49	en	The Law on Road Traffic of Ukraine	articles/ob7mXXdlyLxg4qXThAPs.mp3
49	uk	Закон України Про дорожній рух	articles/Vz6KtZNhcWE2c1j5BFKo.mp3
50	en	Using a Dashcam	articles/toIMsEPQPOnf7qqxDcBj.mp3
50	uk	Використання відеореєстратора	articles/Hfc7jAV7SJNeEsgD5inE.mp3
51	en	Grounds for stopping a vehicle by police officers in Ukraine	articles/UePtTK4su18WJTFMUNHK.mp3
51	uk	Підстави для зупинки транспортного засобу працівниками поліції в Україні	articles/J5KGQrQYC5zDSNAw6XEJ.mp3
52	en	Code of Administrative Procedure of Ukraine	articles/VL0ThdYLPqCimyu7m1Mj.mp3
52	uk	Кодекс адміністративного судочинства України	articles/O3Ad9eclztWfCYPSyfmU.mp3
53	en	Restrictions on the right to drive a vehicle during mobilization	articles/80kepExwm7JOLlvi3Hn8.mp3
53	uk	Обмеження у праві керування транспортним засобом під час мобілізації	articles/Eli90j2FRLTY9nQisTg6.mp3
54	en	Circumstances that are not a valid reason for missing a procedural deadline	articles/ENPlJB6AvKW17aaYbZ8k.mp3
54	uk	Обставина, яка не є поважною причиною пропуску процесуального строку	articles/ZmE3qPdLkHrRYmMIJtHI.mp3
55	en	Administrative detention: legal grounds, terms and features	articles/rlFwMNzn6DijO4j4ud1P.mp3
55	uk	Адміністративне затримання: правові підстави, строки та особливості	articles/GCVyIHOKrxNgbfLtaEPM.mp3
56	en	Evidence in administrative law	articles/5e2kXdhfYT5X9thi1vsr.mp3
56	uk	Докази в адміністративному праві	articles/VERNx2uuhEUapgQNzrPh.mp3
57	en	Laws and regulations governing the field of military law	articles/Lo6l9AxA7ssBi95tP5Lv.mp3
57	uk	Закони та нормативно-правові акти, які регулюють сферу військового права	articles/WzkJozZG5XzSLqlSCWCW.mp3
58	en	Amendments to the Resolution of the Cabinet of Ministers on the Reservation of Conscripts No. 27.01.23 No. 76	articles/s60hWJ8A2Coz2GsfOyFv.mp3
58	uk	Зміни до постанови КМУ щодо бронювання військовозобов'язаних № 27.01.23 № 76	articles/5JID12owEKTk94MNxyAj.mp3
59	en	Passing the military medical commission	articles/P1Acn3i2Evh3qxq5eKff.mp3
59	uk	Проходження військово-лікарської комісії	articles/VuStIy44IluC0wQWXRXK.mp3
60	en	Extension of the guarantee of maintaining a serviceman's job	articles/97vH4dAUtFBo20Imz4AN.mp3
60	uk	Поширення гарантії щодо збереження місця роботи військовослужбовця	articles/B5Me5PYYcZq91Rs8I2gV.mp3
61	en	Military Registration Document: Importance and Features	articles/hkmaQdlvCALDOlotyYJj.mp3
61	uk	Військовий обліковий документ: значення та особливості	articles/VbqpYx0J8kpEcbdq91Om.mp3
62	en	Reservation of employees of enterprises in Ukraine during martial law	articles/P7psxYLRoIJrcelv265j.mp3
62	uk	Бронювання працівників підприємств в Україні під час воєнного стану	articles/7Iw6RApX9Etnh0LQKJhq.mp3
63	en	Code of Ukraine on Administrative Offenses	articles/HuxgSQUTVEmWUtSfTvzw.mp3
63	uk	Кодекс України про адміністративні правопорушення	articles/VcN4L87gq1dPgM93LP1b.mp3
64	en	Impossibility of judicial appeal of summons to appear at the Territorial Centres of Recruitment	articles/WI6AKCuYy0zWxr4lJPiC.mp3
64	uk	Неможливість судового оскарження повістки на прибуття до ТЦК	articles/24MCyyzjxxgTPHPThf0O.mp3
65	en	Plaintiff's failure to appear in court	articles/DKyUwQbuNiKNTo9tqfrY.mp3
65	uk	Неявка до суду позивача	articles/slugbiKdeVwigCfa4q7V.mp3
68	en	The Constitution of Ukraine and the sphere of military law	articles/DDBXLApy4Ept4RFwSge0.mp3
68	uk	Конституція України і сфера військового права	articles/bu64rPwOJOw3aneo6BKL.mp3
66	en	Deferrals from military service for stepfathers	articles/0Q9HyCWIMlrRUn7XzwJS.mp3
66	uk	Відстрочки від призову на військову службу для вітчима	articles/ajA9waWtO2clYoSJU5xd.mp3
69	en	Rights of a person held administratively liable	articles/MZMfV0odLD1TEyGmR7x2.mp3
69	uk	Права особи, яка притягується до адміністративної відповідальності	articles/oEdo05xfbKCIJgw463AX.mp3
\.


--
-- Data for Name: author; Type: TABLE DATA; Schema: public; Owner: postgres
--

COPY public.author (identifier, name, active) FROM stdin;
1	AI	t
18	Test author 1	t
\.


--
-- Data for Name: author_translates; Type: TABLE DATA; Schema: public; Owner: postgres
--

COPY public.author_translates (author_id, language, description) FROM stdin;
1	en	AI
1	uk	Штучний інтелект
18	en	Test author
18	uk	Тестовий автор
\.


--
-- Data for Name: banner; Type: TABLE DATA; Schema: public; Owner: postgres
--

COPY public.banner (identifier, active, name, img_id, priority) FROM stdin;
8	t	Stand With Ukraine	116	10
10	t	Choose your future	118	5
\.


--
-- Data for Name: category; Type: TABLE DATA; Schema: public; Owner: postgres
--

COPY public.category (identifier, active) FROM stdin;
traffic-legislative-changes	t
traffic-consultations	t
traffic-judicial-practice	t
traffic-legal-framework	t
traffic-common-mistakes	t
traffic-vehicle-stop	t
administrative-process-legal-framework	t
administrative-process-legislative-changes	t
administrative-process-consultations	t
administrative-process-administrative-detention	t
evidence	t
military-law	t
military-law-legal-framework	t
military-law-legislative-changes	t
military-law-mmc	t
military-law-judicial-practice	t
military-registration-document	t
military-reservation	t
administrative-process	t
traffic	t
\.


--
-- Data for Name: category_translates; Type: TABLE DATA; Schema: public; Owner: postgres
--

COPY public.category_translates (category_id, language, name, description) FROM stdin;
military-law-mmc	en	Military Medical Commission	The section is dedicated to everything related to the VLK - regulatory documents, recent changes, precedents, consultations.
military-registration-document	en	Military registration document	A selection of articles on the topic of military registration documents - legal framework, legislative changes, practical application.
traffic-legislative-changes	en	Traffic legislative changes	Always stay up to date with the latest legislative changes in the field of road traffic. Whether you are a driver or a pedestrian, this section will be useful for everyone.
traffic-legislative-changes	uk	Законодавчі зміни в дорожньому русі	Будьте завжди в курсі останніх законодавчих змін в сфері дорожнього руху. Водій ви, або пішохід, цей розділ буде корисним для кожного. 
traffic-consultations	en	Traffic consultations	Materials on the topic of road traffic. Useful tips, analysis of specific life cases. Consultations are provided in case of legal assistance to our company. Personal data of clients is not disclosed.
traffic-consultations	uk	Консультації з питань дорожнього руху	Матеріали по темі дорожнього руху. Корисні поради, розбір конкретних життєвих випадків. Консультації надаються в разі звернення за юридичною допомогою в нашу компанію. Особисті дані клієнтів не розголошуються.
traffic-judicial-practice	en	Traffic judicial practice	One of the important elements of the legal system of Ukraine is legal practice. It is this element that combines the norms of administrative law into a single whole and is implemented in the form of a court decision. The sphere of road traffic.
traffic-judicial-practice	uk	Судова практика з питань дорожнього руху	Одним з важливих елементів правової системи України є юридична практика. Саме цей елемент поєдную в єдине ціле норми адміністративного права і реалізується у вигляді судового рішення. Статті про застосування юридичних норм у сфері дорожнього руху.
traffic-legal-framework	en	Traffic legal framework	Collection of regulatory legal acts and documents regulating relations in the field of road traffic
traffic-legal-framework	uk	Правова база дорожнього руху	Збір нормативно-правових актів та документів, якими регулюються відносини у сфері дорожнього руху
traffic-common-mistakes	en	Traffic common mistakes	A set of tips and actions that will help you avoid violating traffic rules and defend your violated rights.
traffic-common-mistakes	uk	Поширені помилки в сфері правил дорожнього руху	Набір порад, дій, які допоможуть Вам уникнути порушення правил дорожнього руху, відстояти свої порушені права.
traffic-vehicle-stop	en	Vehicle Stop	Everything drivers need to know when a vehicle is stopped by police officers - the grounds, procedure, consequences, and powers of the parties.
traffic-vehicle-stop	uk	Зупинка транспортного засобу	Все що треба знати водіям під час зупинки транспортного засобу працівниками поліції - підстави, порядок дій, наслідки, повноваження сторін.
administrative-process-legal-framework	en	Administrative process legal framework	Collection of materials on regulatory legal acts regulating the sphere of administrative process in Ukraine
administrative-process-legal-framework	uk	Правова база адміністративного процесу	Збірка матеріалів по нормативно-правовим актам, які регулюють сферу адміністративного процесу України
administrative-process-legislative-changes	en	Administrative process legislative changes	All changes in the legislation regarding administrative justice in Ukraine. You will always be up to date - you will be the first.
administrative-process-legislative-changes	uk	Зміни в законодавстві щодо адміністративного судочинства	Всі зміни в законодавстві щодо адміністративного судочинства України. Будете завжди в курсі - будете першим.
administrative-process-consultations	en	Administrative process consultations	A set of materials that highlight specific actions that can help a litigant achieve their goal.
administrative-process-consultations	uk	Консультації з питань адміністративного судочинства	Набір матеріалів, які висвітлюють конкретні дії, які можуть допомогти учаснику судового процесу досягти своєї мети. 
military-law-legislative-changes	en	Changes in legislation regarding military law	Current changes in the legislation regarding the military law of Ukraine. Laws, acts of the Cabinet of Ministers, orders of law enforcement agencies and others. To know means to be ready.
military-law-legislative-changes	uk	Зміни в законодавстві щодо військового права	Актуальні зміни в законодавстві щодо військового права України. Закони, акти кабміну, накази правоохоронних органів і інші. Знати - означає бути готовим.
military-law-mmc	uk	Військово-лікарська комісія	Розділ присвячений всьому, з чим пов'язана ВЛК - нормативно-правові документи, останні зміни, прецеденти, консультації.
administrative-process-administrative-detention	en	Administrative detention	A collection of materials that will help you protect your rights during administrative detention by police officers. Legislation, advice, examples.
administrative-process-administrative-detention	uk	Адміністративне затримання	Збірка матеріалів, які допоможуть захистити свої права під час адміністративного затримання працівниками поліції. Законодавство, поради, приклади.
military-law-judicial-practice	en	Military law judicial practice	Real actions, decisions of law enforcement agencies, the judiciary, and military representatives.
military-law-judicial-practice	uk	Юридична практика в сфері військового права	Реальні дії, рішення правоохоронних органів, судової влади та військових представництв.
evidence	en	Evidence	Evidence plays a big role in administrative law. Its absence or presence by one of the parties can have a decisive impact on the court's decision. Evidence is usually collected at the initial stage, so knowledge about it is necessary to have before that.
evidence	uk	Докази	Докази в адміністративному праві відіграють велику роль. Їх відсутність чи наявність в однієї зі сторін може мати вирішальний вплив на рішення суду. Докази, як правило, збираються на початковому етапі, тому знання про них потрібно мати до того.
military-registration-document	uk	Військово-обліковий документ	Підбірка статей на тему військово-облікового документа - правова база, законодавчі зміни, практичне застосування.
military-reservation	en	Reservation of employees for the period of mobilization	Stay up to date with everything related to the topic of booking you or your employees - legal regulations, recent changes, important decisions of government authorities.
military-reservation	uk	Бронювання працівників на період мобілізації	Будьте в курсі всього, що стосується теми бронювання вас або ваших працівників - норми права, останні зміни, важливі рішення органів влади.
military-law	en	Military law	Everything you need to know to protect your rights and fulfill your duties in the field of military law. Regulatory acts, consultations, legal positions of authorities.
military-law	uk	Військове право	Все що потрібно знати для захисту своїх прав та виконання обов'язків у сфері військового права. Нормативні акти, консультації, правові позиції органів влади. 
military-law-legal-framework	en	Military law legal framework	A collection of articles describing regulatory legal acts in the field of military law, such as laws, government decrees, and others.
military-law-legal-framework	uk	Нормативна база військового права	Збірка статей, які описують нормативно-правові акти у сфері військового право, такі як закони, постанови уряду та інші.
administrative-process	en	Administrative Process 	Adjudication of administrative cases in courts, refers to the procedures and practices employed to resolve disputes arising from the application of administrative law
administrative-process	uk	Адміністративний процес	Адміністративно-процесуальними нормами врегульована діяльність публічної адміністрації, яка спрямована на застосування положень матеріального права під час розгляду та вирішення конкретних індивідуальних справ
traffic	en	Traffic law	Traffic law refers to the regulations and rules established by authorities to ensure the safe and efficient movement of vehicles and pedestrians on roads
traffic	uk	Законодавство про дорожній рух	Все про закони про дорожній рух які стосуються правил і норм, встановлених владою для забезпечення безпеки та ефективного руху транспортних засобів і пішоходів на дорогах
\.


--
-- Data for Name: img; Type: TABLE DATA; Schema: public; Owner: postgres
--

COPY public.img (identifier, name, author_id, path, active) FROM stdin;
2	document-verification-for-drivers	1	articles/perevirka-documentiv/1.webp	t
4	stub-coming-soon-article-list-view	1	common/coming-soon-2000-2000.webp	t
111	A road intersection with two cars and a pedestrian.	1	articles/kTIz5gCHXgwWy5UjRqJr.webp	t
86	Test image	1	articles/MtehBneVhhzq7UQmJZqZ.webp	t
87	Ukraine Plans to Increase Fines for Speeding Violations	1	articles/JC6uDKOhOTfTW4llZ7v6.webp	t
123	Alarm clock and sticker Later	1	articles/WxqSHIish3hAwUevO6v7.webp	t
89	The importance of seat belts when driving a car	1	articles/UhVz7uQ1CtyKxiBqJjAI.webp	t
124	A soldier looks at the paperwork	1	articles/OAl25ihbrJtvpivnuuga.webp	t
94	Code of Administrative Procedure of Ukraine	1	articles/xM4I08ZxocyONRNBJ1y6.webp	t
97	The man was detained by police officers.	1	articles/Brj5m1UuDpv5Wpmb6YLt.webp	t
98	Evidence	1	articles/YejljIOCfWrUW6CJOaVq.webp	t
99	Laws and regulations governing the field of military law	1	articles/bwJnyKH6OTXUWtvvyQUA.webp	t
100	Employee in the field of heat energy supply and overdrinking Reservation	1	articles/qTQmeyuYbNixetNLE943.webp	t
101	A doctor examines a conscript	1	articles/MGOtwPwMFXLkiuzepUxD.webp	t
102	Чоловік сидить за столом та тримає в руках зарплатну відомість	1	articles/VWhiJJMStVIrC4VLv913.webp	t
112	Doctor and soldier next to the Constitution	1	articles/gq91ghsZvDDF7hGyy3mh.webp	t
105	Reservation of employees of enterprises in Ukraine during martial law	1	articles/YESXKyzWfKbM2LZYZPDK.webp	t
106	Temporary image while the main image is being prepared	18	common/PGZ8DSsNjDOpiUGHKAUW.webp	t
107	Office space with a desk and the Administrative Code on it	1	articles/1FExiCl5qNVziNVapLsD.webp	t
108	Judge at the table and a folder with the inscription "Subpoena"	1	articles/j8ZqRbZgYUwzphTpscDD.webp	t
109	The plaintiff did not come to court. The judge and the defendant were alone.	1	articles/Yr8jWGTQv2KAawW0Y5nw.webp	t
110	A man at a table looks at a summons. Nearby, a child and a woman are minding their own business.	1	articles/cBgQdk9MwKeT9PzytowI.webp	t
125	A car stopped at a bus stop in a city with office buildings	1	articles/fRogZMa35ArtJSzgzzhQ.webp	t
113	A police officer draws up a warrant for the driver of a vehicle	1	articles/i2CQpp9FY4mb3JzJdWJS.webp	t
114	Two women in the middle of a car smiling while driving	1	articles/CLTj5cTF7ks2SS86NahJ.webp	t
115	An open diary with a magnifying glass pointed at it. Nearby is a sheet of paper with notes, but they cannot be made out.	1	articles/3WYiOAT87ljoDuP6S1K1.webp	t
116	Sheets of paper with the inscription Stand with Ukraine and a pen next to it on a blue background	1	articles/2izC3OOru2ldMiVVMo1F.webp	t
118	View from inside the car onto the road. Several cars ahead, mountains, and the sun.	1	common/qtd11SDaWnYdigYA2oI3.webp	t
119	Policeman stops a car on the road with a stop sign in his hands	1	articles/0jaGsGdFjIzT0jt44VKQ.webp	t
120	A girl takes a picture of herself in a car mirror	1	articles/pamrM7zAdfC4UVYi14Ew.webp	t
121	Law and justice (books, sheet, gavel)	1	articles/KTEVyZpsMI65hYL6suzq.webp	t
122	Restriction of the Right to Drive a Vehicle	1	articles/ONNqbsXELiklQyyXS2tk.webp	t
126	Man in office suit	1	common/GztiswZ12BzFPvrgWl2Z.webp	t
127	Table, books and the inscription "Legal protection with a 30% discount"	1	common/3BegpxqtH0rzb4wh4zZT.webp	t
128	Man in a suit and with a diplomat. Wristwatch with the inscription 24/7	1	common/66VkfbtQ0pMUxMnktfi1.webp	t
129	Two men in an office building making a deal	1	common/UXcM9b0CqzcFrzbrmD7V.webp	t
\.


--
-- Data for Name: img_cache; Type: TABLE DATA; Schema: public; Owner: postgres
--

COPY public.img_cache (key, data, type, created_at) FROM stdin;
\.


--
-- Data for Name: img_translates; Type: TABLE DATA; Schema: public; Owner: postgres
--

COPY public.img_translates (img_id, language, description) FROM stdin;
2	en	Document Verification for Drivers
2	uk	Перевірка документі у водіїв транспортних засобів
4	en	Coming soon
4	uk	Скоро буде
112	en	Doctor and soldier next to the Constitution
112	uk	Лікар і військовий поруч з Конституцією
86	en	Test image
86	uk	Тестова картинка
113	en	A police officer draws up a warrant for the driver of a vehicle
113	uk	Поліцейський складає постанову на водія траспортного засобу
87	en	Ukraine Plans to Increase Fines for Speeding Violations
87	uk	В Україні планують підвищити розміри штрафів за порушення швидкісного режиму
114	en	Two women in the middle of a car smiling while driving
114	uk	Дві жінки в середині автомобіля посміхаються під час їзди
89	en	The importance of seat belts when driving a car
89	uk	Важливість ременів безпеки при керуванні автомобілем
115	en	An open diary with a magnifying glass pointed at it. Nearby is a sheet of paper with notes, but they cannot be made out.
115	uk	Відкритий щоденник з наведеною лупою. Поруч аркуш паперу з записами, але їх не розібрати.
116	en	Sheets of paper with the inscription Stand with Ukraine and a pen next to it on a blue background
116	uk	Аркуші паперу з надписом Stand with Ukraine і ручкою поруч на блакитному фоні
94	en	Code of Administrative Procedure of Ukraine
94	uk	Кодекс адміністративного судочинства України
118	en	View from inside the car onto the road. Several cars ahead, mountains, and the sun.
119	en	Policeman stops a car on the road with a stop sign in his hands
97	en	The man was detained by police officers.
97	uk	Чоловіка затримали співробітники поліції.
119	uk	Поліцейський зупиняє автомобіль на дорозі зі знаком стоп в руках
98	en	Evidence 
98	uk	Докази
120	en	A girl takes a picture of herself in a car mirror
99	en	Laws and regulations governing the field of military law
99	uk	Закони та нормативно-правові акти, які регулюють сферу військового права
120	uk	Дівчина фотографує себе в дзеркалі автомобіля
100	en	Employee in the field of heat energy supply and overdrinking Reservation
100	uk	Працівник сфери постачання теплової енергії і надпим Бронювання
121	en	Law and justice (books, sheet, gavel)
101	en	A doctor examines a conscript
101	uk	Лікар оглядає призовника
121	uk	Закон і правосуддя (книги, аркуш, молоток)
102	en	A man sits at a table and holds a pay slip in his hands (uk)
102	uk	Чоловік сидить за столом та тримає в руках зарплатну відомість (укр)
122	en	Restriction of the Right to Drive a Vehicle
122	uk	Обмеження права керування транспортним засобом
123	en	Alarm clock and sticker Later
123	uk	Білий будильник і наклейка Пізніше
105	en	Reservation of employees of enterprises in Ukraine during martial law
105	uk	Бронювання працівників підприємств в Україні під час воєнного стану
124	en	A soldier looks at the paperwork
106	en	Temporary image while the main image is being prepared
106	uk	Тимчасове зображення, поки головне зображення готується
124	uk	Військовий дивиться на оформлення документів
107	en	Office space with a desk and the Administrative Code on it
107	uk	Офісне приміщення зі столом і Адміністративним кодексом не ньому
125	en	A car stopped at a bus stop in a city with office buildings
108	en	Judge at the table and a folder with the inscription "Subpoena"
108	uk	Суддя за столом і папка з надписом "Повістка"
109	en	The plaintiff did not come to court. The judge and the defendant were alone.
109	uk	Позивач не прийшов до суду. Суддя і відповідач самі.
126	en	Man in office suit
126	uk	Людина в офісному костюмі
110	en	A man at a table looks at a summons. Nearby, a child and a woman are minding their own business.
110	uk	Чоловік за столом дивиться на повістку. Поруч дитина і жінка займаються своїми справами.
111	en	A road intersection with two cars and a pedestrian.
111	uk	Перехрестя дороги на якому є два автомобіля і пішохід.
127	en	Table, books and the inscription "Legal protection with a 30% discount"
127	uk	Стіл, книги і напис "Юридичний захист зі знижкою 30%"
128	en	Man in a suit and with a diplomat. Wristwatch with the inscription 24/7
128	uk	Чоловік в костюмі і з дипломатом. Наручний годинник з написом 24/7
118	uk	Вид зсередини автомобіля на дорогу. Попереду декілька автомобілів, гори та сонце.
125	uk	Автомобіль зупинився на автобусній зупинці в місті з офісними будівлями
129	en	Two men in an office building making a deal
129	uk	Два чоловіка в офісному приміщенні укладають угоду
\.


--
-- Data for Name: language; Type: TABLE DATA; Schema: public; Owner: postgres
--

COPY public.language (identifier, active) FROM stdin;
en	t
uk	t
\.


--
-- Data for Name: links; Type: TABLE DATA; Schema: public; Owner: postgres
--

COPY public.links (link_id, path) FROM stdin;
0	{}
1	{root}
2	{root,about}
3	{root,sitemap}
4	{root,server-error-example}
5	{root,article}
\.


--
-- Data for Name: links_translates; Type: TABLE DATA; Schema: public; Owner: postgres
--

COPY public.links_translates (link_id, language, name, description) FROM stdin;
1	en	Home	Home Page
1	uk	Головна	Головна сторінка
2	en	About	About Page
2	uk	Про компанію	Сторінка про компанію
3	en	Sitemap	Sitemap Page - all links on one page
3	uk	Мапа сайту	Мапа сайту - усі посилання на одній сторінці
4	en	Server error example	Server error example page
4	uk	Приклад помилки серверу	Приклад сторінки помилки серверу
5	en	Article	Article page
5	uk	Матеріли	Матеріли на тему адміністративного права
\.


--
-- Data for Name: page; Type: TABLE DATA; Schema: public; Owner: postgres
--

COPY public.page (id, url, active) FROM stdin;
31	free-consultation	t
32	ownership-of-materials	t
33	author-personal-page	t
8	about	t
10	why-subscribe	t
11	authors	t
35	exams	t
12	training	t
13	commercial-offer	t
36	attorney-license	t
14	special-offers	t
37	our-partners	t
16	feedback	t
17	recovery	t
38	policy-cookie	t
19	conditions-of-publication	t
20	benefits	t
15	contacts	t
39	policy-confidential	t
40	work-at-lawshield	f
23	login	t
24	register	t
25	standard-subscription	t
28	changepassword	t
18	account	t
29	discount-30-percent	t
30	24-7-support	t
\.


--
-- Data for Name: page_translates; Type: TABLE DATA; Schema: public; Owner: postgres
--

COPY public.page_translates (page_id, language, name, short_description, description) FROM stdin;
12	en	Training	Our law firm offers practical lectures for lawyers covering current topics, real cases, and document work. Lectures last 2–3 hours and provide maximum benefit. Fast, professional, and focused on results and practical skills.	<h2 class=""><span style="font-weight: normal;">Practical Lectures for Lawyers: Training That Delivers</span></h2>\r\n\r\n<p>In a constantly changing legal environment, it’s not enough for lawyers to know the law — they must also adapt quickly, understand current practice, and work effectively with legal documents. That’s why our law firm offers <u>practical lectures for lawyers</u> — a format that combines theory, real cases, and actionable tools you can apply the very next day.</p>\r\n\r\n<h2 class=""><span style="font-weight: normal;">What Is a Practical Lecture?</span></h2>\r\n\r\n<p>It’s a short but content-rich session (2–3 hours) delivered by an experienced legal practitioner on a focused topic. Unlike academic courses, our lectures are based on real practice: current legal issues, common mistakes, hands-on advice, document templates, and court decisions. It’s a condensed package of experience gained from real client work.</p>\r\n\r\n<h2><span style="font-weight: normal;">Lecture Topics</span></h2>\r\n\r\n<p>Our firm specializes in administrative law, so our lectures cover the most relevant topics:</p>\r\n\r\n<ul>\r\n  <li>Appealing decisions and actions of public authorities;</li>\r\n  <li>Handling and preparing for official inspections;</li>\r\n  <li>Traffic violations and administrative defense strategies;</li>\r\n  <li>Legal aspects of mobilization, draft notices, military medical commissions, and military registration;</li>\r\n  <li>Drafting and filing administrative lawsuits;</li>\r\n  <li>Evidence handling and court communication;</li>\r\n  <li>Building legal positions in cases against state agencies.</li>\r\n</ul>\r\n\r\n<h2><span style="font-weight: normal;">Format &amp; Convenience</span></h2>\r\n\r\n<p>We offer lectures both <u>offline</u> at our office and <u>online</u> via Zoom or YouTube Live. Each session includes handouts: document samples, checklists, and excerpts from court rulings. Participants also receive recordings in case they cannot attend live.</p>\r\n\r\n<h2><span style="font-weight: normal;">Who Are the Lecturers?</span></h2>\r\n\r\n<p>Our lecturers are in-house attorneys and legal experts from our firm with active experience in administrative, military, and traffic law. These are not academic theorists, but professionals who defend clients in court, work with government bodies, and handle complex legal cases every day.</p>\r\n\r\n<h2><span style="font-weight: normal;">Who Should Attend?</span></h2>\r\n\r\n<ul>\r\n  <li>Junior lawyers — to quickly gain real-world experience;</li>\r\n  <li>Practicing attorneys — to stay up-to-date and sharpen their skills;</li>\r\n  <li>In-house legal teams — to increase day-to-day legal efficiency;</li>\r\n  <li>Law students — to bridge the gap between theory and practice.</li>\r\n</ul>\r\n\r\n<h2><span style="font-weight: normal;">Why Choose Our Lectures?</span></h2>\r\n\r\n<ul>\r\n  <li><u>Speed:</u> Just 2–3 hours instead of days-long seminars;</li>\r\n  <li><u>Practical focus:</u> No fluff — only what really works;</li>\r\n  <li><u>Live interaction:</u> Ask questions and get direct answers;</li>\r\n  <li><u>Materials:</u> Templates, case examples, and legal references;</li>\r\n  <li><u>Flexibility:</u> Choose online or offline formats.</li>\r\n</ul>\r\n\r\n<h2><span style="font-weight: normal;">How to Join?</span></h2>\r\n\r\n<p>Lecture schedules are published on our website and via our newsletter. To stay informed, subscribe to updates or submit a participation request. We work in small groups (up to 20 people) to ensure every attendee gets personal attention.</p>\r\n\r\n<h2><span style="font-weight: normal;">Conclusion</span></h2>\r\n\r\n<p>Practical lectures are an effective tool for professional growth that delivers results from day one. If you want to grow as a lawyer and feel confident even in complex legal situations — join us for the next session.</p>\r\n
12	uk	Навчання	Наша юридична компанія проводить практичні лекції для юристів: актуальні теми, реальні кейси, робота з документами. Лекції тривають 2–3 години та дають максимум користі. Швидко, професійно, з фокусом на результат і практику.	<h2 class=""><span style="font-weight: normal;">Практичні лекції для юристів: навчання, яке працює</span></h2>\r\n\r\n<p>У світі, де правове середовище постійно змінюється, юристам важливо не лише знати закон, а й швидко адаптуватись до нових умов, розуміти актуальну практику і вміти ефективно працювати з документами. Саме тому наша юридична компанія організовує <u>практичні лекції для юристів</u> — формат, який поєднує теорію, реальні кейси та інструменти, які можна застосувати вже наступного дня.</p>\r\n\r\n<h2><span style="font-weight: normal;">Що таке практична лекція?</span></h2>\r\n\r\n<p>Це коротка, але насичена за змістом зустріч (2–3 години), яку проводить досвідчений практик у вузькій темі. На відміну від академічного навчання, наші лекції орієнтовані не на підручники, а на реалії: актуальні проблеми, типові помилки, практичні поради, шаблони, судова практика. Це концентрат досвіду, зібраного юристами під час реальної роботи з клієнтами.</p>\r\n\r\n<h2><span style="font-weight: normal;">Тематика лекцій</span></h2>\r\n\r\n<p>Наша компанія спеціалізується на адміністративному праві, тому серед тем лекцій — найактуальніше:</p>\r\n\r\n<ul>\r\n  <li>Оскарження рішень та дій органів влади;</li>\r\n  <li>Супровід перевірок і підготовка до них;</li>\r\n  <li>Порушення правил дорожнього руху та захист у справах про адміністративні правопорушення;</li>\r\n  <li>Правові аспекти мобілізації, повісток, ВЛК та військового обліку;</li>\r\n  <li>Складання та подання адміністративних позовів;</li>\r\n  <li>Робота з доказами та комунікація з судом;</li>\r\n  <li>Побудова правової позиції у справах проти державних органів.</li>\r\n</ul>\r\n\r\n<h2><span style="font-weight: normal;">Формат і зручність</span></h2>\r\n\r\n<p>Ми проводимо лекції як <u>офлайн</u> у нашому офісі, так і <u>онлайн</u> у зручному форматі Zoom або YouTube Live. Кожна лекція супроводжується роздатковими матеріалами: зразками документів, списком завдань, витягами з рішень судів. Учасники отримують записи лекцій, якщо не змогли бути присутніми наживо.</p>\r\n\r\n<h2><span style="font-weight: normal;">Хто викладає?</span></h2>\r\n\r\n<p>Лекції проводять юристи та адвокати з команди нашої компанії, які мають практику в адміністративних, військових, транспортних та суміжних справах. Це не запрошені лектори з теоретичними знаннями, а саме ті, хто щодня захищає інтереси клієнтів у судах, взаємодіє з держорганами та формує правові позиції у складних спорах.</p>\r\n\r\n<h2><span style="font-weight: normal;">Кому підійде?</span></h2>\r\n\r\n<ul>\r\n  <li>Юристам-початківцям — для швидкого входження у професійну практику.</li>\r\n  <li>Практикуючим адвокатам — для актуалізації знань та обміну досвідом.</li>\r\n  <li>Внутрішнім юристам компаній — для підвищення ефективності в щоденній роботі.</li>\r\n  <li>Студентам-правникам — для наближення до реального юридичного життя.\r\n</li></ul>
14	uk	Спеціальні пропозиції	Скористайтесь спеціальними пропозиціями від нашої юридичної компанії: безкоштовна первинна консультація, знижки для нових клієнтів, пакетні послуги за фіксованою ціною. Професійна допомога стала ще доступнішою. Не втрачайте можливість!	<h1 class=""><span style="font-weight: normal;">Спеціальні пропозиції: юридичні послуги, які стали ще доступнішими</span></h1> <p>Юридична допомога — це не лише про захист, а й про запобігання проблемам. Ми в юридичній компанії «Правощит» добре розуміємо, що кожен бізнес і громадянин потребують якісного правового супроводу. Щоб зробити наші послуги ще доступнішими та зручнішими, ми створили спеціальні пропозиції — для нових клієнтів, постійних партнерів та тих, хто вперше звертається за правовою підтримкою.</p> <h2><span style="font-weight: normal;">Що входить до спеціальних пропозицій?</span></h2> <ul> <li><u>Безкоштовна первинна консультація</u> — ви можете звернутися до нас з питанням і отримати коротку професійну відповідь без жодних зобов’язань. Це зручно, коли потрібна перша правова оцінка ситуації або напрямок дій.</li> <li><u>Знижки для нових клієнтів</u> — вперше звертаєтесь до нашої компанії? Ви отримаєте персональну знижку на першу послугу або пакет. Це наш спосіб познайомитись і показати якість обслуговування з першого дня.</li> <li><u>Пакетні рішення за фіксованою ціною</u> — ми розробили серії юридичних пакетів для бізнесу та фізичних осіб: супровід відкриття компанії, перевірка договорів, захист у суді. Ви точно знаєте, скільки це коштує, ще до початку співпраці.</li> <li><u>Юридичний абонемент</u> — підписка на правову підтримку. Ви отримуєте стабільний супровід щомісяця з фіксованим обсягом послуг: консультації, перевірка документів, відповіді на запити, підготовка офіційних листів.</li> <li><u>Пільги для військових і медичних працівників</u> — ми вдячні тим, хто захищає країну та піклується про життя інших, тому надаємо особливі умови обслуговування та знижки для цих категорій клієнтів.</li> </ul> <h2><span style="font-weight: normal;">Для кого ці пропозиції?</span></h2> <p>Наші спеціальні умови будуть корисні:</p> <ul> <li>Підприємцям, які тільки починають бізнес;</li> <li>Громадянам, які вперше зіштовхнулись із юридичними труднощами;</li> <li>Компаніям, що шукають постійного юридичного партнера;</li> <li>Представникам малого та середнього бізнесу, які потребують прогнозованих витрат на юридичні послуги.</li> </ul> <h2><span style="font-weight: normal;">Навіщо ми це робимо?</span></h2> <p>Юридична підтримка має бути не лише якісною, а й доступною. Ми прагнемо побудувати довготривалі стосунки з клієнтами, і саме тому вкладаємось у перше враження. Наші спеціальні пропозиції — це спосіб дати вам впевненість у виборі ще до укладення договору.</p> <h2><span style="font-weight: normal;">Як скористатися?</span></h2> <p>Все просто: оберіть формат, який вас цікавить, і залиште заявку через форму на сайті або зателефонуйте. Наш менеджер зв’яжеться з вами для уточнення деталей і підбере оптимальний варіант співпраці.</p> <h2><span style="font-weight: normal;">Доступний захист — це реальність</span></h2> <p>З юридичною компанією «Правощит» вам не доведеться вибирати між якістю та вартістю. Наші спеціальні пропозиції створені, щоб кожен міг дозволити собі правовий захист. Працюємо прозоро, оперативно та з повагою до кожного клієнта.</p>
14	en	Special offers	Take advantage of our law firm’s special offers: free initial consultation, discounts for new clients, and fixed-price service packages. Professional legal help has never been more accessible. Don’t miss this opportunity!	<h2 class=""><span style="font-weight: normal;">Special Offers: Legal Services Made Even More Accessible</span></h2> <p>Legal assistance is not just about protection — it’s about preventing problems before they arise. At "Pravoshchyt" Law Firm, we understand that both businesses and individuals need reliable legal support. To make our services even more accessible and convenient, we’ve developed a range of special offers for new clients, regular partners, and anyone seeking legal help for the first time.</p> <h2><span style="font-weight: normal;">What’s Included in Our Special Offers?</span></h2> <ul> <li><u>Free Initial Consultation</u> — reach out with your legal question and receive a brief, professional answer with no obligations. This is ideal when you need an initial legal assessment or direction for your next steps.</li> <li><u>Discounts for New Clients</u> — working with us for the first time? Enjoy a personal discount on your first service or package. It’s our way of introducing you to our quality and professionalism from day one.</li> <li><u>Fixed-Price Packages</u> — we’ve created comprehensive legal packages for businesses and individuals: company registration, contract review, litigation support. You know the price in advance — no hidden fees or surprises.</li> <li><u>Legal Subscription</u> — get ongoing legal support every month with a set range of services: consultations, document reviews, formal responses, and official letter drafting — all under one subscription.</li> <li><u>Special Terms for Military and Medical Professionals</u> — we deeply appreciate those who defend the country and save lives. That’s why we offer exclusive discounts and conditions for military personnel and healthcare workers.</li> </ul> <h2><span style="font-weight: normal;">Who Are These Offers For?</span></h2> <p>Our special offers are designed for:</p> <ul> <li>Entrepreneurs starting a new business;</li> <li>Individuals facing legal challenges for the first time;</li> <li>Companies seeking a long-term legal partner;</li> <li>Small and medium-sized businesses needing predictable legal service costs.</li> </ul> <h2><span style="font-weight: normal;">Why Do We Offer This?</span></h2> <p>Legal support should be not only high-quality but also affordable. We aim to build long-term relationships with our clients, and we believe in making a strong first impression. Our special offers give you confidence in your legal partner — even before signing a contract.</p> <h2><span style="font-weight: normal;">How to Use the Offers?</span></h2> <p>It’s simple: choose the option that suits you, fill out the request form on our website, or give us a call. Our manager will contact you to clarify details and recommend the best cooperation format.</p> <h2><span style="font-weight: normal;">Accessible Legal Protection Is Real</span></h2> <p>With "Pravoshchyt" Law Firm, you no longer have to choose between quality and price. Our special offers ensure that everyone has access to professional legal protection. We work transparently, efficiently, and with full respect for each client.</p>
31	en	One consultation in the region cost-free	For all clients of our website, we offer one free legal consultation per year. This is a one-time annual opportunity to receive individual assistance at no cost — simple, convenient, and just for you.	<h2>One Free Consultation per Year — Your Advantage with Us</h2>\r\n\r\n<p>We value every client, which is why we offer a unique opportunity — one free legal consultation per year. This is not a promotional campaign, but part of our service philosophy based on accessibility, care, and professionalism.</p>\r\n\r\n<h2>Who Can Use This Offer?</h2>\r\n<p>Every registered user on our website automatically receives the right to one free consultation per year. There are no hidden conditions, extra payments, or required subscriptions. You get support when you truly need it.</p>\r\n\r\n<h2>What’s Included in the Consultation?</h2>\r\n<ul>\r\n  <li>Legal analysis of your situation or document</li>\r\n  <li>Recommendations for further actions</li>\r\n  <li>Answers to questions related to your request</li>\r\n  <li>All in a convenient format — online, by phone, or in person</li>\r\n</ul>\r\n\r\n<h2>Your Benefits</h2>\r\n<ul>\r\n  <li><em>Once a year</em> — at the time that suits you</li>\r\n  <li><em>Individual approach</em> — we consider all circumstances of your case</li>\r\n  <li><em>Free of charge</em> — no hidden fees</li>\r\n  <li><em>No obligations</em> — we don’t require any contract or subscription</li>\r\n</ul>\r\n\r\n<h2>How to Use the Offer?</h2>\r\n<p>It’s very simple:</p>\r\n<ol>\r\n  <li>Log into your account on our website</li>\r\n  <li>Go to the “Consultations” section</li>\r\n  <li>Choose the preferred format: online, phone call, or in-person meeting</li>\r\n  <li>Describe your issue — and our lawyer will get in touch with you</li>\r\n</ol>\r\n\r\n<h2>Why Are We Doing This?</h2>\r\n<p>We want every Ukrainian to have access to quality legal assistance. There are many situations where a lawyer’s advice can prevent problems in time — not just solve them. That’s why we’ve made this opportunity available to all our clients.</p>\r\n\r\n<h2>Conclusion</h2>\r\n<p>Don’t postpone questions that can be resolved right now. Your free legal consultation is waiting. Once a year — but at the moment when it matters most. Just reach out — and we’ll help.</p>\r\n
31	uk	Одна консультація в рік безкоштовно	Для всіх клієнтів нашого сайту ми надаємо одну безкоштовну юридичну консультацію щороку. Це разова щорічна можливість отримати індивідуальну допомогу без жодних витрат — просто, зручно, для вас.	<h2 class="">Одна безкоштовна консультація в рік — ваша перевага з нами</h2>\r\n\r\n<p>Ми цінуємо кожного нашого клієнта, тому пропонуємо унікальну можливість — одну безкоштовну юридичну консультацію на рік. Це — не рекламна акція, а частина нашої філософії сервісу, заснованої на доступності, турботі та професіоналізмі.</p>\r\n\r\n<h2>Хто може скористатися?</h2>\r\n<p>Кожен зареєстрований користувач нашого сайту автоматично отримує право на безкоштовну консультацію один раз на рік. Немає прихованих умов, додаткових платежів чи обов'язкових підписок. Ви отримуєте підтримку, коли вона вам дійсно потрібна.</p>\r\n\r\n<h2>Що входить у консультацію?</h2>\r\n<ul>\r\n  <li>Юридичний аналіз вашої ситуації або документа</li>\r\n  <li>Рекомендації щодо подальших дій</li>\r\n  <li>Відповіді на запитання, що стосуються вашого запиту</li>\r\n  <li>Все у зручному форматі — онлайн, телефоном або особисто</li>\r\n</ul>\r\n\r\n<h2>Переваги для вас</h2>\r\n<ul>\r\n  <li><em>Раз на рік</em> — але коли саме вам зручно</li>\r\n  <li><em>Індивідуальний підхід</em> — ми врахуємо всі обставини вашої справи</li>\r\n  <li><em>Безкоштовно</em> — жодних прихованих витрат</li>\r\n  <li><em>Без зобов’язань</em> — не вимагаємо оформлення угоди або підписки</li>\r\n</ul>\r\n\r\n<h2>Як скористатися пропозицією?</h2>\r\n<p>Усе дуже просто:</p>\r\n<ol>\r\n  <li>Увійдіть до свого облікового запису на нашому сайті</li>\r\n  <li>Перейдіть у розділ «Консультації»</li>\r\n  <li>Обирайте зручний формат: онлайн-зв’язок, дзвінок або особистий візит</li>\r\n  <li>Опишіть суть питання — і наш юрист зв’яжеться з вами</li>\r\n</ol>\r\n\r\n<h2>Для чого це зроблено?</h2>\r\n<p>Ми хочемо, щоб кожен українець мав доступ до якісної юридичної допомоги. Часто трапляються ситуації, де консультація юриста здатна вчасно запобігти проблемам, а не тільки їх вирішувати. Саме тому ми зробили цю можливість відкритою для всіх наших клієнтів.</p>\r\n\r\n<h2>Висновок</h2>\r\n<p>Не відкладайте питання, які можна вирішити просто зараз. Ваша безкоштовна юридична консультація вже чекає. Один раз на рік — але в той момент, коли це найважливіше. Просто зверніться — і ми допоможемо.</p>
32	en	Ownership of materials	All authors who publish articles on the law firm's website retain full ownership rights to their materials. We respect the intellectual work of every author and do not claim any ownership over the content.	<h2>Ownership Rights to Materials: Respecting Authorship</h2>\r\n\r\n<p>Every author who publishes their articles on our website retains full ownership of the content they create. We understand that an author's text is the result of intellectual effort, expertise, and experience, so we are committed to upholding a policy of respect for intellectual property rights.</p>\r\n\r\n<h2>What does retaining copyright mean?</h2>\r\n<p>After an article is published on the law firm's website:</p>\r\n<ul>\r\n  <li>The author retains all proprietary and moral rights to the content;</li>\r\n  <li>The author is free to use the material elsewhere — publish it on other platforms, adapt it, modify it, and so on;</li>\r\n  <li>The firm does not acquire commercial or exclusive rights without the author's separate written consent;</li>\r\n  <li>Authorship remains intact, even if the article is edited for clarity or style.</li>\r\n</ul>\r\n\r\n<h2>Why do we declare this?</h2>\r\n<p>We aim to build a trustworthy platform for professionals who wish to share their knowledge with a wider audience. Protecting intellectual property rights is a key component of such cooperation. We do not use submitted articles for promotional purposes without the author’s consent, nor do we sell or transfer them to third parties.</p>\r\n\r\n<h2>Publication with copyright assurance</h2>\r\n<p>To publish your material on our site:</p>\r\n<ol>\r\n  <li>Submit the text for editorial review;</li>\r\n  <li>If necessary, agree on editorial revisions;</li>\r\n  <li>Provide author information to be published alongside the article;</li>\r\n  <li>After publication, you may request removal or updates to the article at any time.</li>\r\n</ol>\r\n\r\n<h2>When is a separate agreement needed?</h2>\r\n<p>In cases where the author wishes to transfer certain proprietary rights (e.g., for promotional use or advertising), a separate written agreement will be concluded. Otherwise, all rights remain solely with the author.</p>\r\n\r\n<h2>We respect your intellectual contribution</h2>\r\n<p>Our law firm adheres to the principles of fair partnership. We believe legal culture begins with respect for others' work. If you’re an author who values freedom, control, and respect for your rights — we welcome your contributions.</p>\r\n\r\n<h2>Conclusion</h2>\r\n<p>Your articles are your intellectual property. We provide the platform, but make no claim to authorship. Create, publish, and share your expertise — with the confidence that your rights are protected.</p>\r\n
32	uk	Права власності на матеріали	Усі автори, які публікують статті на сайті юридичної фірми, зберігають за собою повні права власності на свої матеріали. Ми поважаємо інтелектуальну працю кожного автора і не претендуємо на право володіння контентом.	<h2>Права власності на матеріали: повага до авторства</h2>\r\n\r\n<p>Кожен автор, який розміщує свої статті на нашому сайті, зберігає повне право власності на створений ним контент. Ми розуміємо, що авторський текст — це результат інтелектуальної праці, знань і досвіду, тому принципово підтримуємо політику поваги до прав інтелектуальної власності.</p>\r\n\r\n<h2>Що означає збереження авторських прав?</h2>\r\n<p>Після публікації матеріалу на сайті юридичної фірми:</p>\r\n<ul>\r\n  <li>Автор зберігає всі авторські майнові та немайнові права;</li>\r\n  <li>Автор може вільно використовувати текст у власних цілях — публікувати на інших платформах, адаптувати, змінювати тощо;</li>\r\n  <li>Фірма не набуває права комерційного чи виключного використання без окремої письмової згоди автора;</li>\r\n  <li>Авторство не змінюється, навіть якщо стаття проходить редакторську або стилістичну правку.</li>\r\n</ul>\r\n\r\n<h2>Навіщо ми це декларуємо?</h2>\r\n<p>Ми прагнемо створити довірливу платформу для фахівців, які хочуть поділитися знаннями з аудиторією. Забезпечення збереження прав інтелектуальної власності — це один з ключових факторів такої співпраці. Ми не використовуємо статті з метою просування без згоди автора, не продаємо і не передаємо їх третім сторонам.</p>\r\n\r\n<h2>Публікація з гарантією авторських прав</h2>\r\n<p>Щоб опублікувати матеріал на сайті:</p>\r\n<ol>\r\n  <li>Надішліть текст на розгляд редакції;</li>\r\n  <li>У разі необхідності, погодьте редакторські зміни;</li>\r\n  <li>Залиште інформацію про автора, яка буде опублікована разом з матеріалом;</li>\r\n  <li>Після публікації, ви в будь-який момент можете звернутися з проханням видалити або оновити матеріал.</li>\r\n</ol>\r\n\r\n<h2>Коли потрібна окрема угода?</h2>\r\n<p>У випадках, коли автор бажає передати певні майнові права (наприклад, для використання тексту в рекламних кампаніях або просуванні послуг), укладається окрема письмова угода. В іншому випадку — всі права залишаються виключно за автором.</p>\r\n\r\n<h2>Ми поважаємо ваш інтелектуальний внесок</h2>\r\n<p>Юридична фірма дотримується принципу чесного партнерства. Ми вважаємо, що правова культура починається з поваги до чужої праці. Якщо ви — автор, який цінує свободу, контроль і повагу до своїх прав — ми будемо раді співпрацювати з вами.</p>\r\n\r\n<h2>Підсумок</h2>\r\n<p>Ваші статті — це ваша інтелектуальна власність. Ми надаємо платформу, але не претендуємо на авторство. Створюйте, публікуйте, діліться знаннями — з впевненістю, що ваші права захищено.</p>\r\n
17	en	Recovery	Lost access to your account on our website? Don’t worry — the recovery process is quick and secure. Just use the “Forgot Password” feature or contact our support team. We’ll help you restore access as soon as possible.	<h2 class=""><span style="font-weight: normal;">Account Access Recovery: Quick and Secure Assistance</span></h2> <p>Access to your personal account on our legal services website is essential for managing requests, tracking case progress, receiving documents, and communicating with your lawyer. If you've lost access — due to a forgotten password, accidental deletion, or technical issue — don’t panic. We’ve made the recovery process easy, fast, and secure.</p> <h2><span style="font-weight: normal;">Common Reasons for Losing Access</span></h2> <p>Account access can be lost for many reasons, including:</p> <ul> <li>Forgotten password or login email;</li> <li>Account locked after multiple failed login attempts;</li> <li>Changes to your email address or device;</li> <li>Accidental deletion of important emails (e.g., password reset links);</li> <li>Technical browser issues or outdated cookies.</li> </ul> <p>Our support system is designed to help you quickly identify the cause and restore access within minutes.</p> <h2 class=""><span style="font-weight: normal;">How to Recover Access</span></h2> <p>There are two main methods to restore access to your account:</p> <h3><span style="font-weight: normal;">1. Automated Password Recovery</span></h3> <p>Use the <i>“Forgot Password”</i> link located on the login page. You will be prompted to enter the email address associated with your account. If your email is recognized, the system will send you a password reset link. Simply follow the link, choose a new password, and regain access instantly.</p> <h3><span style="font-weight: normal;">2. Manual Support via Help Desk</span></h3> <p>If you no longer have access to the email you used to register, or if the reset link doesn’t work, you can contact our support team. Here’s how:</p> <ul> <li>Write to our official email support address with a short description of the problem;</li> <li>Attach a copy of your ID or provide information that confirms your identity (to protect your data);</li> <li>Specify your previous login data or any communications you had with our team.</li> </ul> <p>Our support staff typically responds within 1 business hour and will guide you through the process of verifying your identity and restoring access safely.</p> <h2><span style="font-weight: normal;">Security First</span></h2> <p>We treat all account recovery requests with the highest level of security. Your data is never shared with third parties. Every recovery step is designed to confirm that the request is genuine and protects your personal legal information.</p> <h2><span style="font-weight: normal;">Tips to Avoid Future Access Issues</span></h2> <p>To reduce the chance of losing access in the future:</p> <ul> <li>Use a strong, memorable password and store it in a secure place;</li> <li>Enable two-factor authentication (if available);</li> <li>Keep your email address up to date in your profile settings;</li> <li>Whitelist emails from our domain to avoid missing important messages;</li> <li>Log out from public or shared devices after use.</li> </ul> <h2><span style="font-weight: normal;">We're Always Here to Help</span></h2> <p>Access problems can be frustrating, especially when you need urgent legal assistance. That’s why our team is always ready to support you — quickly, professionally, and with care for your privacy.</p> <p>Lost access? Contact us today and we’ll get you back into your account without unnecessary delays. Your legal journey must never be interrupted — and with us, it won’t be.</p>
17	uk	Відновлення	Втратили доступ до облікового запису на нашому сайті? Не хвилюйтеся — процес відновлення швидкий і безпечний. Просто скористайтеся функцією «Забули пароль» або зверніться до нашої служби підтримки. Ми допоможемо повернути доступ у найкоротший час.	<h2 class=""><span style="font-weight: normal;">Відновлення доступу: швидко та безпечно</span></h2> <p>Доступ до особистого кабінету на сайті юридичної компанії — це ключ до зручного керування запитами, відстеження ходу справ, отримання документів і спілкування з юристами. Якщо ви втратили доступ — через забутий пароль, технічну помилку чи зміну електронної пошти — не хвилюйтеся. Ми зробили процес відновлення максимально простим, безпечним і швидким.</p> <h2><span style="font-weight: normal;">Чому ви могли втратити доступ</span></h2> <p>Причин може бути багато:</p> <ul> <li>Забутий пароль або електронна пошта;</li> <li>Блокування акаунта через помилкові спроби входу;</li> <li>Зміна пристрою чи адреси електронної пошти;</li> <li>Видалення важливих листів (наприклад, із посиланням на відновлення паролю);</li> <li>Технічні проблеми з браузером або застарілі cookies.</li> </ul> <p>Наша система підтримки дозволяє оперативно встановити причину й допомагає відновити доступ у найкоротші терміни.</p> <h2><span style="font-weight: normal;">Як відновити доступ</span></h2> <p>Є два основні способи:</p> <h3><span style="font-weight: normal;">1. Автоматичне відновлення пароля</span></h3> <p>Натисніть «Забули пароль?» на сторінці входу. Введіть електронну пошту, на яку зареєстровано акаунт. Якщо адреса правильна, ви отримаєте лист із посиланням на зміну паролю. Перейдіть за ним, встановіть новий пароль — і доступ буде поновлено.</p> <h3><span style="font-weight: normal;">2. Звернення до служби підтримки</span></h3> <p>Якщо ви не маєте доступу до пошти або посилання не працює:</p> <ul> <li>Напишіть нам на офіційну адресу підтримки з коротким описом проблеми;</li> <li>Додайте копію документа, що підтверджує вашу особу (для захисту даних);</li> <li>Вкажіть логін або контактну інформацію, яку ви використовували раніше.</li> </ul> <p>Наші фахівці реагують протягом 1 робочої години та допоможуть відновити доступ у безпечний спосіб.</p> <h2><span style="font-weight: normal;">Безпека — понад усе</span></h2> <p>Ми приділяємо особливу увагу безпеці. Кожне звернення ретельно перевіряється, щоб уникнути несанкціонованого доступу до ваших юридичних документів. Ваші дані ніколи не передаються третім особам.</p> <h2><span style="font-weight: normal;">Як уникнути втрати доступу в майбутньому</span></h2> <ul> <li>Використовуйте надійний пароль і зберігайте його в безпечному місці;</li> <li>Увімкніть двофакторну автентифікацію (якщо доступна);</li> <li>Оновлюйте адресу електронної пошти у своєму профілі;</li> <li>Додайте наш домен до списку довірених у пошті, щоб не пропустити важливі повідомлення;</li> <li>Завжди виходьте з акаунта на публічних або спільних пристроях.</li> </ul> <h2><span style="font-weight: normal;">Ми завжди на зв’язку</span></h2> <p>Втратити доступ — неприємно, особливо коли потрібна термінова юридична допомога. Але ми завжди поруч, щоб оперативно вирішити проблему та не допустити переривання вашого правового процесу.</p> <p>Проблеми з доступом? Зверніться до нас — ми швидко й безпечно допоможемо вам повернути повний контроль над акаунтом.</p>
8	en	About Lawshield	Lawshield is a law firm specializing in administrative law. We protect the rights of individuals and businesses in disputes with authorities: fines, inspections, permits. We provide legal consultations, prepare complaints, and represent clients in court.	<h2 class="">Law Firm Specializing in Administrative Law</h2>\r\n\r\n<p><i>“</i>Lawshield<i>”</i> is a team of professional lawyers specializing in administrative law, with extensive experience in protecting the rights of individuals and businesses in relations with state authorities. Our mission is to ensure the legality of government actions and provide effective protection in case of violations.</p>\r\n\r\n<h2>Our Services</h2>\r\n\r\n<p>We provide a full range of legal services in the field of administrative law, including:</p>\r\n\r\n<ul>\r\n  <li>appeals against decisions, actions, or inaction of state and local authorities;</li>\r\n  <li>protection during administrative inspections and liability proceedings;</li>\r\n  <li>preparation of complaints, statements, and petitions to authorities;</li>\r\n  <li>representation in administrative court proceedings of all instances;</li>\r\n  <li>defense in cases of administrative offenses (fines, property seizures, etc.);</li>\r\n  <li>legal support for obtaining permits, licenses, and registrations;</li>\r\n  <li>consultations on public administration, tax, and customs disputes.</li>\r\n</ul>\r\n\r\n<h2>Why Choose Us?</h2>\r\n\r\n<p>Our clients trust us for several reasons:</p>\r\n\r\n<ul>\r\n  <li><u>Professionalism:</u> our lawyers have deep knowledge of administrative law and practical experience in complex cases;</li>\r\n  <li><u>Individual approach:</u> each case is carefully analyzed with attention to the client’s unique circumstances;</li>\r\n  <li><u>Efficiency:</u> we respond quickly to requests, prepare documents promptly, and strictly follow procedural deadlines;</li>\r\n  <li><u>Effectiveness:</u> we have a high success rate in court decisions;</li>\r\n  <li><u>Confidentiality:</u> we ensure full protection of your information.</li>\r\n</ul>\r\n\r\n<h2>Who We Help</h2>\r\n\r\n<p>Our clients include:</p>\r\n\r\n<ul>\r\n  <li>businesses facing unjustified fines, tax claims, or licensing issues;</li>\r\n  <li>individuals wishing to challenge actions of public officials, unlawful administrative protocols, or rights violations;</li>\r\n  <li>NGOs advocating for citizens’ rights in relations with authorities.</li>\r\n</ul>\r\n\r\n<h2>Contact Us</h2>\r\n\r\n<p><i>“</i>Lawshield<i>”</i> is your reliable partner in protecting your rights in dealings with the state. If you believe your rights have been violated by public authorities — don’t wait. Contact us for professional legal assistance.</p>\r\n\r\n<p>We operate throughout Ukraine and offer both in-person and remote consultations.</p>\r\n
8	uk	Про компанію Правощит	Юридична компанія "Правощит" спеціалізується на адміністративному праві. Захищає права громадян та бізнесу у спорах з органами влади: штрафи, дозволи, перевірки. Надає юридичні консультації, готує скарги, представляє інтереси в суді.	<h2 class="">Юридична компанія, що захищає у сфері адміністративного права</h2>\r\n\r\n<p>Компанія <i>«Правощит»</i> — це команда професійних юристів, які спеціалізуються на адміністративному праві та мають великий досвід у захисті прав фізичних і юридичних осіб у відносинах з державними органами. Наша місія — забезпечити законність дій влади та ефективний захист наших клієнтів у випадках порушення їхніх прав.</p>\r\n\r\n<h2>Наші послуги</h2>\r\n\r\n<p>Ми надаємо повний спектр юридичних послуг у сфері адміністративного права, зокрема:</p>\r\n\r\n<ul>\r\n  <li>оскарження рішень, дій або бездіяльності органів державної влади та місцевого самоврядування;</li>\r\n  <li>захист під час адміністративних перевірок та притягнення до відповідальності;</li>\r\n  <li>підготовка скарг, заяв, звернень до органів влади;</li>\r\n  <li>супровід адміністративних справ у судах усіх інстанцій;</li>\r\n  <li>захист прав у справах про адміністративні правопорушення (штрафи, вилучення майна тощо);</li>\r\n  <li>юридичний супровід у справах щодо отримання дозволів, ліцензій, реєстраційних дій;</li>\r\n  <li>консультації з питань публічного адміністрування, податкових та митних спорів.</li>\r\n</ul>\r\n\r\n<h2>Чому обирають нас?</h2>\r\n\r\n<p>Клієнти довіряють нам з кількох причин:</p>\r\n\r\n<ul>\r\n  <li><u>Професіоналізм:</u> наші юристи мають глибокі знання адміністративного законодавства та практичний досвід вирішення складних справ;</li>\r\n  <li><u>Індивідуальний підхід:</u> кожна справа аналізується детально, з урахуванням особливостей ситуації клієнта;</li>\r\n  <li><u>Оперативність:</u> швидко реагуємо на запити, готуємо документи в стислий термін, дотримуємося процесуальних строків;</li>\r\n  <li><u>Ефективність:</u> маємо високий відсоток позитивних рішень у судовій практиці;</li>\r\n  <li><u>Конфіденційність:</u> гарантуємо повну захищеність вашої інформації.</li>\r\n</ul>\r\n\r\n<h2>Кому ми допомагаємо?</h2>\r\n\r\n<p>Наші клієнти — це:</p>\r\n\r\n<ul>\r\n  <li>бізнес, який стикається з неправомірними штрафами, податковими претензіями чи порушенням умов ліцензування;</li>\r\n  <li>громадяни, які бажають оскаржити дії посадових осіб, незаконні адмінпротоколи, обмеження прав;</li>\r\n  <li>громадські організації, що захищають права осіб у взаєминах із владою.</li>\r\n</ul>\r\n\r\n<h2>Звертайтесь до нас</h2>\r\n\r\n<p>Юридична компанія <i>«Правощит»</i> — ваш надійний партнер у захисті прав перед державою. Якщо ви вважаєте, що ваші права порушено органами влади, не зволікайте — звертайтесь до нас для отримання фахової допомоги.</p>\r\n\r\n<p>Ми працюємо по всій території України та надаємо як очні, так і дистанційні консультації.</p>\r\n
10	en	Why subscribe?	In today’s fast-changing legal environment, timely updates are essential. A subscription to our legal news helps you stay informed, avoid risks, and protect your rights and business with expert insights at the right time.	<h2>What Does the Subscription Offer?</h2>\r\n\r\n<ul>\r\n  <li><u>Timely access to critical legal updates:</u> be the first to know about changes in administrative, tax, labor, and other legislation.</li>\r\n  <li><u>Expert legal advice:</u> we regularly share analysis, commentary on new regulations, and explanations of complex legal situations.</li>\r\n  <li><u>Risk prevention:</u> up-to-date information helps you avoid fines, compliance mistakes, or issues with documentation.</li>\r\n  <li><u>Updates on court practice:</u> we highlight relevant court decisions that may impact your business or personal case.</li>\r\n  <li><u>Invitations to free events:</u> webinars, workshops, and expert sessions — available exclusively to subscribers.</li>\r\n</ul>\r\n\r\n<h2>Who Benefits from a Subscription?</h2>\r\n\r\n<ul>\r\n  <li>Entrepreneurs — to stay ahead of regulatory changes and respond quickly to new legal requirements.</li>\r\n  <li>Business owners and managers — to minimize legal risks and stay compliant with labor, tax, and administrative laws.</li>\r\n  <li>Private individuals — to better understand and defend their rights in interactions with government bodies.</li>\r\n  <li>Lawyers and legal professionals — as a source of fresh analysis and professional insights.</li>\r\n</ul>\r\n\r\n<h2>What You Might Miss Without It</h2>\r\n\r\n<ul>\r\n  <li>The opportunity to stay informed about new laws that may directly affect you or your business.</li>\r\n  <li>Free access to expert legal content and tips not available in public sources.</li>\r\n  <li>Exclusive access to private events like legal briefings, webinars, and legislative updates.</li>\r\n  <li>Special discounts on consultations and legal services available only to subscribers.</li>\r\n  <li>Guidance on how to act in complex or urgent legal situations — from inspections to administrative cases.</li>\r\n</ul>\r\n\r\n<h2>This Is Not Marketing Spam</h2>\r\n\r\n<p>We don’t send irrelevant ads or unnecessary emails. All content is written by our legal experts and is focused on real-world value for our readers.</p>\r\n\r\n<h2>How to Subscribe?</h2>\r\n\r\n<p>Just enter your email address in the subscription form on our website. You’ll receive your first update right away, and we’ll continue to send legal news no more than 1–2 times per week.</p>\r\n\r\n<h2>Conclusion</h2>\r\n\r\n<p>Subscribing to legal news is a simple way to stay informed, protect your interests, and get access to free expert information. Don’t miss out — subscribe today and stay one step ahead.</p>\r\n
10	uk	Чому варто підписатися?	У світі, де законодавство постійно змінюється, а правове поле стає все складнішим, своєчасна юридична інформація — це не просто перевага, а необхідність. Тому підписка на новини нашої компанії — це ефективний інструмент для захисту права і бізнесу.	<h2>Що дає підписка?</h2>\r\n\r\n<ul>\r\n  <li><u>Оперативний доступ до важливої інформації:</u> ви першими дізнаєтесь про зміни в адміністративному, податковому, трудовому та іншому законодавстві.</li>\r\n  <li><u>Юридичні поради від фахівців:</u> ми регулярно публікуємо аналітику, коментарі до нових норм, роз’яснення складних ситуацій.</li>\r\n  <li><u>Попередження про ризики:</u> завдяки актуальним новинам ви зможете уникнути штрафів, помилок у веденні бізнесу чи оформленні документів.</li>\r\n  <li><u>Інформування про зміни в судовій практиці:</u> ми розповідаємо про актуальні рішення судів, які можуть вплинути на вашу справу.</li>\r\n  <li><u>Запрошення на безкоштовні заходи:</u> вебінари, майстер-класи, консультаційні сесії — доступні лише підписникам.</li>\r\n</ul>\r\n\r\n<h2>Кому буде корисна підписка?</h2>\r\n\r\n<ul>\r\n  <li>Підприємцям — щоб бути в курсі регуляторних змін та вчасно реагувати на нові вимоги.</li>\r\n  <li>Керівникам компаній — щоб мінімізувати юридичні ризики та уникати порушень у сфері трудового, податкового чи адміністративного права.</li>\r\n  <li>Громадянам — щоб знати свої права та грамотно захищати їх у відносинах з держорганами.</li>\r\n  <li>Адвокатам та юристам — як джерело додаткової аналітики та професійної думки.</li>\r\n</ul>\r\n\r\n<h2>Що ви втрачаєте без підписки?</h2>\r\n\r\n<ul>\r\n  <li>Можливість вчасно дізнатися про нові закони або зміни, які можуть безпосередньо вас торкнутись.</li>\r\n  <li>Безкоштовний доступ до унікального юридичного контенту та порад, які ми не публікуємо у відкритому доступі.</li>\r\n  <li>Нагоди долучитись до закритих заходів для підписників: вебінарів, презентацій змін у законодавстві тощо.</li>\r\n  <li>Знижки на юридичні послуги та консультації, що доступні лише за передплатою.</li>\r\n  <li>Розуміння, як діяти в нестандартних ситуаціях — від перевірок до адмінсправ.</li>\r\n</ul>\r\n\r\n<h2>Підписка — це не реклама</h2>\r\n\r\n<p>Ми не надсилаємо нав’язливих повідомлень чи сторонньої реклами. Усі наші матеріали створюються юристами компанії, мають прикладну цінність і розраховані на користь для читача.</p>\r\n\r\n<h2>Як оформити підписку?</h2>\r\n\r\n<p>Достатньо залишити свою електронну адресу у формі на сайті — і ви одразу отримаєте перше повідомлення з юридичними новинами. Надалі ми надсилатимемо оновлення не частіше 1-2 разів на тиждень.</p>\r\n\r\n<h2>Висновок</h2>\r\n\r\n<p>Підписка на юридичні новини — це простий спосіб тримати руку на пульсі змін, захищати свій бізнес або особисті інтереси, отримувати безкоштовну експертну інформацію та не втрачати важливого. Скористайтесь цією можливістю вже сьогодні — і будьте завжди на крок попереду.</p>\r\n
13	en	Commercial offer	We offer legal support for your business — from consultations to full court representation. Fast, precise, and confidential service. Our experience is your protection and confidence in the future. Contact us — let’s get started today.	<h2 class=""><span style="font-weight: normal;">Legal Support for Your Business: Confidence in Every Decision</span></h2> <p>In today’s business environment, legal support is not a luxury — it’s a necessity. Laws change, risks grow, and mistakes can be costly. That’s why the law firm “Lawshield” offers comprehensive legal services for companies and entrepreneurs who value their time, reputation, and security.</p> <h2><span style="font-weight: normal;">What Do We Offer?</span></h2> <p>We provide legal services for businesses of all sizes. Our goal is to become your trusted partner, always by your side when important decisions need to be made. Our core services include:</p> <ul> <li>Consultations on commercial, administrative, labor, and tax law;</li> <li>Drafting and legal review of contracts, agreements, and internal policies;</li> <li>Business registration, legal restructuring, licensing support;</li> <li>Support during inspections by regulatory authorities (tax office, labor inspection, antitrust committee, etc.);</li> <li>Representation in commercial and administrative courts;</li> <li>Protection in disputes with counterparties or state institutions.</li> </ul> <h2><span style="font-weight: normal;">Why Choose Us?</span></h2> <ul> <li><u>Experience:</u> over 10 years of legal practice and hundreds of resolved cases;</li> <li><u>Reliability:</u> 50 lawyers specializing in various areas of law;</li> <li><u>Responsiveness:</u> we respond to client requests on the same day;</li> <li><u>Tailored Approach:</u> each business is unique, and so are our solutions;</li> <li><u>Transparency:</u> clear pricing with no hidden fees.</li> </ul> <h2><span style="font-weight: normal;">Flexible Collaboration Formats</span></h2> <p>We offer both one-time consultations and ongoing legal support on a subscription basis. With our flexible service packages, you can choose the best option to suit your business needs.</p> <h2><span style="font-weight: normal;">What Will You Gain by Working with Us?</span></h2> <ul> <li>Reduced legal risks and fewer conflicts with state regulators;</li> <li>Faster resolution of legal issues that slow down operations;</li> <li>Time and resource savings through expert delegation;</li> <li>Support during crisis situations (inspections, fines, disputes);</li> <li>The ability to focus on growing your business, not dealing with bureaucracy.</li> </ul> <h2><span style="font-weight: normal;">Who Is This Offer For?</span></h2> <p>Our services are ideal for:</p> <ul> <li>Small and medium-sized businesses without an in-house legal team;</li> <li>Companies that regularly sign contracts and agreements;</li> <li>Entrepreneurs planning to scale or enter new markets;</li> <li>Organizations facing legal disputes or regulatory scrutiny.</li> </ul> <h2><span style="font-weight: normal;">Getting Started Is Easy</span></h2> <p>We are ready to begin working with you today. Start with a free consultation, during which we will assess your needs and offer tailored solutions. You’ll receive a clear understanding of the scope, cost, and expected results.</p> <h2><span style="font-weight: normal;">Protect Your Business with Professionals</span></h2> <p>Our approach is based on attention to detail, deep legal expertise, and long-term results. Legal support from “Lawshield” is not an expense — it’s an investment in the stability and growth of your business.</p>
13	uk	Комерційна пропозиція	Пропонуємо юридичний супровід вашого бізнесу: від консультацій до повного представництва в судах. Працюємо швидко, точно та конфіденційно. Наш досвід — ваш захист і впевненість у завтрашньому дні. Звертайтесь — розпочнемо вже сьогодні.	<h2 class=""><span style="font-weight: normal;">Юридичний супровід бізнесу: ваша впевненість у кожному рішенні</span></h2> <p>У сучасному бізнес-середовищі правова підтримка є не розкішшю, а необхідністю. Законодавство змінюється, ризики зростають, а помилки можуть коштувати дорого. Саме тому юридична компанія «Правощит» пропонує комплексний супровід для компаній та підприємців, які цінують свій час, репутацію і безпеку.</p> <h2 class=""><span style="font-weight: normal;">Що ми пропонуємо?</span></h2> <p>Ми надаємо послуги юридичного супроводу для бізнесу будь-якого масштабу. Наша мета — стати вашим надійним партнером, який завжди поруч у момент важливого рішення. Серед ключових напрямів:</p> <ul> <li>Консультування з господарського, адміністративного, трудового та податкового права;</li> <li>Аналіз і підготовка договорів, угод, внутрішніх політик;</li> <li>Юридичне оформлення бізнесу: реєстрація, зміни, ліцензування;</li> <li>Супровід перевірок контролюючих органів (податкова, Держпраці, антимонопольний комітет тощо);</li> <li>Судове представництво у господарських та адміністративних справах;</li> <li>Захист бізнесу у спорах із контрагентами або державними структурами.</li> </ul> <h2><span style="font-weight: normal;">Чому саме ми?</span></h2> <ul> <li><u>Досвід:</u> понад 10 років юридичної практики, сотні вирішених справ;</li> <li><u>Надійність:</u> 50 юристів, які спеціалізуються на конкретних галузях права;</li> <li><u>Оперативність:</u> ми реагуємо на запити клієнтів у день звернення;</li> <li><u>Індивідуальний підхід:</u> кожен бізнес унікальний, тому рішення — теж;</li> <li><u>Прозорість:</u> чітке ціноутворення, жодних прихованих платежів.</li> </ul> <h2><span style="font-weight: normal;">Формати співпраці</span></h2> <p>Ми пропонуємо як разові консультації, так і абонентське обслуговування, що дозволяє клієнтам отримувати комплексну підтримку на постійній основі. Завдяки гнучким пакетам послуг ви можете обрати оптимальний варіант, що відповідає потребам вашого бізнесу.</p> <h2><span style="font-weight: normal;">Що ви отримаєте, працюючи з нами?</span></h2> <ul> <li>Зменшення юридичних ризиків та конфліктів з державними органами;</li> <li>Швидке вирішення правових питань, що гальмують бізнес-процеси;</li> <li>Економію часу та ресурсів завдяки професійному делегуванню;</li> <li>Підтримку в кризових ситуаціях (перевірки, штрафи, спори);</li> <li>Можливість зосередитись на розвитку бізнесу, а не на бюрократії.</li> </ul> <h2><span style="font-weight: normal;">Для кого підходить наша пропозиція?</span></h2> <p>Наші послуги будуть корисні:</p> <ul> <li>Малому та середньому бізнесу, який не має штатного юриста;</li> <li>Компаніям, які ведуть активну діяльність та регулярно укладають угоди;</li> <li>Підприємцям, які планують масштабування або вихід на нові ринки;</li> <li>Організаціям, що мають спори з державними органами чи контрагентами.</li> </ul> <h2><span style="font-weight: normal;">Почати просто</span></h2> <p>Ми готові розпочати співпрацю вже сьогодні. Перший крок — безкоштовна консультація, під час якої ми проаналізуємо ваші потреби та запропонуємо рішення. Ви отримаєте чітке розуміння обсягів роботи, вартості та очікуваних результатів.</p> <h2><span style="font-weight: normal;">Захищайте свій бізнес професійно</span></h2> <p>У нашому підході — увага до деталей, глибоке знання законодавства та орієнтація на довгостроковий результат. Юридична підтримка від «Правощит» — це не витрати, а інвестиція у стабільність та зростання вашого бізнесу.</p>
11	en	Authors	Our authors are experienced lawyers and attorneys with deep legal knowledge and real-world practice. They write clearly about complex issues. Their analytical thinking, objectivity, and clarity ensure useful and trustworthy content for you.	<h2 class="">Who Writes Our Legal Articles?</h2>\r\n\r\n<p>The content on our website is created by a team of over <u>50 authors</u> — professional lawyers, attorneys, scholars, and legal practitioners. Each of them specializes in a particular field of law, deeply understands the subject, and has hands-on experience solving real legal cases. We believe that only those who work with the law daily can explain it clearly and accurately to others.</p>\r\n\r\n<h2>Our Approach to Content</h2>\r\n\r\n<p>The goal of every article we publish is to make legal information understandable, practical, and reliable. We don’t just summarize laws. Our authors analyze changes, interpret court practice, and provide real-life examples and tips that are useful in everyday or business situations.</p>\r\n\r\n<h2>Main Areas Our Authors Cover</h2>\r\n\r\n<h3>1. Administrative Procedure</h3>\r\n<p>This includes articles on disputes with state authorities, appeals against official actions, dealing with inspections, filing complaints, and more. Our authors in this field have hands-on experience in court cases involving government bodies and help clients at all stages of administrative proceedings.</p>\r\n\r\n<h3>2. Traffic Law</h3>\r\n<p>Handled by specialists in road traffic regulations, this area includes topics such as traffic violations, police interactions, contesting fines, and license suspensions. These authors understand law enforcement practices, updates to traffic rules, and how to legally protect drivers' rights in difficult situations.</p>\r\n\r\n<h3>3. Military Law</h3>\r\n<p>This section has become especially relevant due to the ongoing full-scale war. Our authors offer legal insights on mobilization, draft notices, medical commissions, exemptions, and the rights and obligations of conscripts. These articles are based on real legal cases involving military personnel, mobilized civilians, families, volunteers, and human rights defenders.</p>\r\n\r\n<h2>Why Our Author Team Stands Out</h2>\r\n\r\n<ul>\r\n  <li><u>Expertise:</u> All authors hold law degrees, and many are licensed attorneys or hold academic titles.</li>\r\n  <li><u>Practical experience:</u> They actively represent clients, participate in court hearings, and solve real legal challenges.</li>\r\n  <li><u>Analytical thinking:</u> Our articles include not only facts but also conclusions, legal risks, and actionable advice.</li>\r\n  <li><u>Clear language:</u> Even complex legal topics are presented in a way that’s easy to understand for non-lawyers.</li>\r\n  <li><u>Up-to-date content:</u> We update articles regularly to reflect the latest legislative and court developments.</li>\r\n</ul>\r\n\r\n<h2>Why This Matters to You</h2>\r\n\r\n<p>We aim to provide more than dry legal texts. We offer clear, practical, and trustworthy information. Our team of 50 authors works so that you can quickly find answers, avoid mistakes, and protect your rights — without unnecessary costs or wasted time.</p>\r\n\r\n<p>Every article goes through editorial review to ensure accuracy, logic, and practical value. We write not just for lawyers, but for people — and that’s what makes us different.</p>\r\n
11	uk	Автори	Наші автори — досвідчені юристи та адвокати, які мають глибокі знання, практичний досвід і вміють писати просто про складне. Їх аналітичність, об’єктивність та ясність викладу гарантують корисний і надійний контент для вас.	<h2 class="">Хто створює наші юридичні статті?</h2>\r\n\r\n<p>Над контентом сайту нашої юридичної компанії працює команда з понад <u>50 авторів</u> — професійних юристів, адвокатів, науковців і практиків. Кожен з них спеціалізується на певному напрямку права, глибоко розуміє предмет і має досвід вирішення реальних справ. Ми переконані: лише той, хто сам працює з законом щодня, може якісно пояснити його іншим.</p>\r\n\r\n<h2>Наш підхід до створення контенту</h2>\r\n\r\n<p>Мета кожного нашого матеріалу — зробити юридичну інформацію зрозумілою, практичною та точною. Ми не просто переказуємо закон. Наші автори аналізують зміни, коментують судову практику, дають приклади та поради, які можуть стати в пригоді в життєвих чи бізнесових ситуаціях.</p>\r\n\r\n<h2>Ключові напрями роботи наших авторів</h2>\r\n\r\n<h3>1. Адміністративний процес</h3>\r\n<p>Цей напрям охоплює підготовку статей про спори з органами влади, оскарження дій посадових осіб, проходження перевірок, подання скарг тощо. Автори, які працюють у сфері адміністративного процесу, мають практичний досвід участі в судових спорах з державними органами, готують процесуальні документи, супроводжують клієнтів на всіх етапах провадження.</p>\r\n\r\n<h3>2. Право дорожнього руху</h3>\r\n<p>Цей розділ ведуть юристи, які спеціалізуються на ДТП, спорах з поліцією, оскарженні штрафів, вилученні прав тощо. Вони добре орієнтуються у практиці патрульної поліції, змінах до правил дорожнього руху, процедурах перевірки водіїв. Їхні статті допомагають водіям краще розуміти свої права і правильно діяти в конфліктних ситуаціях.</p>\r\n\r\n<h3>3. Військове право</h3>\r\n<p>Цей напрям став особливо актуальним у зв’язку з повномасштабною війною. Наші автори консультують з питань мобілізації, повісток, звільнення від служби, проходження ВЛК, прав і обов’язків військовозобов’язаних. Матеріали пишуть юристи, які мають не лише теоретичну базу, а й досвід супроводу військовослужбовців, родин мобілізованих, волонтерів та правозахисників.</p>\r\n\r\n<h2>Переваги нашої авторської команди</h2>\r\n\r\n<ul>\r\n  <li><u>Компетентність:</u> усі автори мають вищу юридичну освіту, а більшість — адвокатське свідоцтво або наукові ступені.</li>\r\n  <li><u>Практичний досвід:</u> вони працюють із клієнтами, представляють інтереси в судах, беруть участь у реальних кейсах.</li>\r\n  <li><u>Аналітичність:</u> статті містять не лише факти, а й висновки, оцінку ризиків, поради для дій.</li>\r\n  <li><u>Зрозуміла мова:</u> навіть складні правові теми викладаються доступно для людей без юридичної освіти.</li>\r\n  <li><u>Актуальність:</u> усі матеріали оновлюються після змін у законодавстві чи судовій практиці.</li>\r\n</ul>\r\n\r\n<h2>Для чого це читачеві?</h2>\r\n\r\n<p>Ми хочемо, щоб кожен, хто зайшов на наш сайт, отримав не сухий закон, а живу, зрозумілу і корисну інформацію. Наша команда з 50 авторів працює для того, щоб ви могли швидко знайти відповідь, уникнути помилок і захистити свої права — без зайвих витрат на консультації чи непотрібні дії.</p>\r\n\r\n<p>Кожен матеріал проходить редакційну перевірку, щоб гарантувати точність, логічність і практичну цінність. Ми пишемо не для юристів, а для людей — і саме це нас відрізняє.</p>\r\n
16	en	Feedback	Your opinion matters to us! Leave feedback about your experience with our law firm — it helps us improve and enhance our services. We read every message, take your input seriously, and sincerely thank you for your feedback.	<h2 class=""><span style="font-weight: normal;">Your Opinion Matters: How Feedback Helps Us Improve</span></h2> <p>For our law firm, client feedback is not just a courtesy or formality — it’s a vital tool for improving service quality, understanding client needs, and delivering real, results-driven legal support.</p> <h2><span style="font-weight: normal;">Why Do We Ask for Feedback?</span></h2> <p>Legal services require trust, professionalism, and attention to detail. That’s why we want to hear how you evaluate:</p> <ul> <li>the quality of legal assistance;</li> <li>response time to your inquiries;</li> <li>communication with our lawyers;</li> <li>convenience of services (online appointments, consultations, document handling, etc.);</li> <li>the outcome of your case or issue.</li> </ul> <p>Your comments help us see where we excel — and where we still need to improve.</p> <h2><span style="font-weight: normal;">We Read Every Single Review</span></h2> <p>Every piece of feedback is carefully read and discussed by our team. We don’t ignore criticism — in fact, we appreciate it. Thanks to your suggestions, we have:</p> <ul> <li>introduced easier online request forms;</li> <li>reduced lawyer response times by 40%;</li> <li>improved document templates used in legal work;</li> <li>added a dedicated hotline during peak hours;</li> <li>launched communication training for our legal staff.</li> </ul> <p>Your voice truly shapes our service.</p> <h2><span style="font-weight: normal;">What Kind of Feedback Is Most Useful?</span></h2> <p>All feedback is welcome, but the most valuable is clear and specific — what exactly you liked, what was unclear, which services worked well, and what could be improved. Honest, structured feedback is the best gift you can give our team.</p> <h2><span style="font-weight: normal;">How Can You Leave Feedback?</span></h2> <p>You can choose any of the following options:</p> <ul> <li>our website feedback form;</li> <li>via messenger, if you communicated with your lawyer there;</li> <li>Google reviews or on our Facebook page;</li> <li>email or postal mail — if you prefer to write.</li> </ul> <h2><span style="font-weight: normal;">What Do You Get in Return?</span></h2> <p>By leaving feedback, you’re not just helping other clients — you’re directly influencing how we work. As a token of appreciation, we regularly reward select clients who share thoughtful reviews with bonuses or gifts.</p> <h2><span style="font-weight: normal;">Thank You for Your Trust!</span></h2> <p>Our mission is not only to provide legal services but to be a reliable partner in resolving legal matters. Thanks to your feedback, we evolve and improve daily. And that progress is possible because of you.</p> <p>Have a minute? Leave us a few words about your experience — we deeply appreciate it.</p>
16	uk	Зворотній зв'язок	Нам важлива ваша думка! Залишайте відгуки про співпрацю з нашою юридичною компанією — це допомагає нам ставати кращими та вдосконалювати сервіс. Кожен відгук читаємо, враховуємо та щиро дякуємо за зворотний зв’язок.	<h2 class=""><span style="font-weight: normal;">Ваша думка має значення: як зворотний зв’язок допомагає нам ставати кращими</span></h2> <p>Для нашої юридичної компанії відгуки клієнтів — це не просто форма ввічливості чи формальність. Це ключ до вдосконалення якості послуг, розуміння потреб клієнтів і створення сервісу, який справді працює на результат.</p> <h2><span style="font-weight: normal;">Чому ми просимо залишати відгуки?</span></h2> <p>Юридичні послуги — це особлива сфера, де довіра, професіоналізм і увага до деталей мають першочергове значення. Ми хочемо знати, як саме ви оцінюєте:</p> <ul> <li>якість юридичного супроводу;</li> <li>швидкість реакції на звернення;</li> <li>комунікацію з юристами;</li> <li>зручність у використанні сервісів (онлайн-запис, консультації, документообіг тощо);</li> <li>результати вирішення вашої справи.</li> </ul> <p>Ваші коментарі дозволяють нам бачити, де ми на висоті, а де ще потрібно працювати.</p> <h2><span style="font-weight: normal;">Ми читаємо кожен відгук</span></h2> <p>Кожен залишений вами відгук уважно читається та обговорюється командою. Ми не ігноруємо критику, а навпаки — дякуємо за неї. Саме завдяки таким зауваженням ми змогли:</p> <ul> <li>запровадити зручні онлайн-форми для подання запитів;</li> <li>скоротити час відповіді юристів на 40%;</li> <li>вдосконалити шаблони документів, які використовуються в роботі;</li> <li>відкрити додаткову гарячу лінію у пікові години;</li> <li>запровадити тренінги для юристів з комунікації з клієнтами.</li> </ul> <p>Тобто ваш голос справді має вплив!</p> <h2><span style="font-weight: normal;">Види відгуків, які нам особливо корисні</span></h2> <p>Ми цінуємо будь-який відгук, але найкориснішими є ті, що містять конкретику: що вам сподобалось, що залишилося незрозумілим, які рішення стали ефективними, а які — потребують доопрацювання. Чесний і структурований зворотний зв’язок — найкращий подарунок для нашої команди.</p> <h2><span style="font-weight: normal;">Як залишити відгук?</span></h2> <p>Ми пропонуємо кілька способів:</p> <ul> <li>через форму зворотного зв’язку на сайті;</li> <li>у месенджерах, якщо ви спілкувалися з юристом там;</li> <li>у Google або на нашій Facebook-сторінці;</li> <li>письмово — за бажанням, електронною або звичайною поштою.</li> </ul> <h2><span style="font-weight: normal;">Що ви отримаєте натомість?</span></h2> <p>Залишивши відгук, ви не просто допомагаєте іншим користувачам прийняти рішення, а й впливаєте на наші внутрішні процеси. Крім того, ми періодично розігруємо приємні бонуси серед клієнтів, які поділилися враженнями.</p> <h2><span style="font-weight: normal;">Дякуємо за вашу довіру!</span></h2> <p>Наша мета — не просто надавати юридичні послуги, а бути надійним партнером у вирішенні ваших правових питань. Завдяки зворотному зв’язку ми розвиваємось і вдосконалюємось щодня. І все це — завдяки вам.</p> <p>Маєте хвилину? Залиште кілька слів про співпрацю з нами — ми це дуже цінуємо.</p>
15	en	Contacts	Contacting us is easy: call, email, or visit our office. All details are available on the "Contacts" page of our website. We respond quickly and work daily. We're always here to help you with your legal matters.	<h2 class=""><span style="font-weight: normal;">How to Contact Us: All Communication Channels for Your Convenience</span></h2> <p>When it comes to legal matters, having quick and easy access to professionals is essential. At&nbsp;Lawshield&nbsp;Law Firm, we offer multiple channels of communication so that you can choose the one most convenient for you. We are open to dialogue, respond promptly, and guarantee full confidentiality.</p> <h2><span style="font-weight: normal;">Phone – Instant Help for Urgent Issues</span></h2> <p>Our phone lines are open on weekdays from 9:00 to 19:00, and on weekends by appointment. You can call us to:</p> <ul> <li>schedule a consultation;</li> <li>receive a quick answer to a question;</li> <li>learn about service prices or cooperation terms;</li> <li>report an urgent situation.</li> </ul> <p>No waiting – you’ll be connected with a specialist in your specific legal area.</p> <h2><span style="font-weight: normal;">Email – For Formal Inquiries</span></h2> <p>Send us a message via email if you have documents for preliminary review, questions that require a detailed response, or if you're reaching out outside of business hours. All emails are processed promptly — within 24 hours on business days, often much faster.</p> <h2><span style="font-weight: normal;">Office – In-Person Meetings and Documents</span></h2> <p>We are located in a convenient city area with parking and public transport nearby. At our office, you can:</p> <ul> <li>discuss complex cases face to face;</li> <li>submit or sign documents;</li> <li>receive consultations in a calm, comfortable environment.</li> </ul> <p>Visits are by prior appointment to ensure full attention to your matter.</p> <h2><span style="font-weight: normal;">Website Contact Form</span></h2> <p>For quick inquiries or to request a call back, use the form on our website. Leave your contact details, and we’ll get in touch at a time that suits you. You can also briefly describe your legal issue in the message.</p> <h2><span style="font-weight: normal;">Messengers – Even Closer</span></h2> <p>For your convenience, we’re available via Viber, Telegram, and WhatsApp. This allows fast communication, document exchange, and quick clarifications. Our legal team can send you templates, drafts, or answers directly in chat.</p> <h2><span style="font-weight: normal;">We Are Always in Touch</span></h2> <p>Regardless of how you contact us, we guarantee:</p> <ul> <li>confidentiality of all inquiries;</li> <li>attentiveness to every client and question;</li> <li>speed and professionalism in our response.</li> </ul> <p>Legal assistance should not only be professional but also accessible — and it all starts with easy communication. That’s why we’ve done everything to ensure it’s simple and convenient to reach us — whenever and however you prefer.</p> <h2><span style="font-weight: normal;">Contact Details</span></h2> <p>Phone: +38 (XXX) XXX-XX-XX <br>Email: info@example.com&nbsp;<br>Office address: Kyiv, Prykladna St. 10 <br>Website contact form: fill form</p> <p>Get in touch — and you’ll receive not just an answer, but dedicated legal support.</p>
15	uk	Контакти	Зв’язатися з нами просто: телефонуйте, пишіть на email або завітайте до офісу. Усі контакти — на сайті в розділі “Контакти”. Відповідаємо швидко, працюємо щоденно. Ми завжди на зв’язку, щоб допомогти вам у юридичних питаннях.	<h2 class=""><span style="font-weight: normal;">Як з нами зв’язатися: усі канали комунікації для вашої зручності</span></h2> <p>Коли справа стосується юридичних питань, важливо мати швидкий і зручний спосіб зв’язку з фахівцями. Юридична компанія «Правощит» забезпечує декілька каналів комунікації, щоб ви могли обрати той, який найбільше підходить саме вам. Ми відкриті до діалогу, оперативно реагуємо та гарантуємо повну конфіденційність.</p> <h2><span style="font-weight: normal;">Телефон — миттєве рішення для термінових питань</span></h2> <p>Наші телефони працюють у будні з 9:00 до 19:00, а також у вихідні — за попереднім записом. Ви можете подзвонити, щоб:</p> <ul> <li>узгодити консультацію;</li> <li>отримати коротку відповідь на запитання;</li> <li>дізнатися вартість послуг або умови співпраці;</li> <li>повідомити про термінову ситуацію.</li> </ul> <p>Ми не змушуємо чекати — телефонуйте, і з вами зв’яжеться спеціаліст саме з вашої тематики.</p> <h2><span style="font-weight: normal;">Електронна пошта — для офіційного звернення</span></h2> <p>Надішліть нам запит через email, якщо у вас є документи для попереднього аналізу, запитання, які потребують детальної відповіді, або ви хочете залишити звернення поза робочим часом. Усі листи розглядаються оперативно — у будні до 24 годин, часто — значно швидше.</p> <h2><span style="font-weight: normal;">Офіс — особисте спілкування і документи</span></h2> <p>Ми знаходимося в зручному районі міста, з можливістю паркування та громадським транспортом поруч. В офісі зручно:</p> <ul> <li>обговорити складну справу віч-на-віч;</li> <li>передати або підписати документи;</li> <li>отримати консультацію в затишній атмосфері без зайвого поспіху.</li> </ul> <p>Прийом ведеться за попереднім записом, щоб ми могли приділити вам максимум уваги.</p> <h2><span style="font-weight: normal;">Форма зворотного зв’язку на сайті</span></h2> <p>Для швидких запитів або замовлення зворотного дзвінка скористайтесь формою на сайті. Вкажіть контактні дані — і ми зателефонуємо вам у зручний час. Також можна зазначити коротко суть питання.</p> <h2><span style="font-weight: normal;">Месенджери — ще ближче</span></h2> <p>Для зручності клієнтів ми доступні у Viber, Telegram та WhatsApp. Це дозволяє оперативно обмінюватися повідомленнями, документами, уточненнями. Юрист може надіслати вам шаблон, зразок або відповідь — прямо в чаті.</p> <h2><span style="font-weight: normal;">Ми завжди на зв’язку</span></h2> <p>Незалежно від обраного способу комунікації, ми гарантуємо:</p> <ul> <li>конфіденційність усіх звернень;</li> <li>увагу до кожного питання;</li> <li>оперативність у відповідях та діях.</li> </ul> <p>Юридична допомога повинна бути не лише професійною, а й доступною — починаючи з простого зв’язку. Саме тому ми зробили все, щоб вам було зручно зв’язатися з нами: коли вам зручно і так, як вам зручно.</p> <h2><span style="font-weight: normal;">Контакти</span></h2> <div><address>Телефон: +38 (XXX) XXX-XX-XX <br>Email: info@example.com&nbsp;<br>Адреса офісу: м. Київ, вул. Прикладна, 10 <br>Форма на сайті: заповнити<p></p> <p>Зв’яжіться з нами — і ви отримаєте не просто відповідь, а професійну підтримку.</p></address></div>
23	en	Login Page	The login page is your personal access to your account on the law firm's website. Here you can quickly sign in to view saved materials, leave comments, and enjoy all the benefits of being a registered user.	<h3>Login Page — Your Gateway to Personalized Legal Services</h3>\r\n\r\n<h4>Why the Login Page Matters</h4>\r\n<p>The login page is more than a standard entry form. It's a secure and personalized gateway that allows you to take full advantage of all the services and features our legal platform offers. Whether you’re a client, contributor, or simply exploring legal topics, logging in brings you closer to relevant, useful, and protected content.</p>\r\n\r\n<h4>Benefits After Logging In</h4>\r\n<p>By accessing your account, you unlock a wide range of tools and opportunities that help streamline legal interactions and information management.</p>\r\n<ul>\r\n  <li>Save and organize your favorite articles and legal updates</li>\r\n  <li>Comment under posts and get answers from legal experts</li>\r\n  <li>Track requests, consultations, and document history</li>\r\n  <li>Receive exclusive access to legal webinars and Q&amp;A sessions</li>\r\n  <li>Use direct communication channels with our legal team</li>\r\n</ul>\r\n\r\n<h4>Security Comes First</h4>\r\n<p>Your security is our top priority. Our system uses end-to-end encryption, secure SSL connections, and two-factor authentication to protect your data. Automatic session timeouts and login notifications ensure that only you can access your private information.</p>\r\n\r\n<h4>Who Should Use It</h4>\r\n<p>The login functionality is designed for various types of users, each receiving tailored benefits:</p>\r\n<ul>\r\n  <li>Clients of our law firm — to manage services and view progress</li>\r\n  <li>Corporate users — to access contracts and legal documentation</li>\r\n  <li>Article contributors — to submit and track publications</li>\r\n  <li>Legal students and researchers — to bookmark content and interact with experts</li>\r\n</ul>\r\n\r\n<h4>Lost Access? No Problem</h4>\r\n<p>Forget your password? No worries. Our recovery tool allows you to reset it using either your email or mobile number. The recovery process is quick, secure, and user-friendly — taking just a couple of minutes.</p>\r\n\r\n<h4>Advantages of a Registered User</h4>\r\n<p>By logging in, you receive capabilities that are unavailable to unregistered users:</p>\r\n<ul>\r\n  <li>Full access to premium legal documents and analysis</li>\r\n  <li>Custom folders to store specific legal resources</li>\r\n  <li>Ability to join closed discussions and interactive training</li>\r\n  <li>Personalized notifications and news digests</li>\r\n  <li>Activity log for quick return to your previous work</li>\r\n</ul>\r\n\r\n<h4>Mobile-Ready Experience</h4>\r\n<p>Our login interface is fully responsive and optimized for all modern devices. Whether you use a smartphone, tablet, or desktop — your access to legal tools and services remains seamless and consistent wherever you are.</p>\r\n\r\n<h4>Conclusion</h4>\r\n<p>The login page is your first step toward a smarter legal experience. By signing in, you protect your data, access exclusive tools, and create a legal workspace that suits your needs. Don’t miss out — register or sign in today to unlock the full potential of our legal platform.</p>\r\n
23	uk	Сторінка входу	Сторінка входу — це ваш персональний доступ до облікового запису на сайті юридичної компанії. Тут ви можете швидко увійти, щоб переглядати збережені матеріали, залишати коментарі та користуватися всіма перевагами зареєстрованого користувача.	<p></p><p></p><h2 class="">Сторінка входу — ключ до персонального юридичного простору</h2>\r\n\r\n<p></p><p>Сучасні юридичні сервіси все частіше переходять у цифровий формат, і саме сторінка входу на сайт юридичної компанії відкриває двері до повного спектру індивідуальних можливостей для клієнта, партнера чи автора. Це не просто форма для введення логіна й пароля — це інструмент, який забезпечує доступ до особистого кабінету, де кожен користувач отримує зручний, безпечний і конфіденційний сервіс.</p><h4>Що дає обліковий запис після входу</h4>\r\n\r\n<p></p><p>Після авторизації користувач відкриває для себе безліч функціональних можливостей, серед яких:\r\n\r\n* Доступ до особистих повідомлень та історії звернень.\r\n* Перегляд збережених юридичних матеріалів, новин та аналітики.\r\n* Можливість коментувати публікації або ставити запитання експертам.\r\n* Швидкий зв’язок із підтримкою компанії або персональним юристом.\r\n* Участь у внутрішніх опитуваннях, тестах, вебінарах або закритих заходах.</p><h4>Зручність і безпека</h4>\r\n\r\n<p></p><p>Сторінка входу побудована з урахуванням максимального комфорту користувача. Вона проста, зрозуміла й адаптована для всіх типів пристроїв: комп’ютерів, планшетів, смартфонів. У разі втрати пароля система швидкого відновлення допоможе повернути доступ за кілька хвилин.\r\n\r\nДля забезпечення безпеки використовуються сучасні технології шифрування, двофакторна автентифікація (за бажанням), а також автоматичний вихід із системи після завершення сесії.</p><h4>Переваги авторизованого користувача</h4>\r\n\r\n<p></p><p>Навіть якщо ви просто читаєте юридичні новини або шукаєте аналітику — вхід у систему дозволить зберігати вподобані статті, створювати добірки, отримувати персоналізовані поради, а також бути першими, хто дізнається про нові юридичні зміни або спеціальні пропозиції компанії.</p><h4>Кому варто зареєструватися</h4>\r\n\r\n<p></p><ul><li>Клієнтам, які хочуть мати повний контроль над своїми справами. </li><li>Бізнесу, що взаємодіє з компанією на регулярній основі. </li><li>Авторитетним юристам або студентам, які публікують матеріали. </li><li>Всім, хто цінує сучасний підхід до юридичної комунікації.</li></ul><h4>Підсумок</h4>\r\n\r\n<p></p><p>Сторінка входу — це більше, ніж просто перехід у кабінет. Це початок індивідуального діалогу з юридичною компанією, місце, де ваш досвід, запити та інтереси будуть почуті, збережені й враховані. Не зволікайте — увійдіть зараз і відкрийте повний спектр юридичних можливостей.\r\n</p><p></p><p><br></p><p></p>
19	en	Conditions of publication	We invite authors to collaborate. We accept unique, practical, and up-to-date legal texts. The author retains the rights to the material. We provide editorial support and publish articles for a wide professional audience.	<h2 class="">Publication Guidelines on the Website of Our Law Firm</h2>\r\nOur law firm invites legal professionals — practitioners, scholars, and analysts — to publish original materials on our website. This is a platform for sharing experience, analyzing complex legal issues, and building high-quality legal content useful to thousands of monthly visitors.\r\n\r\n<h4>Who Can Be an Author</h4> We welcome collaboration with lawyers, attorneys, law students, lecturers, judges, civil servants, and other professionals working in the legal field. Experience is not the only criterion — we value expertise, analytical thinking, and clear expression of ideas. <h4>What Kind of Content We Publish</h4> We are interested in unique and practical publications, such as: - commentary on legislative changes; - analysis of judicial practice; - step-by-step instructions for businesses or individuals; - reviews of legal enforcement issues; - opinions on high-profile legal cases.\r\nAll materials must be submitted in Ukrainian. Articles must be grammatically correct and use appropriate professional terminology. Preferred length is from 3,000 to 6,000 characters.\r\n\r\n<h4>What Authors Receive</h4> - Full copyright remains with the author; - The article is published with your name, photo, and short bio; - Editorial support: help with style, structure, and compliance with publication standards; - Distribution on our website, email newsletters, and social media; - Exposure to a professional audience — potential clients, colleagues, and partners; - Opportunities for networking and invitations to future projects by our firm. <h4>What We Do Not Accept</h4> - Plagiarism or non-original texts; - Political or promotional materials; - Generic content lacking specifics, examples, or analysis. <h4>How to Submit Your Work</h4> Send your article or topic idea via the submission form on our website or directly to our editorial email. Include your full name, profession, experience, and contact information. We respond within 3 business days.
19	uk	Умови публікації	Запрошуємо авторів до співпраці. Приймаємо унікальні, практичні та актуальні юридичні тексти. Автор зберігає права на матеріал. Ми забезпечуємо редакційну підтримку та публікуємо статті для широкої професійної аудиторії.	<h2 class="">Умови публікації на сайті юридичної компанії</h2>\r\nНаша юридична компанія надає можливість фахівцям права — практикам, науковцям, аналітикам — публікувати авторські матеріали на сторінках сайту. Це простір для обміну досвідом, розкриття складних правових питань та формування якісного юридичного контенту, корисного для тисяч відвідувачів щомісяця.\r\n\r\n<h4>Хто може бути автором</h4> Ми відкриті до співпраці з юристами, адвокатами, студентами юридичних факультетів, викладачами, суддями, держслужбовцями та іншими фахівцями, що працюють у правовій сфері. Досвід — не єдиний критерій. Важливі компетентність, здатність до аналітики та чітке формулювання думки. <h4>Які тексти ми публікуємо</h4> Ми зацікавлені в унікальних і практичних публікаціях. Це можуть бути: - коментарі до змін у законодавстві; - аналітика судової практики; - покрокові інструкції для бізнесу чи громадян; - огляди проблем правозастосування; - думки щодо резонансних правових кейсів.\r\nМова подачі — українська. Статті повинні бути написані грамотно, з дотриманням професійної термінології. Бажаний обсяг — від 3000 до 6000 символів.\r\n\r\n<h4>Що автор отримує</h4> - Збереження повного авторського права на текст. - Розміщення публікації з іменем, фото та короткою біографією. - Редакційну підтримку: допомога у стилістиці, структурі, перевірка на відповідність стандартам. - Розміщення на сайті, у розсилках та соціальних мережах юридичної компанії. - Поширення серед професійної аудиторії — потенційних клієнтів, колег, партнерів. - Можливість налагодити професійні зв’язки або отримати запрошення до участі в інших проєктах компанії. <h4>Що ми не приймаємо</h4> - Плагіат або неунікальні тексти. - Політичні чи рекламні матеріали. - Загальні статті без конкретики, прикладів чи аналітики. <h4>Як подати матеріал</h4> Надішліть свою статтю або ідею теми через форму на сайті чи електронну пошту редакції. У листі вкажіть: ПІБ, фах, досвід, контактні дані. Ми відповімо протягом 3 робочих днів.
20	en	Benefits	Publishing on the law firm's website is a chance to stand out in the professional community. The author gains recognition, editorial support, publication with name and photo, and access to a wide audience of legal professionals.	<h2 class="">Benefits for Article Authors</h2>\r\nPublishing on the website of a legal company is not just a way to share experience or express an opinion. It is a strategic tool for professional growth, reputation building, and new opportunities. Our platform is designed to ensure that every expert’s voice is heard and appreciated.\r\n\r\n<h4>1. Recognition in the Professional Community</h4> Your article won’t go unnoticed. Publications are featured on the homepage, in dedicated sections, and distributed through our company’s newsletters and social media. This allows you to reach a wide audience of lawyers, legal professionals, businesses, and the general public. <h4>2. Personal Presentation</h4> Each article is published with the author’s name, photo, and short biography. This enhances your authority and builds recognition. Readers see not just a text, but the person behind it. <h4>3. Editorial Support</h4> You don’t need to be a professional writer. Our editorial team will help polish your text, improve its structure, and ensure consistency in style and terminology. We don’t rewrite your thoughts — we help you convey them effectively. <h4>4. Copyright</h4> All articles remain the property of the author. We publish them with clear attribution, do not alter content without permission, and respect your intellectual work. <h4>5. Expanding Professional Connections</h4> Your publication can attract attention from potential clients, peers, or members of legal communities. This can lead to new projects, invitations to discussions, or participation in legal events. <h4>6. Free Participation</h4> There is no fee for article placement, and we don’t demand exclusive rights. Our goal is to promote high-quality legal content and support authors who are willing to share it. <h4>7. Thematic Diversity</h4> Authors are welcome to write about administrative law, military legislation, traffic regulations, tax issues, court practice, or any other current legal topic. The main criteria: practical value, analytical depth, and usefulness for readers. <h4>How to Get Started?</h4> Submit your article, resume, or idea via the form on our website or by email. We will respond within a few days. Working with us is simple, transparent, and open.
20	uk	Переваги	Публікація на сайті юридичної компанії — це шанс заявити про себе в професійному середовищі. Автор отримує визнання, підтримку редакції, розміщення з ім’ям та фото, а також доступ до широкої аудиторії юридичних фахівців.	<h2 class="">Переваги для авторів публікацій</h2>\r\nПублікація на сайті юридичної компанії — це не просто спосіб поділитися досвідом чи висловити думку. Це стратегічний інструмент професійного зростання, розвитку репутації та залучення нових можливостей. Наша платформа створена саме для того, щоб голос кожного експерта був почутий і оцінений.\r\n\r\n<h4>1. Визнання в професійному середовищі</h4> Ваш матеріал не залишиться непоміченим. Публікації розміщуються на головній сторінці, у спеціалізованих розділах сайту та розповсюджуються через інформаційні розсилки й соцмережі компанії. Це дозволяє охопити широку аудиторію юристів, правників, бізнесу та громадськості. <h4>2. Особиста презентація</h4> Кожна публікація супроводжується іменем автора, фотографією та короткою біографією. Це підкреслює ваш авторитет і формує впізнаваність. Читач бачить не просто текст, а людину, яка стоїть за ним. <h4>3. Редакційна підтримка</h4> Вам не потрібно бути професійним журналістом. Редакція допоможе доопрацювати текст, покращити структуру, узгодити стиль і термінологію. Ми не переписуємо ваші думки, а лише дбаємо про їхнє якісне донесення до аудиторії. <h4>4. Авторське право</h4> Усі публікації залишаються власністю автора. Ми публікуємо їх із зазначенням авторства, не змінюємо змісту без погодження та поважаємо вашу інтелектуальну працю. <h4>5. Розширення професійних контактів</h4> Завдяки публікаціям на нашому сайті вас можуть помітити потенційні клієнти, колеги по цеху або представники юридичних спільнот. Це прямий шлях до нових проєктів, запрошень до дискусій чи участі в подіях. <h4>6. Безкоштовна участь</h4> Ми не беремо оплату за розміщення статей і не вимагаємо виключних прав. Наша мета — поширення якісного юридичного контенту та підтримка авторів, які готові ним ділитися. <h4>7. Тематичне розмаїття</h4> Автори можуть писати про адміністративне право, військове законодавство, питання дорожнього руху, податкові аспекти, судову практику чи інші актуальні теми. Головна умова — практичність, аналітичність та користь для читача. <h4>Як долучитися?</h4> Надішліть текст, резюме або ідею публікації через форму на сайті чи електронною поштою. Ми відповімо протягом кількох днів. Співпраця з нами — це просто, прозоро і відкрито.
18	en	Account	Your Account — the Key to Legal Services. Your client account provides access to your cases, documents, consultations, and messages. Keep everything important in one place and manage legal matters conveniently and securely.	<h2 class=""><span style="font-weight: normal;">Client Account: Your Personal Space for Efficient Legal Interaction</span></h2>\r\n\r\nIn today’s digital world, an account is not just a technical function — it’s a full-fledged tool that gives clients of a law firm a new level of convenience, transparency, and control over every aspect of their legal matters.\r\n<h3><span style="font-weight: normal;">What does the account provide?</span></h3> <h4><span style="font-weight: normal;">Access to your legal matters</span></h4> In your personal dashboard, you can view the history of legal requests, the status of ongoing cases, documents, analytics, and comments from lawyers. This keeps you informed without the need to constantly call a manager or attorney. <h4><span style="font-weight: normal;">Secure document storage</span></h4> All your files — contracts, requests, correspondence — are stored securely in your profile. You can download them anytime or upload new ones accessible only to your lawyer. <h4><span style="font-weight: normal;">Online consultations</span></h4> Through your account, you can easily request a legal consultation, ask questions, and get answers or clarifications. No more waiting for a call — all communication is centralized. <h4><span style="font-weight: normal;">Personalized offers</span></h4> Based on your profile and history of cooperation, we can provide individual commercial offers, service discounts, or invitations to webinars and legal events. <h4><span style="font-weight: normal;">Subscription management</span></h4> In the “Settings” section, you can choose which news, articles, or updates you wish to receive by email. This allows you to stay updated only on what matters most to you. <h3><span style="font-weight: normal;">Security comes first</span></h3>\r\n\r\nWe adhere to strict security standards. All data is transmitted via encrypted channels, and login uses modern authentication protocols. Two-factor authentication can also be enabled for extra protection.\r\n<h3><span style="font-weight: normal;">24/7 Support</span></h3>\r\n\r\nIf you experience issues with your account, our support team is always available. Contact us via chat, feedback form, or phone — we’ll resolve any issue promptly and efficiently.\r\n<h3><span style="font-weight: normal;">Who can create an account?</span></h3>\r\n\r\nAny client — individual or business. Upon registration, you’ll gain access to basic features. Once cooperation begins, full functionality becomes available. Creating an account is free.
18	uk	Обліковий запис	Ваш обліковий запис — ключ до юридичних сервісів. Обліковий запис клієнта відкриває доступ до ваших справ, документів, консультацій та повідомлень. Зберігайте все важливе в одному місці та керуйте правовими питаннями зручно й безпечно.	<h2>Обліковий запис клієнта: ваш персональний простір для ефективної юридичної взаємодії</h2>\r\n<p>\r\nУ сучасному цифровому світі обліковий запис — це не просто технічна функція, а повноцінний інструмент, який відкриває клієнтам юридичної компанії новий рівень зручності, прозорості та контролю над усіма аспектами правових питань.</p>\r\n\r\n<h3>Що дає обліковий запис?</h3>\r\n<h4>Доступ до власних справ</h4>\r\n<p>В особистому кабінеті ви можете переглядати історію юридичних звернень, статус поточних справ, документи, аналітику, коментарі юристів. Це дозволяє залишатися в курсі всіх подій без необхідності постійного звернення до менеджера чи адвоката.</p>\r\n\r\n<h4>Безпечне зберігання документів</h4>\r\n<p>Усі ваші файли — договори, звернення, листування — зберігаються у вашому профілі в захищеному середовищі. Ви можете завантажити їх у будь-який момент або завантажити нові, які будуть доступні лише вашому юристу.</p>\r\n\r\n<h4>Консультації онлайн</h4>\r\n<p>Через обліковий запис легко замовити юридичну консультацію, поставити запитання, отримати відповідь або уточнення. Більше не потрібно чекати дзвінка — усе спілкування доступне в одному інтерфейсі.</p>\r\n\r\n<h4>Індивідуальні пропозиції</h4>\r\n<p>На основі вашого профілю та історії співпраці ми можемо формувати персональні комерційні пропозиції, знижки на послуги, запрошення на тематичні події чи вебінари.\r\n\r\n5. <u>Керування підписками</u>\r\n   У розділі «Налаштування» можна обирати, які новини, статті чи оновлення ви хочете отримувати на email. Це дозволяє залишатися в курсі лише важливого для вас.\r\n\r\n</p>\r\n\r\n<h3>Безпека понад усе</h3>\r\n<p>\r\nМи дотримуємося суворих стандартів безпеки. Усі дані передаються через захищене з’єднання, а авторизація здійснюється з використанням сучасних протоколів. За потреби можна увімкнути двофакторну автентифікацію для додаткового захисту.\r\n</p>\r\n\r\n<h3>Підтримка 24/7</h3>\r\n<p>\r\nЯкщо у вас виникли труднощі з використанням облікового запису — наша служба підтримки завжди на зв’язку. Ви можете звернутись через чат, форму зворотного зв’язку або за телефоном — ми допоможемо вирішити питання швидко та без зайвих формальностей.</p>\r\n\r\n<h3>Хто може створити обліковий запис?</h3>\r\n<p>\r\nБудь-який клієнт — фізична чи юридична особа. Після реєстрації ви отримаєте доступ до базових функцій, а з початком активної співпраці — до повного функціоналу. Створення облікового запису — безкоштовне. </p><p></p><p>Ваш обліковий запис — це сучасний інструмент для керування юридичними послугами. Простий, зручний, надійний. Зареєструйтесь сьогодні — і відкрийте для себе новий рівень комфорту в юридичній підтримці.</p>
37	en	Our partners	We work with over 1,500 lawyers, including Polissia Attorneys Association, Zakhyst Law Firm, and the National Forum of Lawyers of Ukraine. To join, applicants need 2+ years of practice and shared professional values.	<h2>Our Partners</h2>\r\n\r\n<p>Lawshield Law Firm is proud of its wide partnership network, uniting over 1,500 experienced lawyers from across Ukraine. We collaborate with leading law firms, professional associations, and organizations that share our values — justice, professionalism, and client responsibility.</p>\r\n\r\n<p>Among our long-standing partners:</p>\r\n\r\n<ul>\r\n  <li>“Polissia” Attorneys Association — one of the oldest legal institutions in the region, specializing in commercial law, court representation, and corporate consulting.</li>\r\n  <li>“Zakhyst” Law Firm — a reliable partner in the field of criminal and administrative law. Its experts handle cases of any complexity and have years of experience within the justice system.</li>\r\n  <li>National Forum of Lawyers of Ukraine — a nationwide platform for knowledge exchange, joint education, and development of legal initiatives. We are active participants in the forum’s efforts and support young legal professionals.</li>\r\n  <li>Other independent attorneys and legal bureaus from various regions of Ukraine that assist with joint projects or specialize in specific legal areas.</li>\r\n</ul>\r\n\r\n<h3>Strength in Partnership</h3>\r\n\r\n<p>Cooperation with Lawshield is more than just legal collaboration — it’s a comprehensive system of mutual support, professional learning, and expanded opportunities. Together with our partners, we implement large-scale legal projects, assist in court cases, conduct seminars, training sessions, public campaigns, and defend clients' rights even in the most challenging legal situations.</p>\r\n\r\n<h3>How to Become a Partner</h3>\r\n\r\n<p>We are open to new professional relationships. To become a partner of Lawshield Law Firm, candidates must meet the following criteria:</p>\r\n\r\n<ul>\r\n  <li>have at least 2 years of legal practice;</li>\r\n  <li>adhere to ethical standards and professional quality matching our values;</li>\r\n  <li>be ready for collaboration, including collective case discussions, joint events, and knowledge exchange;</li>\r\n  <li>provide a recommendation from an existing partner or complete an interview with one of our team leads.</li>\r\n</ul>\r\n\r\n<p>We welcome both individual attorneys and law firms interested in mutual growth. Upon joining our partnership network, new members gain access to:</p>\r\n\r\n<ul>\r\n  <li>a private knowledge base and case library;</li>\r\n  <li>participation in regional and interregional legal initiatives;</li>\r\n  <li>placement on our official partner webpage;</li>\r\n  <li>internal training programs and continuing education opportunities.</li>\r\n</ul>\r\n\r\n<p>Partnership with Lawshield is an investment in the future of Ukrainian jurisprudence. We believe that through unity, shared values, and high standards of legal practice, we can build a strong and resilient legal community capable of protecting people’s rights at the highest level.</p>\r\n
37	uk	Наші партнери	Ми співпрацюємо з понад 1500 юристами, зокрема АО «Полісся», ЮФ «Захист» і Національним форумом юристів України. Щоб стати партнером, необхідна практика від 2 років і спільні професійні цінності.	<h2>Наші партнери</h2>\r\n\r\n<p>Юридична фірма «Правощит» пишається широкою партнерською мережею, що об'єднує понад 1500 досвідчених юристів з усієї України. Ми співпрацюємо з провідними юридичними компаніями, професійними об'єднаннями та організаціями, які поділяють наші цінності — справедливість, професіоналізм та відповідальність перед клієнтом.</p>\r\n\r\n<p>Серед наших постійних партнерів:</p>\r\n\r\n<ul>\r\n  <li>Адвокатське об'єднання «Полісся» — одна з найстаріших юридичних структур регіону, яка спеціалізується на господарському праві, представництві у судах та корпоративному консультуванні.</li>\r\n  <li>Юридична фірма «Захист» — надійний партнер у сфері кримінального та адміністративного права. Її фахівці беруть участь у справах будь-якої складності та мають багаторічний досвід роботи в системі правосуддя.</li>\r\n  <li>Національний форум юристів України — всеукраїнська платформа для обміну знаннями, спільного навчання та розробки нормативно-правових ініціатив. Ми є активними учасниками ініціатив форуму і підтримуємо молодих юристів.</li>\r\n  <li>Інші незалежні адвокати та юридичні бюро з різних регіонів України, що надають підтримку в рамках спільних проєктів або спеціалізованих напрямів права.</li>\r\n</ul>\r\n\r\n<h3>Сила в партнерстві</h3>\r\n\r\n<p>Співпраця з «Правощит» — це не просто юридичне об'єднання зусиль, а цілісна система взаємної підтримки, навчання та розширення можливостей. Разом із партнерами ми реалізовуємо масштабні проєкти, підтримуємо адвокатів у судах, проводимо семінари, тренінги, громадські кампанії та захищаємо інтереси клієнтів навіть у найскладніших правових ситуаціях.</p>\r\n\r\n<h3>Як стати партнером</h3>\r\n\r\n<p>Ми відкриті до нових професійних зв’язків. Щоб стати партнером юридичної фірми «Правощит», потрібно відповідати базовим критеріям:</p>\r\n\r\n<ul>\r\n  <li>мати юридичну практику не менше 2 років;</li>\r\n  <li>сповідувати професійну етику та стандарти якості, що відповідають нашим принципам;</li>\r\n  <li>бути готовими до взаємодії у форматі колективного обговорення справ, участі в семінарах, обміну досвідом та експертною думкою;</li>\r\n  <li>мати рекомендації від чинного партнера або пройти співбесіду з керівником одного з напрямів.</li>\r\n</ul>\r\n\r\n<p>Ми вітаємо як індивідуальних адвокатів, так і юридичні фірми, зацікавлені в спільному розвитку. Після приєднання до партнерської мережі нові учасники отримують доступ до:</p>\r\n\r\n<ul>\r\n  <li>закритої бази знань та кейсів;</li>\r\n  <li>участі в міжрегіональних правових ініціативах;</li>\r\n  <li>розміщення на партнерській сторінці сайту;</li>\r\n  <li>внутрішніх навчальних програм та підвищення кваліфікації.</li>\r\n</ul>\r\n\r\n<p>Партнерство з «Правощит» — це інвестиція у майбутнє української юриспруденції. Ми віримо, що завдяки об'єднанню зусиль, спільним цінностям та високому професіоналізму ми можемо побудувати сильну, стійку правову спільноту, що здатна захищати інтереси людей на найвищому рівні.</p>\r\n
24	en	Register	The registration page on our website is a quick and secure way to gain full access to legal services. Registered users can save documents, comment on articles, and receive personalized legal advice.	<h3>Registration Page — Your First Step to Legal Services</h3>\r\n\r\n<p>Modern legal services begin with a convenient digital environment. That’s why we’ve created a simple, intuitive, and secure registration page that opens up broad opportunities for personalized use of our law firm’s website.</p>\r\n\r\n<h4>Benefits of Registration</h4>\r\n<p>After creating an account, users gain access to features unavailable to unregistered visitors. It’s not just about convenience — it’s about having tools for effective use of our platform:</p>\r\n\r\n<ul>\r\n  <li>Personal dashboard with the ability to save articles, legal documents, and notes;</li>\r\n  <li>Access to your consultation archive and request history;</li>\r\n  <li>Ability to comment and join legal discussions on the site;</li>\r\n  <li>Updates on news, articles, and legal changes based on your selected topics;</li>\r\n  <li>Subscription to legal newsletters with custom settings.</li>\r\n</ul>\r\n\r\n<h4>Security and Privacy</h4>\r\n<p>We adhere to the highest standards of data protection. Registration requires only minimal information — just what’s necessary to ensure quality service. All data is transmitted via a secure connection and is never shared with third parties.</p>\r\n\r\n<h4>How to Register</h4>\r\n<p>The registration process takes just a few minutes:</p>\r\n\r\n<ul>\r\n  <li>Click the registration link at the top of the website;</li>\r\n  <li>Fill out the short form: name, email, and a secure password;</li>\r\n  <li>Confirm your email via the confirmation message sent to your inbox;</li>\r\n  <li>Log in to your dashboard and start using all the available features.</li>\r\n</ul>\r\n\r\n<h4>Why It Matters</h4>\r\n<p>Legal information should be not only up-to-date but also tailored to your needs. That’s why we enable you to create a personal account that becomes your trusted assistant in solving legal matters, receiving consultations, and interacting with experts.</p>\r\n\r\n<h4>Register Today</h4>\r\n<p>Don’t delay your access to quality legal solutions. Registration on our website is your first step toward confidence in the legal field. Join the community of clients already receiving fast support, a personalized approach, and convenient online service.</p>\r\n
24	uk	Зареєструватися	Сторінка реєстрації на нашому сайті — це швидкий та безпечний спосіб отримати повний доступ до правових сервісів. Зареєстровані користувачі можуть зберігати документи, коментувати статті та отримувати індивідуальні юридичні поради.	<h3>Сторінка реєстрації — ваш перший крок до правового сервісу</h3>\r\n\r\n<p>Сучасні юридичні послуги починаються з зручного цифрового середовища. Саме тому ми створили просту, інтуїтивну та безпечну сторінку реєстрації, яка відкриває перед вами широкі можливості персоналізованого користування сайтом нашої юридичної компанії.</p>\r\n\r\n<h4>Переваги реєстрації</h4>\r\n<p>Після створення облікового запису користувач отримує доступ до функцій, які недоступні для неавторизованих відвідувачів. Це не лише зручність, а й інструменти для ефективного використання нашого сайту:</p>\r\n\r\n<ul>\r\n  <li>Персональний кабінет із можливістю зберігати статті, юридичні документи та нотатки;</li>\r\n  <li>Доступ до архіву консультацій та історії звернень;</li>\r\n  <li>Коментування та участь у юридичних дискусіях на сайті;</li>\r\n  <li>Оновлення новин, статей і змін у законодавстві відповідно до обраної тематики;</li>\r\n  <li>Можливість підписки на юридичні розсилки з індивідуальними налаштуваннями.</li>\r\n</ul>\r\n\r\n<h4>Захист і конфіденційність</h4>\r\n<p>Ми дотримуємося найвищих стандартів захисту персональних даних. Реєстрація потребує мінімального набору інформації — лише того, що необхідне для забезпечення якісного сервісу. Вся інформація передається через захищене з'єднання та не передається третім особам.</p>\r\n\r\n<h4>Як пройти реєстрацію</h4>\r\n<p>Процес створення облікового запису займає не більше ніж кілька хвилин:</p>\r\n\r\n<ul>\r\n  <li>Перейдіть на сторінку реєстрації за посиланням у верхній частині сайту;</li>\r\n  <li>Заповніть коротку форму: ім’я, електронна пошта та надійний пароль;</li>\r\n  <li>Підтвердіть електронну пошту за допомогою листа-підтвердження;</li>\r\n  <li>Увійдіть до кабінету та почніть користуватися усіма перевагами.</li>\r\n</ul>\r\n\r\n<h4>Чому це важливо?</h4>\r\n<p>Юридична інформація повинна бути не лише актуальною, а й адаптованою під ваші потреби. Саме тому ми надаємо змогу створити персональний обліковий запис, який буде вашим надійним помічником у вирішенні правових питань, отриманні консультацій та спілкуванні з експертами.</p>\r\n\r\n<h4>Зареєструйтесь сьогодні</h4>\r\n<p>Не відкладайте доступ до якісних юридичних рішень. Реєстрація на сайті — це перший крок до впевненості в правовому середовищі. Приєднуйтесь до спільноти клієнтів, які вже отримують оперативну підтримку, індивідуальний підхід та зручний онлайн-сервіс.</p>\r\n
30	en	24/7 support	We work for you 24/7 — without weekends or holidays. An agreement for uninterrupted legal support: from 1 month to 1 year. Additional lawyers can be involved. Available to clients with an annual legal service agreement.	<h2>24/7 Legal Support — your legal protection without interruptions</h2>\r\n<p>In today’s fast-paced world, legal issues can arise at any moment — day or night, weekdays or holidays. That’s why we’ve developed a special service — 24/7 legal support, ensuring full legal assistance without any time limitations.</p>\r\n\r\n<h3>What does 24/7 support include?</h3>\r\n<ul>\r\n  <li>Comprehensive legal assistance without breaks, weekends, or holidays</li>\r\n  <li>Immediate help at any time of day or night</li>\r\n  <li>Option to quickly involve additional lawyers for complex or multi-level cases</li>\r\n  <li>Personalized approach: flexible workload planning, agreed communication channels, and interaction formats</li>\r\n</ul>\r\n\r\n<h3>Who is this service for?</h3>\r\n<p>24/7 support is a premium option available to clients who already have or plan to sign an annual legal service agreement. It’s designed for those who run active operations, make urgent decisions, or are in constant contact with government bodies, contractors, or partners.</p>\r\n\r\n<h3>Duration and conditions</h3>\r\n<p>We offer flexible contract options for 24/7 support — from 1 month to 1 year. You decide how long you need enhanced legal attention. If your business involves peak workloads, unforeseen challenges, or urgent negotiations, this service is the right fit.</p>\r\n\r\n<h3>Benefits for businesses and individuals</h3>\r\n<ul>\r\n  <li>Responsiveness: no need to wait for business hours — you get answers when you need them.</li>\r\n  <li>Reliability: your cases are handled by a team of lawyers, not just one person.</li>\r\n  <li>Confidentiality: we strictly follow data protection policies.</li>\r\n  <li>Professionalism: experienced experts in various areas of law are at your disposal.</li>\r\n</ul>\r\n\r\n<h3>How to order 24/7 support?</h3>\r\n<p>To activate this service, simply contact your manager or reach out through the form on our website. We’ll provide a consultation, define the scope of work, and offer the best cooperation model tailored to your needs.</p>\r\n\r\n<p>24/7 Legal Support — peace of mind and confidence that your legal matters are under reliable control. Anytime. No compromises.</p>\r\n
30	uk	Супроводження 24/7	Працюємо для вас 24/7 — без вихідних і свят. Угода на супровід справ у режимі постійної готовності: від 1 місяця до 1 року. Можливе дозалучення додаткових юристів. Доступно клієнтам з річною угодою на юридичне обслуговування.\r\n	<h2>Супроводження 24/7 — ваш юридичний захист без перерв</h2>\r\n<p>У сучасному динамічному світі юридичні питання можуть виникати у будь-який момент — вдень чи вночі, у будні чи на свята. Саме тому ми створили спеціальну послугу — супроводження 24/7, яка гарантує повноцінну правову підтримку без жодних обмежень у часі.</p>\r\n\r\n<h3>Що включає супроводження 24/7?</h3>\r\n<ul>\r\n  <li>Повноцінний юридичний супровід без перерв, вихідних та свят</li>\r\n  <li>Оперативна допомога у будь-який час доби</li>\r\n  <li>Можливість оперативного дозалучення додаткових юристів у разі складних або багаторівневих справ</li>\r\n  <li>Індивідуальний підхід до кожного клієнта: гнучке планування обсягу робіт, погодження каналів комунікації та форматів взаємодії</li>\r\n</ul>\r\n\r\n<h3>Для кого підходить ця послуга?</h3>\r\n<p>Супроводження 24/7 — це преміальна опція, доступна для клієнтів, які вже мають або планують укласти річну угоду на юридичне обслуговування. Вона створена спеціально для тих, хто веде активну діяльність, приймає термінові рішення або постійно взаємодіє з держорганами, контрагентами чи партнерами.</p>\r\n\r\n<h3>Тривалість та умови</h3>\r\n<p>Ми пропонуємо гнучкі варіанти договорів на супроводження 24/7 — від 1 місяця до 1 року. Ви самі визначаєте, на який період вам потрібна підвищена юридична увага. Якщо ваша діяльність передбачає пікові навантаження, непередбачувані виклики або термінові перемовини, ця послуга — саме те, що потрібно.</p>\r\n\r\n<h3>Переваги для бізнесу та приватних осіб</h3>\r\n<ul>\r\n  <li>Оперативність: не треба чекати робочого дня — ви отримуєте відповідь, коли вона потрібна.</li>\r\n  <li>Надійність: над справами працює команда юристів, а не одна людина.</li>\r\n  <li>Конфіденційність: ми дотримуємося суворої політики захисту даних.</li>\r\n  <li>Професіоналізм: у вашому розпорядженні досвідчені фахівці в різних галузях права.</li>\r\n</ul>\r\n\r\n<h3>Як замовити супроводження 24/7?</h3>\r\n<p>Щоб підключити цю послугу, достатньо звернутися до свого менеджера або зв’язатися з нами через контактну форму на сайті. Ми надамо консультацію, погодимо обсяг робіт і запропонуємо оптимальний варіант співпраці з урахуванням вашої специфіки.</p>\r\n\r\n<p>Супроводження 24/7 — це спокій і впевненість у тому, що ваші справи під надійним контролем. У будь-який час. Без компромісів.</p>\r\n
33	en	Author's personal page	Author’s personal page is your public profile on the website. You can use your real name or a pseudonym, add a photo, a short bio, and one link to an external resource. Your expertise and style are in the spotlight.	<h2>Author Profile Page: your space on the law firm’s website</h2>\r\n\r\n<p>We provide each author with the opportunity to create a personal profile page — a public space that accompanies their publications on our site. It’s a convenient way to introduce yourself to readers, showcase your expertise, and build trust in your content.</p>\r\n\r\n<h2>Full name or pseudonym — it’s your choice</h2>\r\n\r\n<p>Your author page can display either your full name or a creative pseudonym — depending on your preferences. We understand that some professionals prefer to maintain privacy or use a branded identity, so this choice is entirely up to you.</p>\r\n\r\n<h2>Photo for recognizability</h2>\r\n\r\n<p>Your profile includes a high-quality photograph. This can be a professional headshot or another image that reflects your expertise or individuality. A photo adds a sense of presence and personal involvement in the conversation with the reader.</p>\r\n\r\n<h2>Biography and achievements</h2>\r\n\r\n<p>In the short biography section, you can share your professional background, education, practical experience, and specialization. We also recommend highlighting key achievements: certifications, involvement in high-profile cases, publications, or projects. This helps readers better understand your background and qualifications.</p>\r\n\r\n<h2>One external link</h2>\r\n\r\n<p>Your author page allows one active link to an external resource. This can be a personal website, social media profile (e.g., LinkedIn, Facebook, Instagram), or a profile on a professional platform. We don’t limit the type — as long as it’s helpful to the reader and reflects your public activity.</p>\r\n\r\n<h2>Why it matters</h2>\r\n\r\n<p>The author profile page helps you:</p>\r\n<ul>\r\n  <li>build trust in your articles,</li>\r\n  <li>strengthen your professional credibility,</li>\r\n  <li>receive feedback from readers,</li>\r\n  <li>stay recognizable among other authors on the platform.</li>\r\n</ul>\r\n\r\n<h2>Control and flexibility</h2>\r\n\r\n<p>You can update your page at any time — change your photo, edit your biography, or replace the external link. This is your space — and you manage it.</p>\r\n
33	uk	Особиста сторінка автора	Особиста сторінка автора — це ваша публічна візитівка на сайті. Ви можете вказати ім’я або псевдонім, додати фото, коротку біографію та одне посилання на зовнішній ресурс. Ваша експертність і стиль — у центрі уваги.	<h2>Особиста сторінка автора: ваш простір на сайті юридичної фірми</h2>\r\n\r\n<p>Ми надаємо кожному автору можливість створити власну особисту сторінку — публічний профіль, що супроводжує його публікації на нашому сайті. Це зручний спосіб представити себе читачам, підкреслити свою експертизу та сформувати довіру до написаних матеріалів.</p>\r\n\r\n<h2>Ім’я або псевдонім — ви обираєте</h2>\r\n\r\n<p>На сторінці автора може бути зазначено як повне ім’я, так і творчий псевдонім — залежно від ваших побажань. Ми розуміємо, що деякі фахівці вважають за краще зберігати конфіденційність або використовувати брендовану ідентичність, тому залишаємо це рішення за вами.</p>\r\n\r\n<h2>Фотографія для впізнаваності</h2>\r\n\r\n<p>Профіль автора супроводжується якісною фотографією. Це може бути професійний портрет або інше зображення, що підкреслює вашу експертність або індивідуальність. Фото створює відчуття присутності та особистої участі в діалозі з читачем.</p>\r\n\r\n<h2>Біографія та досягнення</h2>\r\n\r\n<p>У спеціальному розділі короткої біографії ви можете розповісти про свою професійну діяльність, освіту, практичний досвід та спеціалізацію. Також рекомендуємо зазначити основні досягнення: сертифікати, участь у резонансних справах, публікації, проєкти. Це дозволить читачам краще зрозуміти ваш бекграунд та компетентність.</p>\r\n\r\n<h2>Посилання на зовнішній ресурс</h2>\r\n\r\n<p>На вашій сторінці дозволено розмістити одне активне посилання на зовнішній ресурс. Це може бути особистий сайт, сторінка в соціальній мережі (наприклад, LinkedIn, Facebook, Instagram) або профіль на професійній платформі. Ми не обмежуємо напрям — головне, щоб це було корисно для читача і відповідало вашій публічній активності.</p>\r\n\r\n<h2>Навіщо це потрібно?</h2>\r\n\r\n<p>Особиста сторінка допомагає:</p>\r\n<ul>\r\n  <li>підвищити довіру до ваших текстів;</li>\r\n  <li>зміцнити професійний авторитет у правовій спільноті;</li>\r\n  <li>отримувати зворотний зв’язок від читачів;</li>\r\n  <li>залишатися впізнаваним серед авторів платформи.</li>\r\n</ul>\r\n\r\n<h2>Контроль і гнучкість</h2>\r\n\r\n<p>Ви можете в будь-який момент оновити інформацію на своїй сторінці, змінити фотографію, замінити посилання або внести правки до біографії. Це ваш простір — і ви ним керуєте.</p>\r\n
38	en	Policy Cookie	We use cookies to enhance website performance, analytics, and user experience. By continuing to use the site, you agree to the use of cookies in accordance with our privacy policy.	<h2>Cookie Usage Policy</h2>\r\n\r\n<p>This website uses cookies to ensure proper functionality, improve user interaction, analyze traffic, and personalize content. We aim for transparency in data collection, so this policy explains what types of cookies we use, for what purpose, and how you can manage your settings.</p>\r\n\r\n<h3>What are cookies?</h3>\r\n\r\n<p>Cookies are small text files stored on your device (computer, tablet, smartphone) when you visit a website. They allow the site to remember your actions and preferences (such as language, region, login details) over time, so you don’t have to re-enter them each time you return.</p>\r\n\r\n<h3>Types of cookies we use</h3>\r\n\r\n<ul>\r\n  <li><strong>Essential (technical) cookies</strong> — required for the basic operation of the site, such as navigation or access to secure areas. Without them, the website may not function properly.</li>\r\n  <li><strong>Analytical cookies</strong> — collect information about how users interact with the site (visits, session duration, traffic sources). This helps us improve the structure and content of our resource.</li>\r\n  <li><strong>Functional cookies</strong> — allow us to remember your preferences and settings to enhance usability.</li>\r\n  <li><strong>Marketing cookies</strong> — used to show advertisements tailored to your interests. These may be set by third-party services (e.g., analytics or ad platforms).</li>\r\n</ul>\r\n\r\n<h3>Cookie storage duration</h3>\r\n\r\n<p>The duration depends on the type of cookie. Some cookies are automatically deleted after a session ends (session cookies), while others may remain on your device until a specific expiration date or until manually deleted (persistent cookies).</p>\r\n\r\n<h3>Managing cookies</h3>\r\n\r\n<p>You can change your cookie settings in your browser at any time: allow or block all cookies, delete saved cookies, or set selective restrictions. Please note that limiting or disabling some cookies may affect website functionality.</p>\r\n\r\n<h3>Consent to cookie usage</h3>\r\n\r\n<p>By continuing to use our website, you agree to the use of cookies in accordance with this policy. If you do not agree with certain types of cookies, please adjust your settings or discontinue use of the site.</p>\r\n\r\n<h3>Changes to the cookie policy</h3>\r\n\r\n<p>We reserve the right to modify this policy at any time. The current version is always available on this page. We recommend checking the policy periodically to stay informed about any updates.</p>\r\n\r\n<p>If you have any questions about the use of cookies, please contact us via the contact form on the website.</p>\r\n
38	uk	Політика використання файлів cookie	Ми використовуємо файли cookie для покращення роботи сайту, аналітики та зручності користувачів. Продовжуючи користуватися сайтом, ви погоджуєтесь на використання cookie згідно з нашою політикою конфіденційності.	<h2>Політика використання файлів cookie</h2>\r\n\r\n<p>Цей вебсайт використовує файли cookie для забезпечення коректної роботи ресурсу, покращення взаємодії з користувачами, аналізу трафіку та персоналізації контенту. Ми прагнемо забезпечити прозорість у питаннях збору даних, тому ця політика пояснює, які типи cookie ми використовуємо, з якою метою та як ви можете керувати своїми налаштуваннями.</p>\r\n\r\n<h3>Що таке cookie?</h3>\r\n\r\n<p>Файли cookie — це невеликі текстові файли, що зберігаються на вашому пристрої (комп’ютері, планшеті, смартфоні) при відвідуванні сайту. Вони дозволяють вебсайту запам’ятовувати ваші дії та налаштування (наприклад, мову, регіон, дані входу) протягом певного часу, щоб вам не потрібно було вводити їх щоразу знову.</p>\r\n\r\n<h3>Які типи cookie ми використовуємо</h3>\r\n\r\n<ul>\r\n  <li><strong>Обов’язкові (технічні) cookie</strong> — необхідні для базової роботи сайту, як-от навігація або доступ до захищених розділів. Без них сайт може працювати некоректно.</li>\r\n  <li><strong>Аналітичні cookie</strong> — збирають інформацію про те, як користувачі взаємодіють із сайтом (відвідуваність, тривалість сесії, джерела трафіку). Це допомагає покращувати структуру та зміст ресурсу.</li>\r\n  <li><strong>Функціональні cookie</strong> — дозволяють запам’ятати ваші налаштування і вподобання, щоб покращити зручність користування сайтом.</li>\r\n  <li><strong>Маркетингові cookie</strong> — використовуються для показу реклами, яка відповідає вашим інтересам. Їх можуть встановлювати треті сторони (наприклад, аналітичні або рекламні платформи).</li>\r\n</ul>\r\n\r\n<h3>Термін зберігання cookie</h3>\r\n\r\n<p>Тривалість зберігання файлів cookie залежить від типу. Одні cookie видаляються автоматично після завершення сеансу (сесійні cookie), інші можуть зберігатися на пристрої до певної дати або поки ви їх не видалите вручну (постійні cookie).</p>\r\n\r\n<h3>Керування файлами cookie</h3>\r\n\r\n<p>Ви можете самостійно змінити налаштування файлів cookie у своєму браузері: дозволити або заблокувати всі cookie, видалити вже збережені файли або налаштувати вибіркове блокування. Будь ласка, зверніть увагу, що обмеження або відключення деяких cookie можуть вплинути на функціональність сайту.</p>\r\n\r\n<h3>Згода на використання cookie</h3>\r\n\r\n<p>Продовжуючи користуватись нашим сайтом, ви погоджуєтесь на використання файлів cookie згідно з цією політикою. Якщо ви не згодні з використанням певних типів cookie, змініть свої налаштування або припиніть користування сайтом.</p>\r\n\r\n<h3>Зміни до політики cookie</h3>\r\n\r\n<p>Ми залишаємо за собою право вносити зміни до цієї політики в будь-який час. Актуальна версія завжди доступна на цій сторінці. Рекомендуємо періодично перевіряти зміст політики, щоб бути в курсі можливих оновлень.</p>\r\n\r\n<p>Якщо у вас є запитання щодо використання файлів cookie, будь ласка, зв’яжіться з нами через контактну форму на сайті.</p>\r\n
39	en	Policy Confidential	We respect your privacy. Personal data is collected only with your consent to improve the service. Information is not shared with third parties without legal grounds. You can modify or delete your data at any time.	<h2>Privacy Policy</h2>\r\n\r\n<p>At Lawshield, we respect the privacy of every user who visits our website. We are committed to ensuring the highest level of protection of personal data and full transparency in how we process it. This privacy policy explains what data we collect, for what purposes, how it is stored and used, and what rights users have regarding their information.</p>\r\n\r\n<h3>1. Collection of Personal Data</h3>\r\n<p>We may collect the following types of information:</p>\r\n<ul>\r\n  <li>Name, surname, email address, and phone number (if you request a consultation or other services);</li>\r\n  <li>IP address, date and time of your visit, type of device and browser, pages you viewed;</li>\r\n  <li>Other information you voluntarily provide by filling out forms on the site.</li>\r\n</ul>\r\n\r\n<h3>2. Purpose of Data Processing</h3>\r\n<p>We process personal data solely for the following purposes:</p>\r\n<ul>\r\n  <li>providing services, including legal consultations;</li>\r\n  <li>contacting you at your request;</li>\r\n  <li>improving website functionality and user experience;</li>\r\n  <li>informing you about news, updates, and special offers (with your consent);</li>\r\n  <li>complying with the legal requirements of Ukrainian law regarding personal data processing.</li>\r\n</ul>\r\n\r\n<h3>3. Data Retention</h3>\r\n<p>Personal data is retained only for as long as necessary to achieve the purposes listed above or as required by applicable law. After the retention period, data is either securely deleted or anonymized.</p>\r\n\r\n<h3>4. Sharing Data with Third Parties</h3>\r\n<p>We do not share your personal data with third parties without your consent, except when required by law or necessary to provide you with our services (e.g., hosting providers or payment systems, under strict confidentiality agreements).</p>\r\n\r\n<h3>5. Your Rights</h3>\r\n<p>Each user has the right to:</p>\r\n<ul>\r\n  <li>access their personal data;</li>\r\n  <li>request correction or updating of their data;</li>\r\n  <li>request restriction of processing or deletion of their data;</li>\r\n  <li>withdraw consent to data processing at any time (if processing is based on consent);</li>\r\n  <li>contact the relevant authorities regarding violations of privacy rights.</li>\r\n</ul>\r\n\r\n<h3>6. Data Protection</h3>\r\n<p>We use modern technical and organizational measures to protect personal data from unauthorized access, loss, alteration, or destruction.</p>\r\n\r\n<h3>7. Policy Changes</h3>\r\n<p>We reserve the right to periodically update this privacy policy. All changes will be published on this page, and we recommend checking it regularly for updates.</p>\r\n\r\n<h3>8. Contact Us</h3>\r\n<p>If you have any questions about how we process personal data or wish to exercise your rights, please contact us at: privacy@example.com</p>\r\n
39	uk	Політика конфіденційності	Ми поважаємо вашу конфіденційність. Особисті дані збираються лише з вашої згоди для покращення сервісу. Інформація не передається третім особам без законних підстав. Ви можете змінити або видалити свої дані в будь-який час.	<h2>Політика конфіденційності</h2>\r\n\r\n<p>Компанія «Правощит» з повагою ставиться до конфіденційності кожного користувача, який відвідує наш вебсайт. Ми прагнемо забезпечити максимальний рівень захисту персональних даних і прозорість у тому, як ми їх обробляємо. Ця політика конфіденційності пояснює, які саме дані ми збираємо, з якою метою, як вони зберігаються, використовуються та які права мають користувачі щодо своїх даних.</p>\r\n\r\n<h3>1. Збір персональних даних</h3>\r\n<p>Ми можемо збирати наступні типи інформації:</p>\r\n<ul>\r\n  <li>Ім’я та прізвище, адреса електронної пошти, номер телефону (у разі, якщо ви залишаєте заявку на консультацію або інші сервіси);</li>\r\n  <li>IP-адреса, дата та час відвідування сайту, тип пристрою та браузера, сторінки, які ви переглядали;</li>\r\n  <li>Інша інформація, яку ви добровільно надаєте, заповнюючи форми на сайті.</li>\r\n</ul>\r\n\r\n<h3>2. Мета обробки даних</h3>\r\n<p>Ми обробляємо персональні дані виключно для таких цілей:</p>\r\n<ul>\r\n  <li>надання послуг, включаючи юридичні консультації;</li>\r\n  <li>зв’язок з вами за вашою ініціативою;</li>\r\n  <li>покращення роботи сайту та користувацького досвіду;</li>\r\n  <li>інформування про новини, оновлення та спеціальні пропозиції (за умови вашої згоди);</li>\r\n  <li>виконання вимог законодавства України щодо обробки персональних даних.</li>\r\n</ul>\r\n\r\n<h3>3. Збереження даних</h3>\r\n<p>Персональні дані зберігаються лише стільки часу, скільки це необхідно для досягнення вказаних вище цілей або доти, доки цього вимагає чинне законодавство. Після завершення терміну зберігання дані безповоротно видаляються або анонімізуються.</p>\r\n\r\n<h3>4. Надання даних третім особам</h3>\r\n<p>Ми не передаємо ваші персональні дані третім особам без вашої згоди, за винятком випадків, коли це вимагається законом або для надання вам послуг (наприклад, хостинг-провайдеру або платіжним системам із дотриманням конфіденційності).</p>\r\n\r\n<h3>5. Ваші права</h3>\r\n<p>Кожен користувач має право:</p>\r\n<ul>\r\n  <li>отримати доступ до своїх персональних даних;</li>\r\n  <li>вимагати їх виправлення або оновлення;</li>\r\n  <li>вимагати обмеження обробки або видалення даних;</li>\r\n  <li>відкликати згоду на обробку в будь-який момент (якщо обробка здійснюється на підставі згоди);</li>\r\n  <li>звертатися до уповноважених органів щодо порушення прав на конфіденційність.</li>\r\n</ul>\r\n\r\n<h3>6. Захист інформації</h3>\r\n<p>Ми використовуємо сучасні технічні та організаційні заходи для захисту персональних даних від несанкціонованого доступу, втрати, зміни чи знищення.</p>\r\n\r\n<h3>7. Зміни в політиці</h3>\r\n<p>Ми залишаємо за собою право періодично оновлювати цю політику конфіденційності. Усі зміни публікуються на цій сторінці, і ми рекомендуємо регулярно перевіряти її актуальність.</p>\r\n\r\n<h3>8. Контакти</h3>\r\n<p>Якщо у вас є питання щодо обробки персональних даних або ви бажаєте реалізувати свої права, зверніться до нас за електронною адресою: privacy@example.com</p>\r\n
40	en	Work at Lawshield	Working at Lawshield means an opportunity to grow within a team of professionals. We are looking for talented lawyers, interns, and administrative staff. We offer fair pay, continuous training, and strong career growth prospects.	<p>2</p>
40	uk	Робота в Lawshield	Робота в Lawshield — це можливість розвиватись у команді професіоналів. Ми шукаємо талановитих юристів, стажерів та адміністративний персонал. Пропонуємо гідну оплату, постійне навчання та перспективу кар'єрного росту.	<h2>Робота в Правощит</h2>\r\n<p>Приєднання до команди Правощит — це можливість працювати у сфері права, де кожен день відкриває нові виклики та можливості для професійного розвитку. Ми створюємо умови, у яких кожен співробітник може реалізувати свій потенціал, працюючи над важливими для суспільства проєктами.</p>\r\n<p>Наша компанія об’єднує фахівців, які цінують чесність, професіоналізм та командну роботу. Ми підтримуємо атмосферу довіри, де кожен може вільно висловлювати свої ідеї та пропонувати шляхи вирішення складних завдань. Робота в Правощит — це не лише про виконання обов’язків, а й про можливість впливати на позитивні зміни у суспільстві.</p>\r\n<p>Ми пропонуємо широкий спектр можливостей для кар’єрного зростання, зокрема участь у навчальних програмах, семінарах та тренінгах. Кожен новий проєкт у Правощит — це шанс розширити свій досвід, здобути нові навички та попрацювати з експертами найвищого рівня.</p>\r\n<p>Особливу увагу ми приділяємо балансу між роботою та особистим життям. Гнучкий графік та можливість часткової віддаленої роботи допомагають нашим працівникам ефективно планувати свій час і залишатися продуктивними без шкоди для власного комфорту.</p>\r\n<p>Якщо ви прагнете працювати у компанії, яка цінує вашу думку, підтримує професійний розвиток і надихає на нові досягнення, Правощит стане вашим надійним партнером на шляху до успіху. Ми завжди відкриті для талановитих, цілеспрямованих та відповідальних людей, які готові долучитися до реалізації важливих правових проєктів.</p>\r\n
25	en	Standard subscription	The standard subscription to our legal services provides reliable access to consultations, document analysis, and case support. You receive professional legal assistance daily, with no extra costs and with maximum response speed.	<h2>Standard Subscription: Legal Support Without Extra Costs</h2>\r\n\r\n<p>Our law firm offers a convenient service format — the <u>Standard Subscription</u> for legal support. It's an optimal solution for individuals and businesses who need daily access to legal services without additional expenses or unnecessary bureaucracy.</p>\r\n\r\n<h4>What does the Standard Subscription include?</h4>\r\n<ul>\r\n  <li>Written legal consultations</li>\r\n  <li>Legal document analysis (up to 5 documents per month)</li>\r\n  <li>Support for standard legal matters</li>\r\n  <li>Access to our legal knowledge base</li>\r\n  <li>Response time from a lawyer — up to 24 hours</li>\r\n</ul>\r\n\r\n<h4>Main Advantages</h4>\r\n<ul>\r\n  <li>Fixed monthly fee</li>\r\n  <li>Easy to activate with no hidden conditions</li>\r\n  <li>Pause or resume your subscription anytime</li>\r\n  <li>Priority service compared to one-time clients</li>\r\n  <li>Support in administrative, labor, contract, and household matters</li>\r\n</ul>\r\n\r\n<h4>Who is the Standard Subscription for?</h4>\r\n<p>This option is designed for clients who value stability and confidence in their legal protection. If you need regular but not overly intensive interaction with lawyers — this is the perfect fit.</p>\r\n\r\n<h4>Other Subscription Plans</h4>\r\n\r\n<h5>Extended Subscription</h5>\r\n<p>Includes verbal consultations, document drafting by lawyers, legal support during negotiations, and additional services. It also covers representation in government institutions for standard procedures.</p>\r\n\r\n<h5>Ultra Subscription</h5>\r\n<p>The maximum package: 24/7 legal support, urgent responses within 1 hour, participation in court hearings, a dedicated personal lawyer, and strategic legal planning. Recommended for businesses or individuals with high legal exposure.</p>\r\n\r\n<h4>How to Subscribe?</h4>\r\n<p>You can subscribe directly on our website. Go to the “Subscription” section and select your preferred package. Once confirmed, you immediately gain access to all services.</p>\r\n\r\n<h4>Conclusion</h4>\r\n<p>The Standard Subscription offers an efficient balance between cost and quality legal support. You get daily assistance from experienced professionals without any hassle. Choose stability, convenience, and confidence — join our clients today.</p>\r\n
25	uk	Стандартна підписка	Стандартна підписка на наші юридичні послуги — це надійний доступ до консультацій, аналізу документів та супроводу справ. Ви отримуєте фахову підтримку у правових питаннях щодня без зайвих витрат і з максимальною швидкістю реагування.	<h2>Стандартна підписка: юридичні послуги без зайвих витрат</h2>\r\n\r\n<p>Наша юридична компанія пропонує клієнтам зручний формат обслуговування — <u>стандартну підписку</u> на правову підтримку. Це оптимальний варіант для приватних осіб та бізнесу, які прагнуть отримати доступ до юридичних послуг у щоденному режимі без додаткових витрат і зайвої бюрократії.</p>\r\n\r\n<h4>Що включає стандартна підписка?</h4>\r\n<ul>\r\n  <li>Юридичні консультації у письмовому форматі</li>\r\n  <li>Правовий аналіз документів (до 5 документів на місяць)</li>\r\n  <li>Супровід типових справ</li>\r\n  <li>Доступ до бази правових матеріалів</li>\r\n  <li>Відповідь юриста — до 24 годин</li>\r\n</ul>\r\n\r\n<h4>Основні переваги</h4>\r\n<ul>\r\n  <li>Фіксована щомісячна вартість</li>\r\n  <li>Просте підключення без прихованих умов</li>\r\n  <li>Можливість зупинити або відновити підписку у будь-який момент</li>\r\n  <li>Пріоритетне обслуговування порівняно з разовими клієнтами</li>\r\n  <li>Підтримка в адміністративних, трудових, договірних та побутових справах</li>\r\n</ul>\r\n\r\n<h4>Для кого підходить стандартна підписка?</h4>\r\n<p>Цей формат створений для клієнтів, які цінують стабільність і впевненість у правовому захисті. Якщо вам потрібна регулярна, але не надмірно активна взаємодія з юристами — це ідеальне рішення.</p>\r\n\r\n<h4>Інші типи підписок</h4>\r\n\r\n<h5>Розширена підписка</h5>\r\n<p>Передбачає усні консультації, підготовку документів юристами, юридичний супровід переговорів та інші додаткові послуги. Також включено представництво у державних органах у межах стандартних процедур.</p>\r\n\r\n<h5>Підписка «Ультра»</h5>\r\n<p>Максимальний пакет: цілодобова підтримка, термінові відповіді до 1 години, участь у судових засіданнях, індиві\r\n</p>
28	en	Change password	Changing your password helps keep your account secure. It's recommended to update your password regularly using a combination of uppercase and lowercase letters, numbers, and symbols. Change your password in the account s	<p>Ensuring the security of your account is a priority for every user who values the privacy of their data. One of the key steps in this process is regularly changing your password. Even if you notice no signs of unauthorized access, proactively updating your password helps prevent potential threats and keeps your data secure.</p>\r\n\r\n<h2>When should you change your password?</h2>\r\n<ul>\r\n  <li>If you suspect someone has learned your password.</li>\r\n  <li>After logging in from an unknown or public device.</li>\r\n  <li>If you notice suspicious activity on your account.</li>\r\n  <li>If you haven't changed your password in a while (recommended at least once every 3 months).</li>\r\n</ul>\r\n\r\n<h2>How to create a strong password?</h2>\r\n<ul>\r\n  <li>Your password should be at least 8 characters long.</li>\r\n  <li>Use a mix of uppercase and lowercase letters, numbers, and special characters.</li>\r\n  <li>Avoid obvious combinations: “123456”, “password”, your name or birthdate.</li>\r\n  <li>Do not reuse passwords from other accounts.</li>\r\n</ul>\r\n\r\n<h2>How to change your password on our site?</h2>\r\n<p>To change the password for your account, follow these steps:</p>\r\n<ol>\r\n  <li>Log in to your account on the law firm’s website.</li>\r\n  <li>Go to the “Account Settings” section.</li>\r\n  <li>Select the “Change Password” option.</li>\r\n  <li>Enter your current password, then the new password that meets security requirements.</li>\r\n  <li>Confirm the changes and save your new settings.</li>\r\n</ol>\r\n\r\n<h2>What to do if you forgot your password?</h2>\r\n<p>If you can't remember your current password, click the “Forgot Password?” link on the login page. You will be asked to enter your email address, and instructions for resetting your password will be sent to you.</p>\r\n\r\n<h2>Security tips</h2>\r\n<ul>\r\n  <li>Don't store passwords in your browser without extra protection.</li>\r\n  <li>Use a password manager to generate and securely store complex passwords.</li>\r\n  <li>Never share your password with anyone — even technical support staff.</li>\r\n</ul>\r\n\r\n<p>Changing your password regularly is a simple but effective way to protect your data. Don’t delay — secure your account today!</p>\r\n
28	uk	Зміна пароля	Зміна пароля допомагає забезпечити безпеку облікового запису. Рекомендується регулярно оновлювати пароль, використовуючи комбінацію великих і малих літер, цифр та символів.	<p>Забезпечення безпеки облікового запису є пріоритетом для кожного користувача, який цінує конфіденційність своїх даних. Одним із основних кроків на цьому шляху є регулярна зміна пароля. Навіть якщо ви не помічаєте ознак несанкціонованого доступу, профілактична зміна пароля допомагає уникнути потенційних загроз та зберегти ваші дані в безпеці.</p>\r\n\r\n<h2>Коли потрібно змінювати пароль?</h2>\r\n<ul>\r\n  <li>Якщо ви підозрюєте, що хтось дізнався ваш пароль.</li>\r\n  <li>Після входу з невідомого або публічного пристрою.</li>\r\n  <li>У разі підозрілої активності на вашому акаунті.</li>\r\n  <li>Якщо ви давно не змінювали пароль (рекомендується мінімум раз на 3 місяці).</li>\r\n</ul>\r\n\r\n<h2>Як створити надійний пароль?</h2>\r\n<ul>\r\n  <li>Пароль має містити не менше 8 символів.</li>\r\n  <li>Використовуйте великі та малі літери, цифри та спеціальні символи.</li>\r\n  <li>Не використовуйте очевидні комбінації: «123456», «password», ваше ім’я чи дату народження.</li>\r\n  <li>Уникайте повторного використання паролів із інших акаунтів.</li>\r\n</ul>\r\n\r\n<h2>Як змінити пароль на нашому сайті?</h2>\r\n<p>Для того щоб змінити пароль до облікового запису, дотримуйтесь наступних кроків:</p>\r\n<ol>\r\n  <li>Увійдіть у свій обліковий запис на сайті юридичної фірми.</li>\r\n  <li>Перейдіть у розділ «Налаштування акаунту».</li>\r\n  <li>Оберіть пункт «Зміна пароля».</li>\r\n  <li>Введіть старий пароль, а потім — новий пароль, який відповідає вимогам безпеки.</li>\r\n  <li>Підтвердіть зміни та збережіть нові налаштування.</li>\r\n</ol>\r\n\r\n<h2>Що робити, якщо ви забули пароль?</h2>\r\n<p>Якщо ви не можете згадати свій поточний пароль, натисніть на посилання «Забули пароль?» на сторінці входу. Вам буде запропоновано ввести адресу електронної пошти, після чого на неї надійде інструкція для скидання пароля.</p>\r\n\r\n<h2>Поради з безпеки</h2>\r\n<ul>\r\n  <li>Не зберігайте паролі у браузері без додаткового захисту.</li>\r\n  <li>Використовуйте менеджер паролів для генерації та збереження складних паролів.</li>\r\n  <li>Не повідомляйте свій пароль іншим особам — навіть працівникам техпідтримки.</li>\r\n</ul>\r\n\r\n<p>Регулярна зміна пароля — це простий, але ефективний спосіб убезпечити свої дані. Не відкладайте це — подбайте про безпеку свого акаунта вже сьогодні!</p>\r\n
29	en	30% discount on annual deal	Sign a one-year legal service agreement and take advantage of our special offer — 30% discount! This is a great opportunity to secure reliable legal support for an entire year. The offer is time-limited — valid for one month only!	<h2>30% Discount on Annual Legal Service Agreement</h2>\r\n\r\n<p>Secure reliable legal assistance for a whole year and save significantly. By entering into an annual agreement with our law firm today, you receive a 30% discount — a unique opportunity that combines financial benefit with professional legal support.</p>\r\n\r\n<h4>Why Choose an Annual Agreement?</h4>\r\n<p>An annual agreement provides peace of mind and continuity in legal services. Whether you're a business owner, an entrepreneur, or a private individual, regular legal support ensures you're always prepared for any challenges or decisions that require legal guidance.</p>\r\n\r\n<ul>\r\n  <li>Legal consultations without additional payments</li>\r\n  <li>Priority service and fast response to your requests</li>\r\n  <li>Support in contractual matters, negotiations, claims, and disputes</li>\r\n  <li>Monitoring of legislative changes relevant to your needs</li>\r\n  <li>Scheduled meetings and legal audits</li>\r\n</ul>\r\n\r\n<h4>Exclusive 30% Discount</h4>\r\n<p>This is not just a discount — it’s an investment in your legal safety and confidence. We’re offering a 30% discount on the total cost of annual services. This means you get full legal protection for 12 months at a significantly reduced price.</p>\r\n\r\n<h4>Limited-Time Offer</h4>\r\n<p>This proposal is:</p>\r\n<ul>\r\n  <li><u>One-time only</u> — no similar discounts will be offered in the near future.</li>\r\n  <li><u>Personalized</u> — developed individually based on your specific legal needs.</li>\r\n  <li><u>Time-sensitive</u> — valid only for one month from the date of publication.</li>\r\n</ul>\r\n\r\n<h4>How to Use the Offer?</h4>\r\n<p>It’s simple:</p>\r\n<ol>\r\n  <li>Contact us through our website or phone.</li>\r\n  <li>We’ll schedule a free consultation to define the scope of services and understand your legal needs.</li>\r\n  <li>You receive a customized annual agreement with the applied discount.</li>\r\n  <li>Sign the contract — and enjoy a full year of legal support.</li>\r\n</ol>\r\n\r\n<h4>Who Can Benefit?</h4>\r\n<p>This offer is open to both individuals and legal entities. Whether you need legal services for business or personal matters — we tailor our support for each client.</p>\r\n\r\n<h4>Let Us Work for You</h4>\r\n<p>Legal issues arise when least expected. With an annual agreement, you always have a team of experts by your side — ready to act, advise, and protect your rights. This is more than convenience; it’s security for the future.</p>\r\n\r\n<p><em>Take advantage of the 30% discount today. Contact us now — the offer won’t last long!</em></p>\r\n
29	uk	Знижка 30% на річну угоду	Оформіть річну угоду на юридичне обслуговування та скористайтеся спеціальною пропозицією — знижка 30%! Це вигідна можливість отримати надійний правовий супровід на цілий рік. Пропозиція обмежена у часі — лише один місяць!	<h2>Знижка 30% на річну угоду з юридичного обслуговування</h2>\r\n\r\n<p>Забезпечте собі надійну юридичну підтримку на цілий рік та суттєво зекономте. Уклавши річну угоду з нашою юридичною фірмою вже сьогодні, ви отримаєте знижку 30% — унікальна можливість поєднати фінансову вигоду з професійним юридичним супроводом.</p>\r\n\r\n<h4>Чому варто укладати річну угоду?</h4>\r\n<p>Річна угода — це впевненість і стабільність. Незалежно від того, чи ви підприємець, бізнесмен чи приватна особа, постійна юридична підтримка гарантує, що ви завжди готові до будь-яких викликів або рішень, які потребують правового супроводу.</p>\r\n\r\n<ul>\r\n  <li>Юридичні консультації без додаткових оплат</li>\r\n  <li>Пріоритетне обслуговування та швидка реакція на запити</li>\r\n  <li>Супровід договорів, перемовин, претензій та спорів</li>\r\n  <li>Моніторинг змін законодавства, що стосуються вас</li>\r\n  <li>Планові зустрічі та юридичні аудити</li>\r\n</ul>\r\n\r\n<h4>Ексклюзивна знижка 30%</h4>\r\n<p>Це не просто знижка — це інвестиція у вашу юридичну безпеку. Ми пропонуємо 30% знижки від загальної вартості річного обслуговування. Тобто ви отримуєте повноцінний юридичний захист на 12 місяців за значно вигіднішою ціною.</p>\r\n\r\n<h4>Пропозиція з обмеженим терміном дії</h4>\r\n<p>Ця пропозиція є:</p>\r\n<ul>\r\n  <li><u>Єдиноразовою</u> — аналогічних знижок не буде найближчим часом</li>\r\n  <li><u>Індивідуальною</u> — формується з урахуванням саме ваших потреб</li>\r\n  <li><u>Обмеженою в часі</u> — дійсна лише протягом одного місяця від дати публікації</li>\r\n</ul>\r\n\r\n<h4>Як скористатися пропозицією?</h4>\r\n<p>Все дуже просто:</p>\r\n<ol>\r\n  <li>Зв’яжіться з нами через сайт або за телефоном</li>\r\n  <li>Ми призначимо безкоштовну консультацію, щоб визначити обсяг послуг</li>\r\n  <li>Ви отримаєте персональну угоду на рік зі знижкою</li>\r\n  <li>Підписуєте договір — і користуєтесь юридичною підтримкою протягом року</li>\r\n</ol>\r\n\r\n<h4>Для кого ця пропозиція?</h4>\r\n<p>Пропозиція діє як для фізичних, так і для юридичних осіб. Потребуєте юридичного супроводу для бізнесу чи особистих справ — ми адаптуємось під кожного клієнта.</p>\r\n\r\n<h4>Ми працюємо для вас</h4>\r\n<p>Юридичні питання виникають несподівано. Маючи річну угоду, ви завжди матимете команду фахівців поруч — готових діяти, консультувати та захищати ваші права. Це не просто зручно — це впевненість у завтрашньому дні.</p>\r\n\r\n<p><em>Скористайтесь знижкою 30% вже сьогодні. Звертайтесь — пропозиція обмежена в часі!</em></p>\r\n
35	en	Exams	Lawshield offers legal exams in administrative law, procedure, military law, and judiciary. Prep takes 14 days, exams last 7 days. Certificate valid for 12 months. Fee: ~15,000 UAH. Open to law graduates or course completers. Recognized by most firms.	<h2>Exams for Legal Qualification Certification</h2>\r\n\r\n<p>The law firm "Pravoschyt" offers specialized exams to confirm or expand professional qualifications in the field of law. We have developed an independent knowledge assessment system that meets modern requirements for practicing lawyers, legal scholars, and specialists planning a career in administrative and military law.</p>\r\n\r\n<h2>Disciplines Covered by the Exam</h2>\r\n<p>Exams are available in the following areas:</p>\r\n<ul>\r\n  <li>Administrative Law</li>\r\n  <li>Administrative Procedure</li>\r\n  <li>Military Law</li>\r\n  <li>Judiciary</li>\r\n</ul>\r\n<p>Each exam assesses both theoretical knowledge and practical skills necessary for work in the legal field.</p>\r\n\r\n<h2>Exam Preparation</h2>\r\n<p>The minimum recommended preparation period is 14 calendar days. During this time, participants can access study materials provided by our company and attend specialized preparatory online sessions.</p>\r\n\r\n<h2>Eligibility Requirements</h2>\r\n<p>To be admitted to the exam, candidates must meet one of the following conditions:</p>\r\n<ul>\r\n  <li>Hold a higher legal education degree; or</li>\r\n  <li>Successfully complete a course provided by "Pravoschyt" in the relevant discipline.</li>\r\n</ul>\r\n<p>These requirements help ensure a high standard among exam participants and guarantee objective results.</p>\r\n\r\n<h2>Exam Process</h2>\r\n<p>The exam lasts up to 7 calendar days. It includes a written test, practical case resolution, and an oral interview with a legal mentor. The format may be in-person or online (with proper identity verification).</p>\r\n\r\n<h2>Certificate and Recognition</h2>\r\n<p>Upon successful completion, candidates receive an official certificate issued by the "Pravoschyt" law firm. The certificate is valid for 12 months and confirms specialization in the chosen discipline. Our certificates are recognized by the majority of legal firms in Ukraine as a reliable confirmation of professional competence. They may serve as the basis for employment, internships, or advancement within a current position.</p>\r\n\r\n<h2>Exam Fee</h2>\r\n<p>The approximate cost for each exam is 15,000 UAH. The price includes:</p>\r\n<ul>\r\n  <li>Access to preparation materials;</li>\r\n  <li>Mentor support;</li>\r\n  <li>The full exam process (in multiple stages);</li>\r\n  <li>Official certificate upon successful completion.</li>\r\n</ul>\r\n\r\n<h2>How to Register?</h2>\r\n<ol>\r\n  <li>Register or log in on the "Pravoschyt" company website;</li>\r\n  <li>Select your discipline and preferred preparation start date;</li>\r\n  <li>Confirm your education or completion of the company’s course;</li>\r\n  <li>Pay the exam fee;</li>\r\n  <li>Begin preparation and take the exam according to the schedule.</li>\r\n</ol>\r\n\r\n<h2>Who Is This For?</h2>\r\n<p>Our exams are intended for both newcomers seeking their first certification and experienced legal professionals looking to confirm or update their qualifications. This is a great opportunity for career growth, specialization change, or increasing your value in the legal services market.</p>\r\n
35	uk	Іспити	Правощит проводить іспити з адміністративного права, процесу, військового права та судочинства. Підготовка — 14 днів, іспити — 7 днів. Сертифікат дійсний 12 місяців. Вартість — ~15 000 грн. Доступно для випускників юрфаків або тих, хто пройшов наші курс	<h2>Іспити для підтвердження юридичної кваліфікації</h2>\r\n\r\n<p>Юридична фірма «Правощит» пропонує пройти спеціалізовані іспити для підтвердження або розширення професійної кваліфікації у сфері права. Ми створили систему незалежного оцінювання знань, яка відповідає сучасним вимогам до практикуючих юристів, правознавців і фахівців, що планують розпочати кар’єру у сфері адміністративного та військового права.</p>\r\n\r\n<h2>Дисципліни, за якими проводиться іспит</h2>\r\n<p>Іспити охоплюють такі напрямки:</p>\r\n<ul>\r\n  <li>Адміністративне право</li>\r\n  <li>Адміністративний процес</li>\r\n  <li>Військове право</li>\r\n  <li>Судочинство</li>\r\n</ul>\r\n<p>Кожен іспит перевіряє як теоретичні знання, так і практичні навички, необхідні для роботи у юридичній сфері.</p>\r\n\r\n<h2>Підготовка до іспиту</h2>\r\n<p>Мінімальний рекомендований термін підготовки становить 14 календарних днів. У цей період учасники можуть скористатися навчальними матеріалами, які надає наша компанія, а також відвідувати спеціалізовані підготовчі онлайн-сесії.</p>\r\n\r\n<h2>Умови допуску</h2>\r\n<p>До проходження іспиту допускаються особи, які відповідають одній з двох умов:</p>\r\n<ul>\r\n  <li>мають вищу юридичну освіту;</li>\r\n  <li>успішно завершили курси компанії «Правощит» з відповідної дисципліни.</li>\r\n</ul>\r\n<p>Ці вимоги дозволяють забезпечити високий рівень учасників іспиту та гарантувати об’єктивність результатів.</p>\r\n\r\n<h2>Процес складання іспиту</h2>\r\n<p>Іспит триває до 7 календарних днів. Він включає тестову частину, розв’язання практичних кейсів і усну співбесіду з юристом-наставником. Формат — очний або онлайн (із дотриманням ідентифікації особи).</p>\r\n\r\n<h2>Сертифікат і його визнання</h2>\r\n<p>Після успішного складання іспиту учасник отримує офіційний сертифікат від юридичної фірми «Правощит». Документ діє протягом 12 місяців і підтверджує наявність відповідної спеціалізації. Наші сертифікати визнаються більшістю юридичних компаній України як авторитетне підтвердження професійної компетенції. Вони можуть бути використані як підстава для працевлаштування, отримання стажування чи розширення повноважень в рамках поточної роботи.</p>\r\n\r\n<h2>Вартість іспиту</h2>\r\n<p>Кожен іспит коштує орієнтовно 15 000 гривень. У вартість входить:</p>\r\n<ul>\r\n  <li>доступ до підготовчих матеріалів;</li>\r\n  <li>підтримка куратора;</li>\r\n  <li>процедура складання іспиту (у кілька етапів);</li>\r\n  <li>офіційний сертифікат при успішному проходженні.</li>\r\n</ul>\r\n\r\n<h2>Як зареєструватися?</h2>\r\n<ol>\r\n  <li>Зареєструйтесь або увійдіть на сайті компанії «Правощит»;</li>\r\n  <li>Оберіть дисципліну та зручну дату початку підготовки;</li>\r\n  <li>Підтвердьте освіту або завершення курсів компанії;</li>\r\n  <li>Оплатіть вартість іспиту;</li>\r\n  <li>Розпочніть підготовку та складання відповідно до графіку.</li>\r\n</ol>\r\n\r\n<h2>Для кого це потрібно?</h2>\r\n<p>Наші іспити розраховані як на початківців, які прагнуть отримати перший сертифікат, так і на досвідчених правників, що бажають підтвердити або оновити свою кваліфікацію. Це чудова можливість для кар’єрного росту, зміни спеціалізації або підвищення власної вартості на ринку юридичних послуг.</p>\r\n
36	en	Attorney's license	Get your attorney license with "Lawshield" — specialized courses, internships, and full support. Prestige, new opportunities, higher income, and career growth await you. Start your journey to success today!	<h2>Attorney License — A Step Toward New Opportunities</h2>\r\n\r\n<p>Obtaining an attorney license is not just a formality but a crucial stage in the professional growth of any lawyer. It opens doors to new career perspectives, allows representing clients in court, participating in complex legal processes, and significantly increases both prestige and income level.</p>\r\n\r\n<h2>Exam Preparation: Courses That Build Professionals</h2>\r\n\r\n<p>The legal firm "Lawshield" offers specialized preparatory courses for those who aim to obtain an attorney license. Our programs are designed to meet the requirements of the qualification exam and cover key areas such as criminal, administrative, civil, and commercial law, as well as legal ethics, court practice, and modern challenges in jurisprudence.</p>\r\n\r\n<p>The duration of training depends on your current knowledge and the chosen format: from an intensive one-month course to a full-year in-depth program. We offer day, evening, and online classes for the convenience of students from different regions.</p>\r\n\r\n<h2>Benefits of an Attorney License</h2>\r\n\r\n<ul>\r\n  <li><em>Prestige of the profession</em> — an attorney is not just a lawyer but a true defender of human rights and freedoms.</li>\r\n  <li><em>Career growth</em> — licensed attorneys can handle complex court cases and represent companies or government agencies.</li>\r\n  <li><em>Financial advantages</em> — attorneys generally earn more than non-licensed legal professionals.</li>\r\n  <li><em>Professional autonomy</em> — the ability to start a private practice and build a personal client base.</li>\r\n</ul>\r\n\r\n<h2>Support at Every Stage</h2>\r\n\r\n<p>Training at "Lawshield" goes beyond theory. Our students get hands-on experience by interning with the firm's attorneys, analyzing real cases, participating in mock trials, and receiving feedback from practicing professionals. Each student receives learning materials, assistance with exam registration, and support up to the point of obtaining their license.</p>\r\n\r\n<h2>Why Choose "Lawshield"</h2>\r\n\r\n<p>We are a team of experienced lawyers who know exactly what is needed to pass the exam and build a successful legal career. Over the years, we have helped dozens of students and practicing lawyers achieve their goal of becoming licensed attorneys. Our graduates work at leading law firms, government institutions, and have opened their own practices.</p>\r\n\r\n<h2>Your License — Your Confidence in the Future</h2>\r\n\r\n<p>An attorney license is more than just a certificate — it's a symbol of professional maturity, responsibility, and readiness to defend clients' interests at the highest level. It marks a new stage in a lawyer's career, bringing both moral and financial satisfaction.</p>\r\n
36	uk	Ліцензія адвоката	Отримайте ліцензію адвоката з «Правощит» — спеціалізовані курси, стажування, підтримка до і після іспиту. Престиж, нові можливості, вищий дохід і кар’єрне зростання вже чекають на вас. Почніть шлях до успіху просто зараз!	<h2>Ліцензія адвоката — крок до нових можливостей</h2>\r\n\r\n<p>Отримання ліцензії адвоката — це не просто формальність, а важливий етап професійного розвитку для кожного юриста. Вона відкриває двері до нових перспектив, надає можливість представляти інтереси клієнтів у судах, брати участь у складних правових процесах, а також значно підвищує престиж і рівень доходу фахівця.</p>\r\n\r\n<h2>Підготовка до іспиту: курси, що формують професіоналів</h2>\r\n\r\n<p>Юридична фірма «Правощит» пропонує спеціалізовані підготовчі курси для тих, хто прагне отримати адвокатську ліцензію. Наші програми створені з урахуванням вимог кваліфікаційного іспиту та охоплюють ключові напрямки: кримінальне, адміністративне, цивільне та господарське право, а також адвокатську етику, судову практику та сучасні виклики у сфері юриспруденції.</p>\r\n\r\n<p>Тривалість навчання залежить від вашого рівня підготовки та обраного формату: від інтенсивного місячного курсу до поглибленої річної програми. Ми забезпечуємо як денне, так і вечірнє навчання, а також онлайн-формат для зручності студентів з різних регіонів.</p>\r\n\r\n<h2>Переваги адвокатської ліцензії</h2>\r\n\r\n<ul>\r\n  <li><em>Престиж професії</em> — адвокат є не просто юристом, а повноцінним захисником прав і свобод людини.</li>\r\n  <li><em>Кар’єрний ріст</em> — ліцензовані адвокати можуть брати участь у серйозних судових справах, представляти компанії та державні органи.</li>\r\n  <li><em>Фінансові переваги</em> — рівень доходу адвокатів, як правило, вищий у порівнянні з юристами без ліцензії.</li>\r\n  <li><em>Професійна автономія</em> — можливість відкривати приватну практику та самостійно формувати клієнтську базу.</li>\r\n</ul>\r\n\r\n<h2>Підтримка на кожному етапі</h2>\r\n\r\n<p>Навчання в «Правощит» не обмежується теорією. Наші слухачі мають змогу проходити стажування в адвокатів фірми, знайомитися з реальними кейсами, брати участь у змодельованих судових засіданнях та отримувати фідбек від практикуючих фахівців. Кожен слухач курсу отримує методичні матеріали, допомогу в реєстрації на іспит та супровід до моменту отримання посвідчення адвоката.</p>\r\n\r\n<h2>Чому варто обрати «Правощит»</h2>\r\n\r\n<p>Ми — команда досвідчених юристів, які знають, що саме потрібно для успішного складання іспиту та подальшої кар’єри адвоката. За роки роботи ми допомогли десяткам студентів і практикуючих юристів досягти бажаної мети — отримати адвокатську ліцензію. Наші випускники працюють в провідних юридичних фірмах, органах державної влади та відкрили власні практики.</p>\r\n\r\n<h2>Ваша ліцензія — ваша впевненість у майбутньому</h2>\r\n\r\n<p>Адвокатська ліцензія — це не лише документ, а й символ професійної зрілості, відповідальності та готовності захищати інтереси клієнтів на найвищому рівні. Це — новий етап у житті юриста, що приносить як моральне, так і матеріальне задоволення.</p>\r\n
\.


--
-- Data for Name: translate_entities; Type: TABLE DATA; Schema: public; Owner: postgres
--

COPY public.translate_entities (key, language, phrase) FROM stdin;
article.page_name	en	Materials on administrative law
article.page_name	uk	Матеріли на тему адміністративного права
article.description	en	We offer the latest materials analyzing legislative acts, court decisions, or procedures that regulate the activities of public authorities and their interaction with citizens. Such articles explain legal norms, their application, and their impact on social relations.
article.description	uk	Ми пропонуємо найсвіжіші матеріали, що аналізують законодавчі акти, судові рішення або процедури, які регулюють діяльність органів державної влади та взаємодію з громадянами. Такі статті пояснюють норми права, їх застосування та вплив на суспільні відносини.
read-length-formatter.a-few-minutes	en	a few minutes
read-length-formatter.a-few-minutes	uk	декілька хвилин
read-length-formatter.min	en	min
read-length-formatter.min	uk	хв
read-length-formatter.hour	en	h
read-length-formatter.hour	uk	год
read-length-formatter.day	en	d
read-length-formatter.day	uk	доба
article.read	en	read
article.read	uk	читати
header.link.sitemap	en	Sitemap
header.link.sitemap	uk	Мапа сайту
article.view.photo-by	en	Photo By
article.view.photo-by	uk	Фото зроблено
article.view.month.January	en	January
article.view.month.February	en	February
article.view.month.March	en	March
article.view.month.April	en	April
article.view.month.May	en	May
article.view.month.June	en	June
article.view.month.July	en	July
article.view.month.August	en	August
article.view.month.September	en	September
article.view.month.October	en	October
article.view.month.November	en	November
article.view.month.December	en	December
article.view.month.January	uk	Січня
article.view.month.February	uk	Лютого
article.view.month.March	uk	Березня
article.view.month.April	uk	Квітня
article.view.month.May	uk	Травня
article.view.month.June	uk	Червня
article.view.month.July	uk	Липня
article.view.month.August	uk	Серпня
article.view.month.September	uk	Вересня
article.view.month.October	uk	Жовтня
article.view.month.November	uk	Листопада
article.view.month.December	uk	Грудня
article.view.similar	en	Similar articles
article.view.similar	uk	Схожі матеріали
article.view.continue.reading	en	Continue reading
article.view.continue.reading	uk	Продовжити читати
404.page_name	en	Page not found (404)
404.page_name	uk	Сторінка не знайдена (404)
server-error-example.page_name	en	Server error example page
server-error-example.page_name	uk	Сторінка, яка демонструє вигляд помилки серверу
sitemap.page_name	en	Sitemap
sitemap.description	en	Public sitemap - visit all our resources
sitemap.page_name	uk	Мапа сайту
sitemap.description	uk	Загальнодоступна мапа сайту - відвідайте всі наші ресурси
article.category	en	Category
global.language	en	English
global.language	uk	Українська
root.page_name	en	Home page
root.page_name	uk	Домашня сторінка
server-error.header	en	Server error page
server-error.header	uk	Сторінка помилки серверу
server-error.message	en	Sorry, we have an error on our side. Please try again later
server-error.message	uk	Вибачте, нажаль сталася помилка на стороні серверу. Спробуйте повторити запит пізніше
404.header	en	The requested page was not found on our server
404.header	uk	Запрошена сторінка не знайдена на нашому сервері
404.message	en	Please check the request and try again
404.message	uk	Будь ласка, перевірте адресну строку та спробуйте знову
header.logo	en	Lawshield
header.logo	uk	Правощит
header.sing_in	en	Sing in
header.sing_in	uk	Увійти
header.subscribe	en	Subscribe
header.subscribe	uk	Підписатися
article.category	uk	Категорія
server-error.description	en	This page is now works as expected
server-error.description	uk	Ця сторінка не працює як очікувалося, сталася помилка серверу
auth.wrong-password	en	Wrong password, please check and try again
auth.wrong-username	en	Wrong username, please check and try again
auth.success-logged-in	en	You have successfully logged in
auth.not-active	uk	Обліковий запис не активний
auth.wrong-password	uk	Неправильний пароль, перевірте та повторіть спробу
auth.wrong-username	uk	Неправильне ім'я користувача, перевірте та повторіть спробу
auth.success-logged-in	uk	Ви успішно увійшли у систему
auth.not-active	en	Account is not active
error.during-check-fix-and-try	en	Error during check: %s. Please fix it and try again
error.during-check-fix-and-try	uk	Помилка під час перевірки: %s. Виправте це та повторіть спробу
logout.you-must-login-first	en	You must login first
logout.you-must-login-first	uk	Ви маєте спочатку увійти в систему
middleware.form-data-is-outdated	en	Received data is outdated, please fill form and send again
middleware.form-data-is-outdated	uk	Отримані дані застаріли, заповніть форму та надішліть її повторно
middleware.form-error	en	Form was sent with error data, please fill it and send again
middleware.form-error	uk	Форма була надіслана з помилковими даними, заповніть її та надішліть ще раз
admin.roles.you-do-not-have-enough-permissions	en	You do not have enough permissions
admin.roles.you-do-not-have-enough-permissions	uk	У вас недостатньо прав доступу
admin.image-cache.cache-cleared	en	Image cache was cleared
admin.image-cache.cache-cleared	uk	Кеш зображень очищено
admin.data-success-update	en	Information successfully updated
admin.data-success-update	uk	Дані успішно оновлені
admin.author-with-id-not-exist	en	Author with id %s does not exist
admin.author-with-id-not-exist	uk	Автора з вказаним id %s не існує
admin.could-not-change-activity	en	Could not change activity - %s
admin.could-not-change-activity	uk	Не вдалося змінити активність - %s
admin.could-not-save	en	Could not save, check error and try again
admin.could-not-save	uk	Не вдалося зберегти, перевірте помилку та повторіть спробу
admin.data-could-not-delete	en	An error occurred while attempting to delete, please check and try again
admin.data-could-not-delete	uk	Під час спроби видалення сталася помилка, перевірьте те спробуйте знову
admin.data-was-deleted-successfully	en	Data was successfully deleted.
admin.data-was-deleted-successfully	uk	Дані були успішно видалені
admin.query-was-processed-successfully	en	Query was processed successfully
admin.query-was-processed-successfully	uk	Запит було оброблено успішно
admin.image-with-id-not-exist	en	Image with id %s not exist
admin.image-with-id-not-exist	uk	Зображення з id %s не існує
admin.data-success-saved	en	Data was successfully saved
admin.data-success-saved	uk	Дані успішно збережено
global.please-select	en	Please select
global.please-select	uk	Будь ласка, оберіть варіант
article.view.by	uk	Автор
article.view.by	en	Author
admin.audio-with-id-not-exist	en	Audio with id %s not exist
admin.audio-with-id-not-exist	uk	Аудіо з id %s не існує
admin.audio-translate-with-language-not-exist	en	Audio with id %s: translation for language %s does not exist
admin.audio-translate-with-language-not-exist	uk	Для аудіо з id %s перекладу мовою %s не існує
admin.data-success-delete	en	Data was successfully deleted
admin.data-success-delete	uk	Дані були успішно видалені
admin.could-not-delete	en	Could not delete, check error and try again
admin.could-not-delete	uk	Неможливо видалити, перевірте помилку та спробуйте знову
admin.article-with-id-not-exist	en	Article with id %s not exist
admin.article-with-id-not-exist	uk	Статті з id %s не існує
filter.limit	en	Limit
filter.limit	uk	Кількість
filter.direction	en	Direction
filter.direction	uk	Напрямок
filter.order-by	en	Order By
filter.order-by	uk	Сортувати за
created_at	en	Сreated at
created_at	uk	Дата створення
identifier	en	Identifier
identifier	uk	Ідентифікатор
desc	en	Descending
desc	uk	За спаданням
asc	en	Ascending
asc	uk	За зростанням
category.page.table.name	en	Category name
category.page.table.name	uk	Назва категорії
category.page.table.description	en	Category description
category.page.table.description	uk	Опис категорії
category.page.table.articles-count	en	Articles count
category.page.table.articles-count	uk	Кількість статей
category.page.name	en	Article categories
category.page.name	uk	Категорії статей
category.page.description	en	A page with a list of all categories in which articles are located. Choose the one that interests you and start reading the materials.
category.page.description	uk	Сторінка зі списком усіх категорій, в яких знаходяться статті. Оберіть, яка Вас цікавить і перейдіть до читання матеріалів.
admin.banner-with-id-not-exist	en	Banner with id %s not exist
admin.banner-with-id-not-exist	uk	Банера з id %s не існує
root.news-header	en	Read the latest news today
root.news-header	uk	Останні новини
root.statistic.name	en	A bit of statistics from Lawshield
root.statistic.name	uk	Трохи статистики від Lawshield
root.statistic.description	en	Our lawyers participated last month
root.statistic.description	uk	Наші юристи брали участь минулого місяця
root.statistic.body	en	                            <li class="list-group-item">30 - total cases</li>                             <li class="list-group-item">15 - releases within 3 hours after entering the case</li>                             <li class="list-group-item">10 - cases have been handled in courts of various levels                             </li>                             <li class="list-group-item">3 - favorable rulings for our clients</li>                             <li class="list-group-item">0 - negative rulings</li>
root.statistic.body	uk	<li class="list-group-item">30 – загальна кількість справ</li> <li class="list-group-item">15 – звільнення протягом 3 годин після надходження до справи</li> <li class="list-group-item">10 – справи розглядалися в судах різних рівнів </li> <li class="list-group-item">3 – сприятливі рішення для наших клієнтів</li> <li class="list-group-item">0 – негативні рішення</li>
root.ads.name	en	Advertisement on the site
root.ads.name	uk	Реклама на сайті
root.ads.body	en	Today, you have the opportunity to order any type of advertisement on our website with an                             additional <span class="text-white bg-success px-1">15% discount</span>. <a                                 href="#">Learn                                 more now!</a>
root.ads.body	uk	Сьогодні у вас є можливість замовити будь-який тип реклами на нашому веб-сайті з додатковою <span class="text-white bg-success px-1">15% знижкою</span>. <a href="#">Дізнайтеся більше зараз!</a>
menu.latest	en	Latest
menu.latest	uk	Останні
menu.traffic	en	Traffic
menu.traffic	uk	Дорожній рух
menu.legislative-changes	en	Legislative changes
menu.legislative-changes	uk	Законодавчі зміни
menu.all	en	All articles
menu.all	uk	 Усі матеріали
article.h2.publications	en	Last publications
article.h2.publications	uk	Останні публікації
menu.consultations	en	Consultations
menu.consultations	uk	Консультації
menu.judicial-practice	en	Judicial practice
menu.judicial-practice	uk	Юридична практика
menu.legal-framework	en	Legal framework
menu.legal-framework	uk	Правова база
menu.common-mistakes	en	Common mistakes
menu.common-mistakes	uk	Поширені помилки
menu.traffic-vehicle-stop	en	Vehicle stop
menu.traffic-vehicle-stop	uk	Зупинка транспортного засобу
footer.by_romanenko	en	by Romanenko Serhii, the copyright for the media files and text belongs to the indicated authors.
footer.by_romanenko	uk	належить Романенко Сергію, авторське право на медіа файли та текст належить вказаним авторам
footer.copyright	en	Copyright for the site code and design
footer.copyright	uk	Авторські права на код та дизайн сайту
menu.administrative-process	en	Administrative Process
menu.administrative-process	uk	Адміністративний процес
menu.administrative-detention	en	Administrative detention
menu.administrative-detention	uk	Адміністративне затримання
menu.evidence	en	Evidence
menu.evidence	uk	Докази
menu.military-law	en	Military law
menu.military-law	uk	Військове право
menu.military-medical-commission	en	Military Medical Commission
menu.military-medical-commission	uk	Військово-лікарська комісія
menu.military-registration-document	en	Military registration document
menu.military-registration-document	uk	Військовий обліковий документ
menu.reservation	en	Reservation
menu.reservation	uk	Бронювання
404.description	en	Requested page was not found on our server
404.description	uk	Запитана сторінка не знайдена на нашому сервері
admin.category-with-id-not-exist	en	Category with id %s does not exist
admin.category-with-id-not-exist	uk	Категорії з id %s не існує
most-visited.h1	en	Most Visited
most-visited.h1	uk	Найбільш відвідувані
comments	en	comments
comments	uk	коментарі
admin.page-with-id-not-exist	en	The page with %s does not exist
admin.page-with-id-not-exist	uk	Сторінки з %s не існує
footer.links.about	en	About
footer.links.about	uk	Про компанію
footer.links.why-subscribe	en	Why subscribe
footer.links.why-subscribe	uk	Чому варто підписатися
footer.links.authors	en	Authors
footer.links.authors	uk	Автори
footer.links.training	en	Training
footer.links.training	uk	Навчання
footer.links.commercial-offer	en	Commercial offer
footer.links.commercial-offer	uk	Комерційна пропозиція
footer.links.customers	en	Customers
footer.links.customers	uk	Клієнти
footer.links.law-career	en	Law career
footer.links.law-career	uk	Юридична кар'єра
footer.links.special.offers	en	Special offers
footer.links.special.offers	uk	Спеціальні пропозиції
footer.links.contacts	en	Contacts
footer.links.contacts	uk	Контакти
footer.links.feedback	en	Feedback
footer.links.feedback	uk	Зворотній зв'язок
footer.links.recovery	en	Recovery
footer.links.recovery	uk	Відновлення доступу
footer.links.account	en	Account
footer.links.account	uk	Обліковий запис
footer.links.conditions-of-publication	en	Conditions of publication
footer.links.conditions-of-publication	uk	Умови публікації
footer.links.benefits	en	Benefits
footer.links.benefits	uk	Переваги
button.filter	en	filter
button.filter	uk	фільтрувати
page.login.provide-login-credentials	en	Provide Login Credentials
page.login.provide-login-credentials	uk	Введіть облікові дані для входу
page.login.enter-username	en	Enter your user name
page.login.enter-username	uk	Введіть своє ім'я користувача
page.login.enter-password	en	Enter password
page.login.enter-password	uk	Введіть пароль
page.login.forgot-password	en	Forgot a password
page.login.forgot-password	uk	Забули пароль
New user	en	New user
New user	uk	Новий користувач
page.register.name	en	Registration Page
page.register.name	uk	Сторінка реєстрації
category.last-news	en	Last news
category.last-news	uk	Останні новини
logout.do-not-want	en	Do not want to be logged in
logout.do-not-want	uk	Не хочете бути авторизованим
logout	en	Logout
logout	uk	Вийти
page.register.tip	en	<p>The registration page is not real and does not create an actual account. To log in, please go to the <a href="/login">login page</a> and use the following:</p> <ul class="list-group">   <li class="list-group-item">In the username field, enter an email address. You can use any. Example – <kbd>email@example.com</kbd></li>   <li class="list-group-item">For the password field, please follow the rule – length of 8 characters, containing at least one lowercase and one uppercase letter, a number, and at least one special character: _`$%^*'. The password is not stored. Validation is performed based only on these rules. Example – <kbd>aA1_hello</kbd></li> </ul>
page.register.tip	uk	<p>Сторінка реєстрації є несправжньою і не реєструє клієнта. Для здійснення входу перейдіть на <a href="/login">відповідну сторінку</a> і використовуйте наступне:</p> <ul class="list-group">   <li class="list-group-item">В поле им'я користувача введіть емайл. Можете вказати будь який. Приклад - <kbd>email@example.com</kbd></li>   <li class="list-group-item">Для полі пароль використовуйте, будь ласка правило - довжина<span style="text-align: center;">&nbsp;8 символів, містить хоча б одну маленьку і одну велику букву, цифру і хоча б один зі спеціальних символів&nbsp; _`$%^*'</span>. Пароль не зберігається. Перевірки виконуються тільки на вказані правила. Приклад - <kbd>aA1_hello</kbd></li> </ul>
page.login.already-logged-in	en	You already logged in. Let's start with
page.login.already-logged-in	uk	Ви вже увійшли в систему. Почніть з ⬇️
user.email-error	en	Email Local Part can contain latin characters, numbers and a dot. Domain can contain latin characters and a dot, must end minimun with 2 characters after a dot
user.email-error	uk	Локальна частина електронної пошти може містити латинські символи, цифри та крапку. Домен може містити латинські символи та крапку, має закінчуватися щонайменше двома символами після крапки
user.password-error	en	Password must be at least 8 characters long, contain at least one lowercase, uppercase letter, number and a specal character from _`$%^*'
user.password-error	uk	Пароль має містити щонайменше 8 символів, принаймні одну малу літеру, велику літеру, цифру та спеціальний символ з _`$%^*'
Standard subscription	en	Standard subscription
Standard subscription	uk	Стандартна підписка
More details	en	More details
More details	uk	Детальніше
page.account.user-from	en	User since 2025
page.account.user-from	uk	Користувач з 2025 року
page.account.discount	en	Discount on all services
page.account.discount	uk	Знижка на всі послуги
Field	en	Field
Field	uk	Поле
Data	en	Data
Data	uk	Дані
Password	en	Password
Password	uk	Пароль
change	en	change
change	uk	змінити
Username	en	Username
Username	uk	Ім'я користувача
First name	en	First name
First name	uk	Ім'я
Last Name	en	Last Name
Last Name	uk	Прізвище
Personal data	en	Personal data
Personal data	uk	Персональні дані
Special offers	en	Special offers
Special offers	uk	Спеціальні пропозиції
offers.discount-30.title	en	30% discount on annual deal
offers.discount-30.title	uk	Знижка 30% на річну угоду
offers.discount-30.text	en	Sign a contract with us now for 1 year of legal services and get a 30% discount.
offers.discount-30.text	uk	Укладіть зараз угоду з нами на 1 рік юридичного обслуговування і отримайте 30% знижки.
offers.condition.once	en	One-time offer
offers.condition.once	uk	Єдиноразова пропозиція
offers.condition.individually	en	Individually for you
offers.condition.individually	uk	Індивідуально для вас
offers.condition.terms.month	en	Offer valid for one month only
offers.condition.terms.month	uk	Пропозиція дійсна тільки місяць
offers.condition.terms-1-12-month	en	from 1 month to 1 year
offers.condition.terms-1-12-month	uk	від 1 місяця до 1 року
offers.condition.more-lawyers	en	Possibility of involving lawyers
offers.condition.more-lawyers	uk	Можливість дозалучення юристів
offers.condition.one-year-contract	en	For those who have an annual contract for business management
offers.condition.one-year-contract	uk	Для тих хто має річну угоду на ведення справ
offers.24-7	en	24/7 support
offers.24-7	uk	Супроводження 24/7
offers.24-7.text	en	Agreement to conduct business 24/7 without breaks or weekends.
offers.24-7.text	uk	Угода на ведення справ без перерви і вихідних 24/7.
offers.free-consultation	en	One consultation per year is free
offers.free-consultation	uk	Одна консультація в рік безкоштовно
offers.free-consultation.text	en	We provide one consultation per year at our expense to all website clients.
offers.free-consultation.text	uk	Для всіх клієнтів сайту даємо одну консультацію в рік за наш рахунок.
offers.condition.once-12-month	en	Once a year
offers.condition.once-12-month	uk	Раз на рік
Subscribe to news	en	Subscribe to news
Subscribe to news	uk	Підпишиться на новини
subscribe.title	en	Subscribe to news to stay up to date with all the latest news in the field of administrative law.
subscribe.title	uk	Підпишиться на новини, щоб бути в курсі всіх останніх новин у сфері адміністративного права.
subscribe.text	en	You can cancel at any time.
subscribe.text	uk	Ви зможете відмовитись у будь-який момент.
Subscribe	en	Subscribe
Subscribe	uk	Підписатися
footer.links.ownership-of-materials	en	Ownership of materials
footer.links.ownership-of-materials	uk	Права власності на матеріали
footer.links.author-personal-page	en	Author's personal page
footer.links.author-personal-page	uk	Особиста сторінка автора
Search	en	Search
Search	uk	Пошук
search.page_name	en	Search page for articles on administrative law
search.page_name	uk	Сторінка пошуку статей по адміністративному праву
search.page_description	en	Search for articles on administrative, military law and traffic law
search.page_description	uk	Пошук статей на тему адміністративного, військового права та дорожнього руху
search.search-results.no-articles	en	No articles have been found
search.search-results.no-articles	uk	Статей не знайдено
search.search-results	en	Search results
search.search-results	uk	Результати пошуку
button.next	en	Next
button.next	uk	Наступні
button.prev	en	Prev
button.prev	uk	Попередні
Advertisement	en	Advertisement
Advertisement	uk	Реклама
search.search-results.modify	en	Try modifying the query or check for an error.
search.search-results.modify	uk	Спробуйте модифікувати запит або перевірте на помилку.
search.search-results.tip	en	Enter a query in the search field above and click the "Search" button. You can use multiple words at the same time.
search.search-results.tip	uk	Введить в розташоване вище пошукове поле запит і натисніть кнопку "Пошук". Можна одночасно використовувати декілька слів.
search.search-results.total-articles	en	Currently, the site database contains 250 articles.
search.search-results.total-articles	uk	На даний час в базі сайту 250 статей.
footer.links.exams	en	Exams
footer.links.exams	uk	Іспити
footer.links.attorney-license	en	Attorney's license
footer.links.attorney-license	uk	Ліцензія адвоката
footer.links.our-partners	en	Our partners
footer.links.our-partners	uk	Наші партнери
footer.policy.policy-cookie	en	Policy Cookie
footer.policy.policy-cookie	uk	Політика використання файлів cookie
footer.policy.policy-confidential	en	Policy Confidential
footer.policy.policy-confidential	uk	Політика конфіденційності
modal.accept-terms.title	en	Agree to Terms and Conditions
modal.accept-terms.title	uk	Погоджуюся з Умовами та положеннями
modal.accept-terms.body	en	We use essential cookies to make our site work. With your consent, we may also use non-essential cookies to improve user experience and analyze website traffic. By clicking “Accept,” you agree to our website's cookie use as described in our Cookie Policy.
modal.accept-terms.body	uk	Ми використовуємо необхідні файли cookie для забезпечення роботи нашого сайту. За вашою згодою ми також можемо використовувати необов’язкові файли cookie для покращення взаємодії з користувачем та аналізу трафіку веб-сайту. Натискаючи кнопку «Прийняти», ви погоджуєтеся на використання файлів cookie нашим веб-сайтом, як описано в нашій Політиці використання файлів cookie.
modal.accept-terms.accept	en	Accept
modal.accept-terms.accept	uk	Прийняти
modal.accept-terms.decline	en	Decline
modal.accept-terms.decline	uk	Відхилити
\.


--
-- Data for Name: translate_keys; Type: TABLE DATA; Schema: public; Owner: postgres
--

COPY public.translate_keys (identifier) FROM stdin;
global.language
root.page_name
server-error.header
server-error.message
404.header
404.message
header.logo
header.sing_in
header.subscribe
footer.copyright
footer.by_romanenko
article.page_name
article.description
article.h2.publications
read-length-formatter.a-few-minutes
read-length-formatter.min
read-length-formatter.hour
read-length-formatter.day
article.read
header.link.sitemap
article.view.photo-by
article.view.by
article.view.month.January
article.view.month.February
article.view.month.March
article.view.month.April
article.view.month.May
article.view.month.June
article.view.month.July
article.view.month.August
article.view.month.September
article.view.month.October
article.view.month.November
article.view.month.December
article.view.similar
article.view.continue.reading
404.page_name
404.description
server-error-example.page_name
sitemap.page_name
sitemap.description
article.category
server-error.description
auth.not-active
auth.wrong-password
auth.wrong-username
auth.success-logged-in
error.during-check-fix-and-try
logout.you-must-login-first
middleware.form-data-is-outdated
middleware.form-error
admin.roles.you-do-not-have-enough-permissions
admin.image-cache.cache-cleared
admin.data-success-update
admin.author-with-id-not-exist
admin.could-not-change-activity
admin.could-not-save
admin.data-could-not-delete
admin.data-was-deleted-successfully
admin.query-was-processed-successfully
admin.image-with-id-not-exist
admin.data-success-saved
global.please-select
admin.audio-with-id-not-exist
admin.audio-translate-with-language-not-exist
admin.data-success-delete
admin.could-not-delete
admin.article-with-id-not-exist
filter.limit
filter.direction
filter.order-by
created_at
identifier
desc
asc
category.page.table.name
category.page.table.description
category.page.table.articles-count
category.page.name
category.page.description
admin.banner-with-id-not-exist
root.news-header
root.statistic.name
root.statistic.description
root.statistic.body
root.ads.name
root.ads.body
menu.latest
menu.traffic
menu.legislative-changes
menu.all
menu.consultations
menu.judicial-practice
menu.legal-framework
menu.common-mistakes
menu.traffic-vehicle-stop
menu.administrative-process
menu.administrative-detention
menu.evidence
menu.military-law
menu.military-medical-commission
menu.military-registration-document
menu.reservation
admin.category-with-id-not-exist
most-visited.h1
comments
admin.page-with-id-not-exist
footer.links.about
footer.links.why-subscribe
footer.links.authors
footer.links.training
footer.links.commercial-offer
footer.links.customers
footer.links.law-career
footer.links.special.offers
footer.links.contacts
footer.links.feedback
footer.links.recovery
footer.links.account
footer.links.conditions-of-publication
footer.links.benefits
button.filter
page.login.provide-login-credentials
page.login.enter-username
page.login.enter-password
page.login.forgot-password
New user
page.register.name
page.login.already-logged-in
category.last-news
logout.do-not-want
logout
page.register.tip
user.email-error
user.password-error
Standard subscription
More details
page.account.discount
page.account.user-from
Field
Data
Password
change
Username
First name
Last Name
Personal data
Special offers
offers.discount-30.title
offers.discount-30.text
offers.condition.once
offers.condition.individually
offers.condition.terms.month
offers.condition.terms-1-12-month
offers.condition.more-lawyers
offers.condition.one-year-contract
offers.24-7
offers.24-7.text
offers.free-consultation
offers.free-consultation.text
offers.condition.once-12-month
Subscribe to news
subscribe.title
subscribe.text
Subscribe
footer.links.ownership-of-materials
footer.links.author-personal-page
Search
search.page_name
search.page_description
search.search-results.no-articles
search.search-results
button.next
button.prev
Advertisement
search.search-results.modify
search.search-results.tip
search.search-results.total-articles
footer.links.exams
footer.links.attorney-license
footer.links.our-partners
footer.policy.policy-cookie
footer.policy.policy-confidential
modal.accept-terms.title
modal.accept-terms.body
modal.accept-terms.accept
modal.accept-terms.decline
\.


--
-- Name: admin_roles_identifier_seq; Type: SEQUENCE SET; Schema: public; Owner: postgres
--

SELECT pg_catalog.setval('public.admin_roles_identifier_seq', 1, false);


--
-- Name: admin_users_identifier_seq; Type: SEQUENCE SET; Schema: public; Owner: postgres
--

SELECT pg_catalog.setval('public.admin_users_identifier_seq', 1, false);


--
-- Name: audio_identifier_seq; Type: SEQUENCE SET; Schema: public; Owner: postgres
--

SELECT pg_catalog.setval('public.audio_identifier_seq', 71, true);


--
-- Name: author_identifier_seq; Type: SEQUENCE SET; Schema: public; Owner: postgres
--

SELECT pg_catalog.setval('public.author_identifier_seq', 62, true);


--
-- Name: banner_identifier_seq; Type: SEQUENCE SET; Schema: public; Owner: postgres
--

SELECT pg_catalog.setval('public.banner_identifier_seq', 10, true);


--
-- Name: img_identifier_seq; Type: SEQUENCE SET; Schema: public; Owner: postgres
--

SELECT pg_catalog.setval('public.img_identifier_seq', 129, true);


--
-- Name: links_link_id_seq; Type: SEQUENCE SET; Schema: public; Owner: postgres
--

SELECT pg_catalog.setval('public.links_link_id_seq', 1, false);


--
-- Name: page_id_seq; Type: SEQUENCE SET; Schema: public; Owner: postgres
--

SELECT pg_catalog.setval('public.page_id_seq', 43, true);


--
-- Name: admin_roles admin_roles_name_key; Type: CONSTRAINT; Schema: public; Owner: postgres
--

ALTER TABLE ONLY public.admin_roles
    ADD CONSTRAINT admin_roles_name_key UNIQUE (name);


--
-- Name: admin_roles admin_roles_pkey; Type: CONSTRAINT; Schema: public; Owner: postgres
--

ALTER TABLE ONLY public.admin_roles
    ADD CONSTRAINT admin_roles_pkey PRIMARY KEY (identifier);


--
-- Name: admin_users admin_users_email_key; Type: CONSTRAINT; Schema: public; Owner: postgres
--

ALTER TABLE ONLY public.admin_users
    ADD CONSTRAINT admin_users_email_key UNIQUE (email);


--
-- Name: admin_users admin_users_pkey; Type: CONSTRAINT; Schema: public; Owner: postgres
--

ALTER TABLE ONLY public.admin_users
    ADD CONSTRAINT admin_users_pkey PRIMARY KEY (identifier);


--
-- Name: admin_users admin_users_username_key; Type: CONSTRAINT; Schema: public; Owner: postgres
--

ALTER TABLE ONLY public.admin_users
    ADD CONSTRAINT admin_users_username_key UNIQUE (username);


--
-- Name: article article_identifier_key; Type: CONSTRAINT; Schema: public; Owner: postgres
--

ALTER TABLE ONLY public.article
    ADD CONSTRAINT article_identifier_key UNIQUE (identifier);


--
-- Name: article article_pkey; Type: CONSTRAINT; Schema: public; Owner: postgres
--

ALTER TABLE ONLY public.article
    ADD CONSTRAINT article_pkey PRIMARY KEY (identifier);


--
-- Name: article_translates article_translates_name_key; Type: CONSTRAINT; Schema: public; Owner: postgres
--

ALTER TABLE ONLY public.article_translates
    ADD CONSTRAINT article_translates_name_key UNIQUE (name);


--
-- Name: audio audio_pkey; Type: CONSTRAINT; Schema: public; Owner: postgres
--

ALTER TABLE ONLY public.audio
    ADD CONSTRAINT audio_pkey PRIMARY KEY (identifier);


--
-- Name: author author_pkey; Type: CONSTRAINT; Schema: public; Owner: postgres
--

ALTER TABLE ONLY public.author
    ADD CONSTRAINT author_pkey PRIMARY KEY (identifier);


--
-- Name: banner banner_pkey; Type: CONSTRAINT; Schema: public; Owner: postgres
--

ALTER TABLE ONLY public.banner
    ADD CONSTRAINT banner_pkey PRIMARY KEY (identifier);


--
-- Name: category category_identifier_key; Type: CONSTRAINT; Schema: public; Owner: postgres
--

ALTER TABLE ONLY public.category
    ADD CONSTRAINT category_identifier_key UNIQUE (identifier);


--
-- Name: category_translates category_translates_name_key; Type: CONSTRAINT; Schema: public; Owner: postgres
--

ALTER TABLE ONLY public.category_translates
    ADD CONSTRAINT category_translates_name_key UNIQUE (name);


--
-- Name: img_cache img_cache_pkey; Type: CONSTRAINT; Schema: public; Owner: postgres
--

ALTER TABLE ONLY public.img_cache
    ADD CONSTRAINT img_cache_pkey PRIMARY KEY (key);


--
-- Name: img img_path_unique; Type: CONSTRAINT; Schema: public; Owner: postgres
--

ALTER TABLE ONLY public.img
    ADD CONSTRAINT img_path_unique UNIQUE (path);


--
-- Name: img img_pkey; Type: CONSTRAINT; Schema: public; Owner: postgres
--

ALTER TABLE ONLY public.img
    ADD CONSTRAINT img_pkey PRIMARY KEY (identifier);


--
-- Name: links links_path_key; Type: CONSTRAINT; Schema: public; Owner: postgres
--

ALTER TABLE ONLY public.links
    ADD CONSTRAINT links_path_key UNIQUE (path);


--
-- Name: links links_pkey; Type: CONSTRAINT; Schema: public; Owner: postgres
--

ALTER TABLE ONLY public.links
    ADD CONSTRAINT links_pkey PRIMARY KEY (link_id);


--
-- Name: links_translates links_translates_name_key; Type: CONSTRAINT; Schema: public; Owner: postgres
--

ALTER TABLE ONLY public.links_translates
    ADD CONSTRAINT links_translates_name_key UNIQUE (name);


--
-- Name: page page_pkey; Type: CONSTRAINT; Schema: public; Owner: postgres
--

ALTER TABLE ONLY public.page
    ADD CONSTRAINT page_pkey PRIMARY KEY (id);


--
-- Name: page_translates page_translates_name_key; Type: CONSTRAINT; Schema: public; Owner: postgres
--

ALTER TABLE ONLY public.page_translates
    ADD CONSTRAINT page_translates_name_key UNIQUE (name);


--
-- Name: page page_url_key; Type: CONSTRAINT; Schema: public; Owner: postgres
--

ALTER TABLE ONLY public.page
    ADD CONSTRAINT page_url_key UNIQUE (url);


--
-- Name: admin_users_with_roles pk_admin_users_roles; Type: CONSTRAINT; Schema: public; Owner: postgres
--

ALTER TABLE ONLY public.admin_users_with_roles
    ADD CONSTRAINT pk_admin_users_roles PRIMARY KEY (user_id, role_id);


--
-- Name: article_category pk_article_category; Type: CONSTRAINT; Schema: public; Owner: postgres
--

ALTER TABLE ONLY public.article_category
    ADD CONSTRAINT pk_article_category PRIMARY KEY (article_id, category_id);


--
-- Name: article_translates pk_article_translates; Type: CONSTRAINT; Schema: public; Owner: postgres
--

ALTER TABLE ONLY public.article_translates
    ADD CONSTRAINT pk_article_translates PRIMARY KEY (article_id, language);


--
-- Name: author_translates pk_author_translates; Type: CONSTRAINT; Schema: public; Owner: postgres
--

ALTER TABLE ONLY public.author_translates
    ADD CONSTRAINT pk_author_translates PRIMARY KEY (author_id, language);


--
-- Name: category_translates pk_category_translates; Type: CONSTRAINT; Schema: public; Owner: postgres
--

ALTER TABLE ONLY public.category_translates
    ADD CONSTRAINT pk_category_translates PRIMARY KEY (category_id, language);


--
-- Name: img_translates pk_img_translates; Type: CONSTRAINT; Schema: public; Owner: postgres
--

ALTER TABLE ONLY public.img_translates
    ADD CONSTRAINT pk_img_translates PRIMARY KEY (img_id, language);


--
-- Name: links_translates pk_links_translates; Type: CONSTRAINT; Schema: public; Owner: postgres
--

ALTER TABLE ONLY public.links_translates
    ADD CONSTRAINT pk_links_translates PRIMARY KEY (link_id, language);


--
-- Name: page_translates pk_page_translates; Type: CONSTRAINT; Schema: public; Owner: postgres
--

ALTER TABLE ONLY public.page_translates
    ADD CONSTRAINT pk_page_translates PRIMARY KEY (page_id, language);


--
-- Name: translate_entities pk_translate_entities; Type: CONSTRAINT; Schema: public; Owner: postgres
--

ALTER TABLE ONLY public.translate_entities
    ADD CONSTRAINT pk_translate_entities PRIMARY KEY (key, language);


--
-- Name: translate_keys translate_keys_pkey; Type: CONSTRAINT; Schema: public; Owner: postgres
--

ALTER TABLE ONLY public.translate_keys
    ADD CONSTRAINT translate_keys_pkey PRIMARY KEY (identifier);


--
-- Name: language translate_lang_pkey; Type: CONSTRAINT; Schema: public; Owner: postgres
--

ALTER TABLE ONLY public.language
    ADD CONSTRAINT translate_lang_pkey PRIMARY KEY (identifier);


--
-- Name: idx_article_tsv; Type: INDEX; Schema: public; Owner: postgres
--

CREATE INDEX idx_article_tsv ON public.article_translates USING gin (tsv);


--
-- Name: article_translates trg_article_tsvector_update; Type: TRIGGER; Schema: public; Owner: postgres
--

CREATE TRIGGER trg_article_tsvector_update BEFORE INSERT OR UPDATE ON public.article_translates FOR EACH ROW EXECUTE FUNCTION public.article_tsvector_update();


--
-- Name: admin_users_with_roles admin_users_with_roles_role_id_fkey; Type: FK CONSTRAINT; Schema: public; Owner: postgres
--

ALTER TABLE ONLY public.admin_users_with_roles
    ADD CONSTRAINT admin_users_with_roles_role_id_fkey FOREIGN KEY (role_id) REFERENCES public.admin_roles(identifier) ON UPDATE CASCADE ON DELETE CASCADE;


--
-- Name: admin_users_with_roles admin_users_with_roles_user_id_fkey; Type: FK CONSTRAINT; Schema: public; Owner: postgres
--

ALTER TABLE ONLY public.admin_users_with_roles
    ADD CONSTRAINT admin_users_with_roles_user_id_fkey FOREIGN KEY (user_id) REFERENCES public.admin_users(identifier) ON UPDATE CASCADE ON DELETE CASCADE;


--
-- Name: article article_audio_id_fkey; Type: FK CONSTRAINT; Schema: public; Owner: postgres
--

ALTER TABLE ONLY public.article
    ADD CONSTRAINT article_audio_id_fkey FOREIGN KEY (audio_id) REFERENCES public.audio(identifier) ON UPDATE CASCADE;


--
-- Name: article article_author_id_fkey; Type: FK CONSTRAINT; Schema: public; Owner: postgres
--

ALTER TABLE ONLY public.article
    ADD CONSTRAINT article_author_id_fkey FOREIGN KEY (author_id) REFERENCES public.author(identifier) ON UPDATE CASCADE;


--
-- Name: article_category article_category_article_id_fkey; Type: FK CONSTRAINT; Schema: public; Owner: postgres
--

ALTER TABLE ONLY public.article_category
    ADD CONSTRAINT article_category_article_id_fkey FOREIGN KEY (article_id) REFERENCES public.article(identifier) ON UPDATE CASCADE ON DELETE CASCADE;


--
-- Name: article_category article_category_category_id_fkey; Type: FK CONSTRAINT; Schema: public; Owner: postgres
--

ALTER TABLE ONLY public.article_category
    ADD CONSTRAINT article_category_category_id_fkey FOREIGN KEY (category_id) REFERENCES public.category(identifier) ON UPDATE CASCADE ON DELETE CASCADE;


--
-- Name: article article_img_id_fkey; Type: FK CONSTRAINT; Schema: public; Owner: postgres
--

ALTER TABLE ONLY public.article
    ADD CONSTRAINT article_img_id_fkey FOREIGN KEY (img_id) REFERENCES public.img(identifier) ON UPDATE CASCADE;


--
-- Name: article_translates article_translates_article_id_fkey; Type: FK CONSTRAINT; Schema: public; Owner: postgres
--

ALTER TABLE ONLY public.article_translates
    ADD CONSTRAINT article_translates_article_id_fkey FOREIGN KEY (article_id) REFERENCES public.article(identifier) ON UPDATE CASCADE ON DELETE CASCADE;


--
-- Name: article_translates article_translates_language_fkey; Type: FK CONSTRAINT; Schema: public; Owner: postgres
--

ALTER TABLE ONLY public.article_translates
    ADD CONSTRAINT article_translates_language_fkey FOREIGN KEY (language) REFERENCES public.language(identifier) ON UPDATE CASCADE;


--
-- Name: audio_translates audio_translates_audio_id_fkey; Type: FK CONSTRAINT; Schema: public; Owner: postgres
--

ALTER TABLE ONLY public.audio_translates
    ADD CONSTRAINT audio_translates_audio_id_fkey FOREIGN KEY (audio_id) REFERENCES public.audio(identifier) ON UPDATE CASCADE;


--
-- Name: audio_translates audio_translates_language_fkey; Type: FK CONSTRAINT; Schema: public; Owner: postgres
--

ALTER TABLE ONLY public.audio_translates
    ADD CONSTRAINT audio_translates_language_fkey FOREIGN KEY (language) REFERENCES public.language(identifier) ON UPDATE CASCADE;


--
-- Name: author_translates author_translates_author_id_fkey; Type: FK CONSTRAINT; Schema: public; Owner: postgres
--

ALTER TABLE ONLY public.author_translates
    ADD CONSTRAINT author_translates_author_id_fkey FOREIGN KEY (author_id) REFERENCES public.author(identifier) ON UPDATE CASCADE ON DELETE CASCADE;


--
-- Name: author_translates author_translates_language_fkey; Type: FK CONSTRAINT; Schema: public; Owner: postgres
--

ALTER TABLE ONLY public.author_translates
    ADD CONSTRAINT author_translates_language_fkey FOREIGN KEY (language) REFERENCES public.language(identifier) ON UPDATE CASCADE;


--
-- Name: banner banner_img_id_fkey; Type: FK CONSTRAINT; Schema: public; Owner: postgres
--

ALTER TABLE ONLY public.banner
    ADD CONSTRAINT banner_img_id_fkey FOREIGN KEY (img_id) REFERENCES public.img(identifier) ON UPDATE CASCADE;


--
-- Name: category_translates category_translates_category_id_fkey; Type: FK CONSTRAINT; Schema: public; Owner: postgres
--

ALTER TABLE ONLY public.category_translates
    ADD CONSTRAINT category_translates_category_id_fkey FOREIGN KEY (category_id) REFERENCES public.category(identifier) ON UPDATE CASCADE ON DELETE CASCADE;


--
-- Name: category_translates category_translates_language_fkey; Type: FK CONSTRAINT; Schema: public; Owner: postgres
--

ALTER TABLE ONLY public.category_translates
    ADD CONSTRAINT category_translates_language_fkey FOREIGN KEY (language) REFERENCES public.language(identifier) ON UPDATE CASCADE;


--
-- Name: img img_author_id_fkey; Type: FK CONSTRAINT; Schema: public; Owner: postgres
--

ALTER TABLE ONLY public.img
    ADD CONSTRAINT img_author_id_fkey FOREIGN KEY (author_id) REFERENCES public.author(identifier) ON UPDATE CASCADE;


--
-- Name: img_translates img_translates_img_id_fkey; Type: FK CONSTRAINT; Schema: public; Owner: postgres
--

ALTER TABLE ONLY public.img_translates
    ADD CONSTRAINT img_translates_img_id_fkey FOREIGN KEY (img_id) REFERENCES public.img(identifier) ON UPDATE CASCADE ON DELETE CASCADE;


--
-- Name: img_translates img_translates_language_fkey; Type: FK CONSTRAINT; Schema: public; Owner: postgres
--

ALTER TABLE ONLY public.img_translates
    ADD CONSTRAINT img_translates_language_fkey FOREIGN KEY (language) REFERENCES public.language(identifier) ON UPDATE CASCADE ON DELETE CASCADE;


--
-- Name: links_translates links_translates_language_fkey; Type: FK CONSTRAINT; Schema: public; Owner: postgres
--

ALTER TABLE ONLY public.links_translates
    ADD CONSTRAINT links_translates_language_fkey FOREIGN KEY (language) REFERENCES public.language(identifier) ON DELETE CASCADE;


--
-- Name: links_translates links_translates_link_id_fkey; Type: FK CONSTRAINT; Schema: public; Owner: postgres
--

ALTER TABLE ONLY public.links_translates
    ADD CONSTRAINT links_translates_link_id_fkey FOREIGN KEY (link_id) REFERENCES public.links(link_id) ON DELETE CASCADE;


--
-- Name: page_translates page_translates_language_fkey; Type: FK CONSTRAINT; Schema: public; Owner: postgres
--

ALTER TABLE ONLY public.page_translates
    ADD CONSTRAINT page_translates_language_fkey FOREIGN KEY (language) REFERENCES public.language(identifier) ON UPDATE CASCADE;


--
-- Name: page_translates page_translates_page_id_fkey; Type: FK CONSTRAINT; Schema: public; Owner: postgres
--

ALTER TABLE ONLY public.page_translates
    ADD CONSTRAINT page_translates_page_id_fkey FOREIGN KEY (page_id) REFERENCES public.page(id) ON UPDATE CASCADE ON DELETE CASCADE;


--
-- Name: translate_entities translate_entities_key_fkey; Type: FK CONSTRAINT; Schema: public; Owner: postgres
--

ALTER TABLE ONLY public.translate_entities
    ADD CONSTRAINT translate_entities_key_fkey FOREIGN KEY (key) REFERENCES public.translate_keys(identifier) ON UPDATE CASCADE ON DELETE CASCADE;


--
-- Name: translate_entities translate_entities_language_fkey; Type: FK CONSTRAINT; Schema: public; Owner: postgres
--

ALTER TABLE ONLY public.translate_entities
    ADD CONSTRAINT translate_entities_language_fkey FOREIGN KEY (language) REFERENCES public.language(identifier) ON UPDATE CASCADE;


--
-- PostgreSQL database dump complete
--

